zaman_s,omuz_pitch_rad,omuz_roll_rad,dirsek_rad,bilek_pitch_rad,dirsek_hiz_rad_s,bardak_x_m,bardak_y_m,bardak_z_m
0.0,0.00053,0.00022,0.00358,-0.00109,-0.2523,1.518,12.9549,0.8531
0.02,0.00047,0.00011,-0.00214,-0.00298,-0.29765,1.518,12.955,0.853
0.04,0.00037,-0.00107,-0.00779,-0.00544,-0.25395,1.518,12.955,0.853
0.06,0.00015,-0.01045,-0.01221,-0.00783,-0.18003,1.518,12.955,0.853
0.08,0.0,-0.02554,-0.01505,-0.0097,-0.09076,1.518,12.955,0.853
0.1,-9e-05,-0.03871,-0.01605,-0.01071,0.00718,1.518,12.955,0.853
0.12,4e-05,-0.04708,-0.01476,-0.01069,0.13634,1.518,12.955,0.853
0.14,0.00036,-0.04997,-0.01079,-0.0093,0.27102,1.518,12.955,0.853
0.16,0.00078,-0.04743,-0.00433,-0.00635,0.37444,1.518,12.955,0.853
0.18,0.00124,-0.04108,0.0035,-0.00212,0.39833,1.518,12.955,0.853
0.2,0.00154,-0.03265,0.01073,0.0026,0.31214,1.518,12.955,0.853
0.22,0.00152,-0.0232,0.01519,0.00672,0.12877,1.518,12.955,0.853
0.24,0.00112,-0.01273,0.01542,0.00922,-0.10309,1.518,12.955,0.853
0.26,0.00041,-0.01103,0.0111,0.00942,-0.31857,1.518,12.955,0.853
0.28,0.00045,-0.01066,0.00697,0.0073,-0.18356,1.518,12.955,0.853
0.3,-0.0003,-0.01072,0.00359,0.00482,-0.14365,1.518,12.955,0.853
0.32,-0.00055,-0.01075,0.00164,0.00285,-0.05272,1.518,12.955,0.853
0.34,-0.00062,-0.01084,0.00146,0.00181,0.02916,1.518,12.955,0.853
0.36,-0.00065,-0.011,0.00265,0.0017,0.08361,1.518,12.955,0.853
0.38,-0.00066,-0.01123,0.00464,0.00234,0.10786,1.518,12.955,0.853
0.4,-0.00073,-0.0115,0.00679,0.00344,0.10075,1.518,12.955,0.853
0.42,-0.00196,-0.01183,-0.00865,0.01971,-1.30542,1.518,12.955,0.853
0.44,-0.00512,-0.01207,-0.05221,0.05675,-2.64366,1.518,12.955,0.853
0.46,-0.00997,-0.01228,-0.1171,0.10595,-3.48634,1.518,12.955,0.853
0.48,-0.01608,-0.01244,-0.19455,0.16031,-3.94837,1.518,12.955,0.853
0.5,-0.02303,-0.01258,-0.27831,0.2168,-4.15941,1.518,12.955,0.853
0.52,-0.03046,-0.01271,-0.3645,0.27424,-4.22119,1.518,12.955,0.853
0.54,-0.03802,-0.01289,-0.45089,0.3322,-4.20452,1.518,12.955,0.853
0.56,-0.04543,-0.01305,-0.53641,0.39058,-4.15189,1.518,12.955,0.853
0.58,-0.05245,-0.01326,-0.62059,0.44945,-4.08485,1.518,12.955,0.853
0.6,-0.05891,-0.01338,-0.70322,0.50904,-4.00903,1.518,12.955,0.853
0.62,-0.0647,-0.01341,-0.7841,0.56976,-3.92104,1.518,12.955,0.853
0.64,-0.07037,-0.0135,-0.86096,0.63041,-3.65175,1.518,12.955,0.853
0.66,-0.07805,-0.0135,-0.92925,0.68715,-3.12595,1.518,12.955,0.853
0.68,-0.09074,-0.01342,-0.98524,0.7371,-2.46569,1.518,12.955,0.853
0.7,-0.1112,-0.01324,-1.02758,0.78035,-1.78786,1.518,12.955,0.853
0.72,-0.14189,-0.01292,-1.0472,0.81436,0.0004,1.518,12.955,0.853
0.74,-0.18335,-0.01082,-1.0472,0.84777,-0.00011,1.518,12.955,0.853
0.76,-0.23157,-0.00755,-1.0472,0.8892,-0.00062,1.518,12.955,0.853
0.78,-0.27962,-0.00325,-1.04708,0.93237,-0.0039,1.518,12.955,0.853
0.8,-0.32228,0.00204,-1.04605,0.97199,0.07017,1.518,12.955,0.853
0.82,-0.35774,0.00816,-1.04367,1.00576,0.13166,1.518,12.955,0.853
0.84,-0.38597,0.01456,-1.04059,1.03372,0.14715,1.518,12.955,0.853
0.86,-0.40755,0.02031,-1.03773,1.05695,0.11851,1.518,12.955,0.853
0.88,-0.42316,0.02458,-1.03583,1.07678,0.05903,1.518,12.955,0.853
0.9,-0.43351,0.02659,-1.03529,1.09443,-0.01217,1.518,12.955,0.853
0.92,-0.43937,0.02609,-1.03615,1.11083,-0.07852,1.518,12.955,0.853
0.94,-0.44169,0.02329,-1.03819,1.12658,-0.12915,1.518,12.955,0.853
0.96,-0.4415,0.01884,-1.04103,1.14196,-0.15884,1.518,12.955,0.853
0.98,-0.43985,0.01365,-1.04425,1.15697,-0.16673,1.518,12.955,0.853
1.0,-0.43769,0.00825,-1.0472,1.17134,5e-05,1.518,12.955,0.853
1.02,-0.43578,0.00326,-1.0472,1.18433,4e-05,1.518,12.955,0.853
1.04,-0.43455,-0.00146,-1.0472,1.19659,0.00014,1.518,12.955,0.853
1.06,-0.43427,-0.00606,-1.0472,1.20765,0.00011,1.518,12.955,0.853
1.08,-0.43509,-0.01078,-1.0472,1.21724,0.0001,1.518,12.955,0.853
1.1,-0.43707,-0.01301,-1.0472,1.22519,0.00018,1.518,12.955,0.853
1.12,-0.44009,-0.01263,-1.0472,1.23142,3e-05,1.518,12.955,0.853
1.14,-0.44407,-0.01222,-1.0472,1.23589,7e-05,1.518,12.955,0.853
1.16,-0.44891,-0.01181,-1.04718,1.23862,0.00352,1.518,12.955,0.853
1.18,-0.45443,-0.01144,-1.04697,1.23973,0.02007,1.518,12.955,0.853
1.2,-0.46039,-0.01111,-1.04636,1.23951,0.04156,1.518,12.955,0.853
1.22,-0.46645,-0.01085,-1.04532,1.23837,0.06166,1.518,12.955,0.853
1.24,-0.47225,-0.01067,-1.04391,1.23679,0.0772,1.518,12.955,0.853
1.26,-0.47741,-0.01051,-1.04226,1.23523,0.08479,1.518,12.955,0.853
1.28,-0.4816,-0.0104,-1.04056,1.23405,0.08114,1.518,12.955,0.853
1.3,-0.48457,-0.01026,-1.03905,1.23355,0.06677,1.518,12.955,0.853
1.32,-0.48609,-0.01009,-1.03791,1.23396,0.0439,1.518,12.955,0.853
1.34,-0.48598,-0.00991,-1.03727,1.23545,0.01636,1.518,12.955,0.853
1.36,-0.48409,-0.00969,-1.0372,1.23816,-0.01202,1.518,12.955,0.853
1.38,-0.4808,-0.00945,-1.03738,1.242,-0.01249,1.518,12.955,0.853
1.4,-0.47711,-0.00919,-1.03698,1.2465,0.03625,1.518,12.955,0.853
1.42,-0.47362,-0.0089,-1.03532,1.25106,0.10831,1.518,12.955,0.853
1.44,-0.47041,-0.00868,-1.03215,1.25526,0.18492,1.518,12.955,0.853
1.46,-0.46734,-0.00854,-1.02751,1.2588,0.25412,1.518,12.955,0.853
1.48,-0.46431,-0.00845,-1.02166,1.26152,0.30577,1.518,12.955,0.853
1.5,-0.46119,-0.0084,-1.01504,1.26329,0.33156,1.518,12.955,0.853
1.52,-0.45789,-0.00838,-1.0082,1.26408,0.3309,1.518,12.955,0.853
1.54,-0.45432,-0.00831,-1.0016,1.26396,0.31009,1.518,12.955,0.853
1.56,-0.45042,-0.00674,-0.9955,1.26317,0.28239,1.518,12.955,0.853
1.58,-0.44624,-0.00197,-0.98991,1.26202,0.2607,1.518,12.955,0.853
1.6,-0.44186,0.00548,-0.98462,1.26082,0.25189,1.518,12.955,0.853
1.62,-0.43743,0.01473,-0.97936,1.25979,0.25573,1.518,12.955,0.853
1.64,-0.43302,0.02484,-0.97395,1.25917,0.26614,1.518,12.955,0.853
1.66,-0.42862,0.03488,-0.96837,1.25925,0.27337,1.518,12.955,0.853
1.68,-0.4242,0.04383,-0.96277,1.26044,0.2671,1.518,12.955,0.853
1.7,-0.41969,0.05085,-0.95755,1.26321,0.239,1.518,12.955,0.853
1.72,-0.41507,0.05528,-0.95315,1.26799,0.1873,1.518,12.955,0.853
1.74,-0.41026,0.05725,-0.95003,1.27508,0.1144,1.518,12.955,0.853
1.76,-0.40524,0.05692,-0.94853,1.2845,0.02995,1.518,12.955,0.853
1.78,-0.39999,0.05493,-0.94878,1.29606,-0.0571,1.518,12.955,0.853
1.8,-0.39452,0.05184,-0.95073,1.30935,-0.13765,1.518,12.955,0.853
1.82,-0.38884,0.04842,-0.95419,1.32384,-0.20521,1.518,12.955,0.853
1.84,-0.38298,0.04521,-0.95887,1.33895,-0.25788,1.518,12.955,0.853
1.86,-0.37699,0.04246,-0.96447,1.35406,-0.29576,1.518,12.955,0.853
1.88,-0.37092,0.04008,-0.97075,1.36865,-0.32182,1.518,12.955,0.853
1.9,-0.36482,0.03785,-0.9775,1.3823,-0.34201,1.518,12.955,0.853
1.92,-0.35867,0.03534,-0.98466,1.39474,-0.35946,1.518,12.955,0.853
1.94,-0.35248,0.03227,-0.9922,1.40588,-0.37809,1.518,12.955,0.853
1.96,-0.3462,0.02848,-1.00017,1.41581,-0.40053,1.518,12.955,0.853
1.98,-0.33986,0.02397,-1.00865,1.42473,-0.42698,1.518,12.955,0.853
2.0,-0.33356,0.01889,-1.0177,1.43297,-0.45478,1.518,12.955,0.853
2.02,-0.32784,0.01337,-1.02685,1.44055,-0.44118,1.518,12.955,0.853
2.04,-0.32343,0.00748,-1.03521,1.44707,-0.38262,1.518,12.955,0.853
2.06,-0.32065,0.00128,-1.04206,1.45235,-0.29541,1.518,12.955,0.853
2.08,-0.31945,-0.00524,-1.04704,1.45654,-0.19832,1.518,12.955,0.853
2.1,-0.31959,-0.01223,-1.0472,1.45931,7e-05,1.518,12.955,0.853
2.12,-0.32089,-0.01979,-1.0472,1.46255,8e-05,1.518,12.955,0.853
2.14,-0.32292,-0.02678,-1.04713,1.46631,0.0136,1.518,12.955,0.853
2.16,-0.32542,-0.02601,-1.04665,1.47052,0.04054,1.518,12.955,0.853
2.18,-0.32804,-0.02518,-1.04562,1.47518,0.06736,1.518,12.955,0.853
2.2,-0.33063,-0.02426,-1.04412,1.48026,0.08587,1.518,12.955,0.853
2.22,-0.33298,-0.02334,-1.04238,1.4857,0.09251,1.518,12.955,0.853
2.24,-0.33489,-0.02243,-1.04063,1.49145,0.08638,1.518,12.955,0.853
2.26,-0.33641,-0.02153,-1.03898,1.49718,0.08154,1.518,12.955,0.853
2.28,-0.33818,-0.02067,-1.03694,1.50214,0.11679,1.518,12.955,0.853
2.3,-0.3406,-0.01982,-1.03393,1.50556,0.17399,1.518,12.955,0.853
2.32,-0.34366,-0.01901,-1.02966,1.50697,0.23765,1.518,12.955,0.853
2.34,-0.34715,-0.01833,-1.02411,1.50617,0.30038,1.518,12.955,0.853
2.36,-0.35088,-0.01772,-1.01735,1.50316,0.35672,1.518,12.955,0.853
2.38,-0.35463,-0.01719,-1.00954,1.498,0.40433,1.518,12.955,0.853
2.4,-0.35824,-0.01676,-1.00087,1.49087,0.4414,1.518,12.955,0.853
2.42,-0.36155,-0.01636,-0.9916,1.48204,0.46483,1.518,12.955,0.853
2.44,-0.36445,-0.016,-0.98202,1.47188,0.47313,1.518,12.955,0.853
2.46,-0.36686,-0.01565,-0.97245,1.46076,0.46489,1.518,12.955,0.853
2.48,-0.36871,-0.01527,-0.9632,1.44903,0.44348,1.518,12.955,0.853
2.5,-0.36999,-0.01482,-0.95448,1.4371,0.41423,1.518,12.955,0.853
2.52,-0.37073,-0.01431,-0.94636,1.42529,0.38426,1.518,12.955,0.853
2.54,-0.371,-0.01187,-0.93881,1.41391,0.35828,1.518,12.955,0.853
2.56,-0.37087,-0.0072,-0.93173,1.40316,0.33755,1.518,12.955,0.853
2.58,-0.37037,-0.0012,-0.92504,1.39316,0.32024,1.518,12.955,0.853
2.6,-0.36956,0.00524,-0.91872,1.38401,0.3005,1.518,12.955,0.853
2.62,-0.36842,0.01138,-0.91289,1.37581,0.27265,1.518,12.955,0.853
2.64,-0.36692,0.01683,-0.90777,1.36875,0.23251,1.518,12.955,0.853
2.66,-0.36505,0.02124,-0.90364,1.36299,0.17745,1.518,12.955,0.853
2.68,-0.36282,0.02462,-0.90078,1.3587,0.10875,1.518,12.955,0.853
2.7,-0.36027,0.02696,-0.89942,1.35598,0.03075,1.518,12.955,0.853
2.72,-0.35743,0.02848,-0.89969,1.35485,-0.05055,1.518,12.955,0.853
2.74,-0.35434,0.02936,-0.90159,1.35527,-0.12914,1.518,12.955,0.853
2.76,-0.35103,0.02962,-0.905,1.35708,-0.20012,1.518,12.955,0.853
2.78,-0.34754,0.0295,-0.90974,1.36013,-0.26016,1.518,12.955,0.853
2.8,-0.34389,0.02893,-0.91558,1.3642,-0.30848,1.518,12.955,0.853
2.82,-0.34009,0.02784,-0.92228,1.36912,-0.34603,1.518,12.955,0.853
2.84,-0.33615,0.02621,-0.92966,1.3747,-0.37476,1.518,12.955,0.853
2.86,-0.33207,0.02413,-0.93756,1.38082,-0.3974,1.518,12.955,0.853
2.88,-0.3279,0.02151,-0.94588,1.3874,-0.41591,1.518,12.955,0.853
2.9,-0.32365,0.01834,-0.95455,1.3944,-0.43106,1.518,12.955,0.853
2.92,-0.31937,0.01465,-0.96348,1.4018,-0.44234,1.518,12.955,0.853
2.94,-0.31515,0.01033,-0.97259,1.40961,-0.44826,1.518,12.955,0.853
2.96,-0.31104,0.00549,-0.98176,1.41785,-0.44768,1.518,12.955,0.853
2.98,-0.30712,0.0002,-0.99081,1.42652,-0.43893,1.518,12.955,0.853
3.0,-0.30347,-0.00553,-0.99959,1.4356,-0.42083,1.518,12.955,0.853
3.02,-0.30018,-0.01171,-1.00788,1.44501,-0.39244,1.518,12.955,0.853
3.04,-0.29729,-0.018,-1.01548,1.45466,-0.35412,1.518,12.955,0.853
3.06,-0.29489,-0.02399,-1.02219,1.46442,-0.30453,1.518,12.955,0.853
3.08,-0.293,-0.02376,-1.02777,1.47414,-0.24567,1.518,12.955,0.853
3.1,-0.29156,-0.02352,-1.03201,1.48357,-0.17524,1.518,12.955,0.853
3.12,-0.29061,-0.02324,-1.03478,1.49239,-0.10143,1.518,12.955,0.853
3.14,-0.29009,-0.02295,-1.03606,1.50036,-0.02974,1.518,12.955,0.853
3.16,-0.28994,-0.02265,-1.03594,1.50726,0.03635,1.518,12.955,0.853
3.18,-0.29008,-0.02235,-1.03454,1.51291,0.09495,1.518,12.955,0.853
3.2,-0.29045,-0.02208,-1.03203,1.51719,0.1461,1.518,12.955,0.853
3.22,-0.29096,-0.02181,-1.02855,1.51997,0.19051,1.518,12.955,0.853
3.24,-0.29153,-0.02159,-1.02422,1.5212,0.22862,1.518,12.955,0.853
3.26,-0.29212,-0.02137,-1.01918,1.52088,0.26169,1.518,12.955,0.853
3.28,-0.29266,-0.02116,-1.01352,1.51908,0.28918,1.518,12.955,0.853
3.3,-0.29311,-0.02099,-1.00738,1.51592,0.30951,1.518,12.955,0.853
3.32,-0.29346,-0.02082,-1.00092,1.51155,0.32088,1.518,12.955,0.853
3.34,-0.29368,-0.02066,-0.99434,1.50618,0.32303,1.518,12.955,0.853
3.36,-0.29375,-0.0205,-0.98782,1.50005,0.31621,1.518,12.955,0.853
3.38,-0.29369,-0.02027,-0.98151,1.49339,0.30275,1.518,12.955,0.853
3.4,-0.29347,-0.02001,-0.97552,1.48645,0.28579,1.518,12.955,0.853
3.42,-0.29277,-0.01116,-0.97059,1.4803,0.20099,1.518,12.955,0.853
3.44,-0.29221,0.00271,-0.9677,1.47536,0.08719,1.518,12.955,0.853
3.46,-0.2922,0.01852,-0.96708,1.47096,-0.02223,1.518,12.955,0.853
3.48,-0.29261,0.03493,-0.96841,1.46638,-0.10563,1.518,12.955,0.853
3.5,-0.29323,0.05084,-0.97105,1.46134,-0.15259,1.518,12.955,0.853
3.52,-0.29389,0.06375,-0.97422,1.45599,-0.15823,1.518,12.955,0.853
3.54,-0.29438,0.07334,-0.97713,1.45087,-0.12858,1.518,12.955,0.853
3.56,-0.29464,0.07393,-0.979,1.44663,-0.05838,1.518,12.955,0.853
3.58,-0.29478,0.05934,-0.97901,1.44379,0.05958,1.518,12.955,0.853
3.6,-0.29425,0.03298,-0.97624,1.4429,0.21231,1.518,12.955,0.853
3.62,-0.29261,0.0027,-0.97057,1.44438,0.34412,1.518,12.955,0.853
3.64,-0.29067,0.00344,-0.96253,1.4482,0.4424,1.518,12.955,0.853
3.66,-0.28855,0.00418,-0.95309,1.45414,0.48973,1.518,12.955,0.853
3.68,-0.28698,0.0049,-0.94324,1.46167,0.48546,1.518,12.955,0.853
3.7,-0.28582,0.00608,-0.93402,1.47001,0.42954,1.518,12.955,0.853
3.72,-0.28514,0.00793,-0.9265,1.47839,0.31535,1.518,12.955,0.853
3.74,-0.28528,0.01058,-0.92182,1.48587,0.1474,1.518,12.955,0.853
3.76,-0.28634,0.01381,-0.92078,1.49137,-0.04357,1.518,12.955,0.853
3.78,-0.2881,0.01753,-0.92343,1.49405,-0.21944,1.518,12.955,0.853
3.8,-0.29024,0.02159,-0.9292,1.49353,-0.35497,1.518,12.955,0.853
3.82,-0.29249,0.02577,-0.93716,1.48991,-0.44252,1.518,12.955,0.853
3.84,-0.29486,0.02977,-0.94643,1.48357,-0.48913,1.518,12.955,0.853
3.86,-0.29373,0.03427,-0.95598,1.47495,-0.44538,1.518,12.955,0.853
3.88,-0.28898,0.03922,-0.96357,1.4683,-0.32618,1.518,12.955,0.853
3.9,-0.2869,0.04248,-0.96972,1.4646,-0.30371,1.518,12.955,0.853
3.92,-0.28573,0.04505,-0.97549,1.46182,-0.27619,1.518,12.955,0.853
3.94,-0.28466,0.05287,-0.98046,1.4592,-0.22578,1.518,12.955,0.853
3.96,-0.2835,0.06307,-0.98431,1.45683,-0.16782,1.518,12.955,0.853
3.98,-0.28255,0.0733,-0.98702,1.45496,-0.11516,1.518,12.955,0.853
4.0,-0.28226,0.08207,-0.98894,1.45331,-0.08841,1.518,12.955,0.853
4.02,-0.28283,0.08816,-0.99066,1.45125,-0.0908,1.518,12.955,0.853
4.04,-0.28414,0.0904,-0.99263,1.44831,-0.10871,1.518,12.955,0.853
4.06,-0.2859,0.08751,-0.99497,1.44432,-0.12276,1.518,12.955,0.853
4.08,-0.28778,0.07809,-0.99749,1.43947,-0.12159,1.518,12.955,0.853
4.1,-0.28962,0.06091,-0.99986,1.43412,-0.10665,1.518,12.955,0.853
4.12,-0.29193,9e-05,-1.00139,1.42874,-0.0213,1.518,12.955,0.853
4.14,-0.293,-0.00779,-0.99945,1.42526,0.21828,1.518,12.955,0.853
4.16,-0.28916,-0.0036,-0.99239,1.42579,0.48917,1.518,12.955,0.853
4.18,-0.28422,0.00145,-0.98037,1.43127,0.69735,1.518,12.955,0.853
4.2,-0.28106,0.00672,-0.96551,1.44113,0.7697,1.518,12.955,0.853
4.22,-0.27994,0.01158,-0.95088,1.45324,0.67887,1.518,12.955,0.853
4.24,-0.27954,0.01573,-0.9392,1.46521,0.4891,1.518,12.955,0.853
4.26,-0.27937,0.01747,-0.93169,1.47561,0.26846,1.518,12.955,0.853
4.28,-0.27964,0.01584,-0.92856,1.48363,0.05425,1.518,12.955,0.853
4.3,-0.28057,0.01295,-0.92943,1.48881,-0.13199,1.518,12.955,0.853
4.32,-0.28219,0.01003,-0.93359,1.4909,-0.27531,1.518,12.955,0.853
4.34,-0.2843,0.00739,-0.94009,1.48998,-0.36791,1.518,12.955,0.853
4.36,-0.28655,0.00528,-0.94787,1.48642,-0.40713,1.518,12.955,0.853
4.38,-0.28868,0.00434,-0.95593,1.48085,-0.40041,1.518,12.955,0.853
4.4,-0.29061,0.00552,-0.96345,1.47399,-0.35519,1.518,12.955,0.853
4.42,-0.29228,0.00973,-0.96965,1.46648,-0.26758,1.518,12.955,0.853
4.44,-0.28867,0.01684,-0.97337,1.45935,-0.07877,1.518,12.955,0.853
4.46,-0.2793,0.01817,-0.97336,1.45713,0.04054,1.518,12.955,0.853
4.48,-0.27606,0.01948,-0.97238,1.45871,0.03709,1.518,12.955,0.853
4.5,-0.27528,0.02065,-0.97186,1.46101,0.01143,1.518,12.955,0.853
4.52,-0.27501,0.01888,-0.97187,1.46305,-0.01458,1.518,12.955,0.853
4.54,-0.275,0.02178,-0.97236,1.46422,-0.03575,1.518,12.955,0.853
4.56,-0.27516,0.02956,-0.97325,1.46408,-0.05205,1.518,12.955,0.853
4.58,-0.27521,0.03788,-0.97432,1.46296,-0.05266,1.518,12.955,0.853
4.6,-0.2751,0.04434,-0.97524,1.46151,-0.03699,1.518,12.955,0.853
4.62,-0.27487,0.04796,-0.9758,1.46022,-0.01718,1.518,12.955,0.853
4.64,-0.27468,0.04825,-0.97607,1.45928,-0.00904,1.518,12.955,0.853
4.66,-0.27472,0.04526,-0.97632,1.45863,-0.01341,1.518,12.955,0.853
4.68,-0.27516,0.03919,-0.97687,1.45804,-0.03766,1.518,12.955,0.853
4.7,-0.27615,0.03063,-0.97807,1.45719,-0.07649,1.518,12.955,0.853
4.72,-0.27764,0.02093,-0.98012,1.45575,-0.11935,1.518,12.955,0.853
4.74,-0.27939,0.01176,-0.98294,1.45359,-0.15283,1.518,12.955,0.853
4.76,-0.28108,0.00483,-0.98627,1.45085,-0.16995,1.518,12.955,0.853
4.78,-0.2827,-0.00046,-0.98949,1.4478,-0.12316,1.518,12.955,0.853
4.8,-0.28399,0.00232,-0.98872,1.44452,0.1549,1.518,12.955,0.853
4.82,-0.28082,0.00476,-0.98353,1.44432,0.35744,1.518,12.955,0.853
4.84,-0.27693,0.00719,-0.9747,1.44826,0.50912,1.518,12.955,0.853
4.86,-0.27397,0.00925,-0.96388,1.45504,0.55458,1.518,12.955,0.853
4.88,-0.27236,0.01079,-0.95326,1.46317,0.49228,1.518,12.955,0.853
4.9,-0.27193,0.0117,-0.94469,1.47135,0.35881,1.518,12.955,0.853
4.92,-0.27221,0.01207,-0.93911,1.47865,0.19997,1.518,12.955,0.853
4.94,-0.27277,0.01202,-0.93665,1.4845,0.05119,1.518,12.955,0.853
4.96,-0.27332,0.01161,-0.93689,1.48859,-0.06929,1.518,12.955,0.853
4.98,-0.27377,0.0109,-0.9392,1.49087,-0.15561,1.518,12.955,0.853
5.0,-0.27413,0.0099,-0.94291,1.49142,-0.21078,1.518,12.955,0.853
5.02,-0.27443,0.00862,-0.94744,1.49046,-0.2392,1.518,12.955,0.853
5.04,-0.27434,0.00721,-0.95227,1.48826,-0.23441,1.518,12.955,0.853
5.06,-0.27382,0.00592,-0.9567,1.48554,-0.21029,1.518,12.955,0.853
5.08,-0.27369,0.00461,-0.96074,1.48274,-0.19487,1.518,12.955,0.853
5.1,-0.27367,0.0034,-0.96445,1.47985,-0.17688,1.518,12.955,0.853
5.12,-0.2736,0.00233,-0.96776,1.47699,-0.1548,1.518,12.955,0.853
5.14,-0.27343,0.00148,-0.97062,1.47431,-0.13105,1.518,12.955,0.853
5.16,-0.27318,0.00086,-0.97298,1.47193,-0.10599,1.518,12.955,0.853
5.18,-0.27288,0.00045,-0.97485,1.46995,-0.08133,1.518,12.955,0.853
5.2,-0.2726,0.00026,-0.97626,1.4684,-0.05895,1.518,12.955,0.853
5.22,-0.27235,0.00026,-0.97724,1.46727,-0.03912,1.518,12.955,0.853
5.24,-0.27215,0.00043,-0.97784,1.46654,-0.02099,1.518,12.955,0.853
5.26,-0.27202,0.00076,-0.97809,1.46616,-0.00392,1.518,12.955,0.853
5.28,-0.27192,0.00269,-0.97801,1.46611,0.01235,1.518,12.955,0.853
5.3,-0.27179,0.00711,-0.9776,1.46636,0.02878,1.518,12.955,0.853
5.32,-0.2716,0.01276,-0.97686,1.46695,0.04404,1.518,12.955,0.853
5.34,-0.27137,0.01846,-0.97585,1.46787,0.05602,1.518,12.955,0.853
5.36,-0.27113,0.02325,-0.97465,1.46906,0.06144,1.518,12.955,0.853
5.38,-0.27091,0.02663,-0.97344,1.47042,0.05801,1.518,12.955,0.853
5.4,-0.27074,0.02828,-0.97238,1.47181,0.0465,1.518,12.955,0.853
5.42,-0.27065,0.02811,-0.97163,1.47306,0.02823,1.518,12.955,0.853
5.44,-0.27065,0.02616,-0.97128,1.47404,0.00635,1.518,12.955,0.853
5.46,-0.27066,0.02253,-0.97139,1.47465,-0.01614,1.518,12.955,0.853
5.48,-0.27067,0.01746,-0.97191,1.47484,-0.03441,1.518,12.955,0.853
5.5,-0.27068,0.01111,-0.97274,1.47464,-0.04724,1.518,12.955,0.853
5.52,-0.2707,0.00634,-0.97375,1.4741,-0.05096,1.518,12.955,0.853
5.54,-0.2706,0.0069,-0.97474,1.47333,-0.0467,1.518,12.955,0.853
5.56,-0.27034,0.00746,-0.97555,1.47254,-0.03455,1.518,12.955,0.853
5.58,-0.26998,0.00798,-0.97609,1.47186,-0.01905,1.518,12.955,0.853
5.6,-0.26957,0.00846,-0.97631,1.47137,-0.00373,1.518,12.955,0.853
5.62,-0.26914,0.00889,-0.97624,1.4711,0.01002,1.518,12.955,0.853
5.64,-0.2687,0.00926,-0.97594,1.47106,0.02027,1.518,12.955,0.853
5.66,-0.26827,0.00957,-0.97545,1.47112,0.02709,1.518,12.955,0.853
5.68,-0.26786,0.00981,-0.97489,1.4714,0.02946,1.518,12.955,0.853
5.7,-0.26747,0.01003,-0.97429,1.47186,0.03061,1.518,12.955,0.853
5.72,-0.26711,0.01021,-0.97368,1.47242,0.02972,1.518,12.955,0.853
5.74,-0.26677,0.01038,-0.97311,1.47306,0.02727,1.518,12.955,0.853
5.76,-0.26647,0.0105,-0.97261,1.47373,0.0233,1.518,12.955,0.853
5.78,-0.2662,0.0106,-0.97218,1.47442,0.01923,1.518,12.955,0.853
5.8,-0.26597,0.01068,-0.97185,1.47511,0.01425,1.518,12.955,0.853
5.82,-0.26579,0.01073,-0.97162,1.47576,0.00908,1.518,12.955,0.853
5.84,-0.26565,0.01077,-0.97151,1.47637,0.00302,1.518,12.955,0.853
5.86,-0.26556,0.01081,-0.97151,1.4769,-6e-05,1.518,12.955,0.853
5.88,-0.26555,0.01086,-0.97162,1.47732,-0.00937,1.518,12.955,0.853
5.9,-0.26556,0.01097,-0.97189,1.47763,-0.01688,1.518,12.955,0.853
5.92,-0.26564,0.01111,-0.97229,1.47781,-0.02239,1.518,12.955,0.853
5.94,-0.26577,0.01126,-0.97278,1.47785,-0.02571,1.518,12.955,0.853
5.96,-0.26592,0.01147,-0.97332,1.47783,-0.0278,1.518,12.955,0.853
5.98,-0.26605,0.0117,-0.97387,1.47781,-0.02648,1.518,12.955,0.853
6.0,-0.26613,0.01295,-0.97433,1.47779,-0.02016,1.518,12.955,0.853
6.02,-0.26612,0.01571,-0.97464,1.47778,-0.01023,1.518,12.955,0.853
6.04,-0.26604,0.01895,-0.97472,1.47778,0.00034,1.518,12.955,0.853
6.06,-0.26586,0.02186,-0.97467,1.47781,0.00644,1.518,12.955,0.853
6.08,-0.26566,0.02382,-0.97451,1.4779,0.00802,1.518,12.955,0.853
6.1,-0.26548,0.02449,-0.97437,1.47814,0.00474,1.518,12.955,0.853
6.12,-0.26532,0.02376,-0.97434,1.4784,6e-05,1.518,12.955,0.853
6.14,-0.26522,0.02155,-0.97445,1.47858,-0.01081,1.518,12.955,0.853
6.16,-0.26514,0.01792,-0.97478,1.4786,-0.02322,1.518,12.955,0.853
6.18,-0.26511,0.01293,-0.97535,1.47849,-0.0327,1.518,12.955,0.853
6.2,-0.2651,0.01307,-0.97605,1.47811,-0.03692,1.518,12.955,0.853
6.22,-0.26499,0.01329,-0.97681,1.47757,-0.03876,1.518,12.955,0.853
6.24,-0.26478,0.01354,-0.97756,1.47696,-0.0354,1.518,12.955,0.853
6.26,-0.26453,0.01381,-0.9782,1.47635,-0.02761,1.518,12.955,0.853
6.28,-0.26425,0.01406,-0.97864,1.4758,-0.0169,1.518,12.955,0.853
6.3,-0.26394,0.01427,-0.97886,1.47536,-0.00504,1.518,12.955,0.853
6.32,-0.26359,0.01445,-0.97882,1.47507,0.00738,1.518,12.955,0.853
6.34,-0.26322,0.0146,-0.97857,1.47498,0.01629,1.518,12.955,0.853
6.36,-0.26284,0.01471,-0.97816,1.47501,0.02449,1.518,12.955,0.853
6.38,-0.26245,0.01478,-0.97763,1.47521,0.0281,1.518,12.955,0.853
6.4,-0.26209,0.01485,-0.97706,1.47559,0.02852,1.518,12.955,0.853
6.42,-0.26176,0.0149,-0.97649,1.47609,0.028,1.518,12.955,0.853
6.44,-0.26145,0.01495,-0.97595,1.47667,0.02609,1.518,12.955,0.853
6.46,-0.26118,0.01498,-0.97546,1.4773,0.02277,1.518,12.955,0.853
6.48,-0.26094,0.01499,-0.97505,1.47793,0.01843,1.518,12.955,0.853
6.5,-0.26075,0.01499,-0.97473,1.47856,0.01338,1.518,12.955,0.853
6.52,-0.26062,0.015,-0.97453,1.47915,0.00758,1.518,12.955,0.853
6.54,-0.26053,0.015,-0.97444,1.47969,0.0,1.518,12.955,0.853
6.56,-0.26051,0.015,-0.97446,1.48014,-0.00011,1.518,12.955,0.853
6.58,-0.26052,0.01503,-0.97457,1.48047,-0.00937,1.518,12.955,0.853
6.6,-0.26059,0.01506,-0.97483,1.48071,-0.01545,1.518,12.955,0.853
6.62,-0.26071,0.01515,-0.97518,1.48085,-0.01824,1.518,12.955,0.853
6.64,-0.26084,0.01525,-0.97558,1.48084,-0.02115,1.518,12.955,0.853
6.66,-0.26097,0.01538,-0.97601,1.48083,-0.02122,1.518,12.955,0.853
6.68,-0.26107,0.01553,-0.97641,1.48083,-0.01839,1.518,12.955,0.853
6.7,-0.26113,0.01571,-0.97673,1.48082,-0.01378,1.518,12.955,0.853
6.72,-0.26114,0.01591,-0.97694,1.48081,-0.00758,1.518,12.955,0.853
6.74,-0.26113,0.01612,-0.97702,1.48081,0.00017,1.518,12.955,0.853
6.76,-0.26107,0.01634,-0.97701,1.48083,0.00049,1.518,12.955,0.853
6.78,-0.26093,0.01654,-0.97699,1.48085,0.00057,1.518,12.955,0.853
6.8,-0.26079,0.01678,-0.97698,1.48087,0.00033,1.518,12.955,0.853
6.82,-0.26065,0.01703,-0.97698,1.48089,0.00019,1.518,12.955,0.853
6.84,-0.26052,0.01729,-0.97699,1.48091,-4e-05,1.518,12.955,0.853
6.86,-0.26037,0.01756,-0.97709,1.48091,-0.0091,1.518,12.955,0.853
6.88,-0.2602,0.01782,-0.97735,1.48091,-0.01625,1.518,12.955,0.853
6.9,-0.26,0.01807,-0.97772,1.4809,-0.02058,1.518,12.955,0.853
6.92,-0.25978,0.01826,-0.97816,1.48087,-0.0227,1.518,12.955,0.853
6.94,-0.25952,0.01842,-0.9786,1.48082,-0.02039,1.518,12.955,0.853
6.96,-0.25923,0.01854,-0.97897,1.48062,-0.01725,1.518,12.955,0.853
6.98,-0.25894,0.01861,-0.97928,1.48036,-0.01327,1.518,12.955,0.853
7.0,-0.25864,0.01863,-0.97951,1.4801,-0.01032,1.518,12.955,0.853
7.02,-0.25835,0.01859,-0.97969,1.47987,-0.00707,1.518,12.955,0.853
7.04,-0.25806,0.0185,-0.97979,1.47968,-0.00346,1.518,12.955,0.853
7.06,-0.25779,0.01838,-0.97982,1.47954,-0.00025,1.518,12.955,0.853
7.08,-0.25754,0.01824,-0.97981,1.4795,0.00014,1.518,12.955,0.853
7.1,-0.25729,0.01809,-0.97979,1.4795,0.00279,1.518,12.955,0.853
7.12,-0.25706,0.01793,-0.97969,1.47952,0.00754,1.518,12.955,0.853
7.14,-0.25687,0.01776,-0.97951,1.47955,0.01055,1.518,12.955,0.853
7.16,-0.25671,0.01759,-0.97931,1.47963,0.01067,1.518,12.955,0.853
7.18,-0.25658,0.01744,-0.97911,1.47987,0.01029,1.518,12.955,0.853
7.2,-0.25649,0.01731,-0.97892,1.48017,0.0096,1.518,12.955,0.853
7.22,-0.25643,0.01719,-0.97874,1.48053,0.00907,1.518,12.955,0.853
7.24,-0.25642,0.01709,-0.97858,1.48089,0.00751,1.518,12.955,0.853
7.26,-0.25643,0.01705,-0.97846,1.48125,0.00551,1.518,12.955,0.853
7.28,-0.25644,0.01704,-0.97839,1.48157,0.00258,1.518,12.955,0.853
7.3,-0.25651,0.01706,-0.97838,1.48186,7e-05,1.518,12.955,0.853
7.32,-0.25661,0.01712,-0.97839,1.48209,8e-05,1.518,12.955,0.853
7.34,-0.25672,0.0172,-0.97839,1.48228,0.00014,1.518,12.955,0.853
7.36,-0.25681,0.0173,-0.9784,1.48243,5e-05,1.518,12.955,0.853
7.38,-0.25687,0.01743,-0.9784,1.48258,4e-05,1.518,12.955,0.853
7.4,-0.25687,0.01758,-0.9784,1.48276,6e-05,1.518,12.955,0.853
7.42,-0.25686,0.01774,-0.97839,1.48298,7e-05,1.518,12.955,0.853
7.44,-0.25685,0.01795,-0.97837,1.48323,1e-05,1.518,12.955,0.853
7.46,-0.25679,0.01814,-0.97836,1.4835,6e-05,1.518,12.955,0.853
7.48,-0.25669,0.01834,-0.97835,1.48374,0.00031,1.518,12.955,0.853
7.5,-0.25656,0.01856,-0.97834,1.48394,-0.00011,1.518,12.955,0.853
7.52,-0.25643,0.01878,-0.97835,1.48408,-0.00012,1.518,12.955,0.853
7.54,-0.25629,0.01897,-0.97837,1.48411,-0.00245,1.518,12.955,0.853
7.56,-0.25614,0.01914,-0.9785,1.4841,-0.01072,1.518,12.955,0.853
7.58,-0.25595,0.01929,-0.97878,1.48409,-0.01643,1.518,12.955,0.853
7.6,-0.25574,0.01941,-0.97914,1.48409,-0.01958,1.518,12.955,0.853
7.62,-0.25551,0.01948,-0.97953,1.48403,-0.01932,1.518,12.955,0.853
7.64,-0.25525,0.0195,-0.9799,1.48382,-0.01748,1.518,12.955,0.853
7.66,-0.25498,0.01946,-0.98024,1.48354,-0.01648,1.518,12.955,0.853
7.68,-0.25472,0.01937,-0.98055,1.48324,-0.01479,1.518,12.955,0.853
7.7,-0.25446,0.01927,-0.98082,1.48295,-0.01281,1.518,12.955,0.853
7.72,-0.25422,0.01912,-0.98104,1.48269,-0.00941,1.518,12.955,0.853
7.74,-0.25398,0.01892,-0.98119,1.48247,-0.00646,1.518,12.955,0.853
7.76,-0.25377,0.01873,-0.98129,1.4823,-0.0035,1.518,12.955,0.853
7.78,-0.25357,0.01853,-0.98131,1.48218,-0.0003,1.518,12.955,0.853
7.8,-0.2534,0.01833,-0.98131,1.48216,-3e-05,1.518,12.955,0.853
7.82,-0.25324,0.01811,-0.98129,1.48217,0.00017,1.518,12.955,0.853
7.84,-0.2531,0.01793,-0.98127,1.48219,0.00045,1.518,12.955,0.853
7.86,-0.25298,0.01776,-0.98125,1.48221,0.00025,1.518,12.955,0.853
7.88,-0.25292,0.01761,-0.98122,1.48224,0.0006,1.518,12.955,0.853
7.9,-0.25291,0.01747,-0.9812,1.48237,-9e-05,1.518,12.955,0.853
7.92,-0.25291,0.01737,-0.98119,1.4826,1e-05,1.518,12.955,0.853
7.94,-0.25292,0.0173,-0.98117,1.48286,2e-05,1.518,12.955,0.853
7.96,-0.25298,0.01728,-0.98116,1.48311,-3e-05,1.518,12.955,0.853
7.98,-0.25308,0.0173,-0.98114,1.48334,-0.00021,1.518,12.955,0.853
8.0,-0.25317,0.01736,-0.98112,1.48357,-5e-05,1.518,12.955,0.853
8.02,-0.25326,0.01746,-0.98109,1.4838,0.00254,1.518,12.955,0.853
8.04,-0.25332,0.01756,-0.98097,1.48399,0.00852,1.518,12.955,0.853
8.06,-0.25334,0.01768,-0.98077,1.48419,0.01097,1.518,12.955,0.853
8.08,-0.25334,0.01784,-0.98054,1.48442,0.01179,1.518,12.955,0.853
8.1,-0.25334,0.018,-0.98031,1.48467,0.01125,1.518,12.955,0.853
8.12,-0.25088,0.01808,-0.98149,1.48083,-0.09622,1.518,12.955,0.853
8.14,-0.2466,0.01812,-0.98343,1.47454,-0.0905,1.518,12.955,0.853
8.16,-0.24273,0.01818,-0.98491,1.46883,-0.05942,1.518,12.955,0.853
8.18,-0.23985,0.01833,-0.98574,1.46425,-0.02561,1.518,12.955,0.853
8.2,-0.23787,0.01852,-0.98603,1.46069,-0.00872,1.518,12.955,0.853
8.22,-0.23653,0.01872,-0.98609,1.45793,0.00303,1.518,12.955,0.853
8.24,-0.23606,0.0189,-0.98597,1.45611,0.00808,1.518,12.955,0.853
8.26,-0.23604,0.01903,-0.98575,1.455,0.01247,1.518,12.955,0.853
8.28,-0.2361,0.01911,-0.9854,1.4542,0.01873,1.518,12.955,0.853
8.3,-0.23622,0.01911,-0.9849,1.45358,0.02717,1.518,12.955,0.853
8.32,-0.23638,0.01905,-0.98421,1.45311,0.03538,1.518,12.955,0.853
8.34,-0.23658,0.01895,-0.98326,1.45274,0.05061,1.518,12.955,0.853
8.36,-0.2368,0.01882,-0.98198,1.45242,0.06682,1.518,12.955,0.853
8.38,-0.23699,0.01866,-0.9803,1.45207,0.08776,1.518,12.955,0.853
8.4,-0.2371,0.01849,-0.97814,1.4516,0.11363,1.518,12.955,0.853
8.42,-0.23711,0.0183,-0.97542,1.45095,0.14203,1.518,12.955,0.853
8.44,-0.23696,0.0181,-0.97206,1.45006,0.17601,1.518,12.955,0.853
8.46,-0.23664,0.01789,-0.96801,1.4489,0.20888,1.518,12.955,0.853
8.48,-0.23619,0.0177,-0.96329,1.44745,0.24072,1.518,12.955,0.853
8.5,-0.23565,0.0175,-0.95794,1.44572,0.27144,1.518,12.955,0.853
8.52,-0.23503,0.01735,-0.952,1.44371,0.29854,1.518,12.955,0.853
8.54,-0.23436,0.01724,-0.94551,1.44139,0.32556,1.518,12.955,0.853
8.56,-0.23367,0.01715,-0.93849,1.43876,0.34919,1.518,12.955,0.853
8.58,-0.23299,0.0171,-0.931,1.43578,0.37231,1.518,12.955,0.853
8.6,-0.23232,0.01709,-0.92304,1.43245,0.39516,1.518,12.955,0.853
8.62,-0.23171,0.01713,-0.91464,1.42878,0.41594,1.518,12.955,0.853
8.64,-0.23117,0.01722,-0.90578,1.42478,0.43866,1.518,12.955,0.853
8.66,-0.23072,0.01735,-0.89647,1.42046,0.45988,1.518,12.955,0.853
8.68,-0.23039,0.0175,-0.88673,1.41586,0.4807,1.518,12.955,0.853
8.7,-0.23021,0.01767,-0.87657,1.411,0.50084,1.518,12.955,0.853
8.72,-0.2302,0.01787,-0.866,1.40592,0.51994,1.518,12.955,0.853
8.74,-0.23037,0.01809,-0.85503,1.40067,0.53917,1.518,12.955,0.853
8.76,-0.23072,0.01832,-0.84369,1.39528,0.55618,1.518,12.955,0.853
8.78,-0.23127,0.01853,-0.83201,1.38977,0.57155,1.518,12.955,0.853
8.8,-0.23199,0.01875,-0.82003,1.38416,0.58562,1.518,12.955,0.853
8.82,-0.23289,0.01896,-0.8078,1.37845,0.59643,1.518,12.955,0.853
8.84,-0.23394,0.01915,-0.79533,1.37266,0.60689,1.518,12.955,0.853
8.86,-0.23514,0.01933,-0.78267,1.36676,0.61565,1.518,12.955,0.853
8.88,-0.23645,0.01948,-0.76983,1.36075,0.62358,1.518,12.955,0.853
8.9,-0.23787,0.01958,-0.75681,1.35463,0.63253,1.518,12.955,0.853
8.92,-0.23938,0.01966,-0.7436,1.34837,0.64152,1.518,12.955,0.853
8.94,-0.24097,0.0197,-0.73019,1.34197,0.65125,1.518,12.955,0.853
8.96,-0.24262,0.0197,-0.71659,1.33543,0.66066,1.518,12.955,0.853
8.98,-0.24434,0.01966,-0.70279,1.32875,0.66982,1.518,12.955,0.853
9.0,-0.24612,0.0196,-0.6888,1.32196,0.67848,1.518,12.955,0.853
9.02,-0.24795,0.01951,-0.67465,1.31506,0.68603,1.518,12.955,0.853
9.04,-0.24984,0.01939,-0.66035,1.30805,0.69263,1.518,12.955,0.853
9.06,-0.25177,0.01928,-0.64594,1.30097,0.69756,1.518,12.955,0.853
9.08,-0.25375,0.01915,-0.63145,1.29381,0.70039,1.518,12.955,0.853
9.1,-0.25578,0.01904,-0.61693,1.2866,0.70079,1.518,12.955,0.853
9.12,-0.25787,0.01893,-0.60243,1.27935,0.69886,1.518,12.955,0.853
9.14,-0.26002,0.01882,-0.58799,1.27206,0.69448,1.518,12.955,0.853
9.16,-0.26223,0.01874,-0.57368,1.26473,0.68771,1.518,12.955,0.853
9.18,-0.26449,0.01868,-0.5595,1.25738,0.68091,1.518,12.955,0.853
9.2,-0.26682,0.01865,-0.54549,1.25,0.67191,1.518,12.955,0.853
9.22,-0.26921,0.01863,-0.53167,1.24261,0.66219,1.518,12.955,0.853
9.24,-0.27166,0.01863,-0.51806,1.23521,0.65137,1.518,12.955,0.853
9.26,-0.27416,0.01868,-0.50468,1.22783,0.64019,1.518,12.955,0.853
9.28,-0.27669,0.01874,-0.49152,1.22047,0.62952,1.518,12.955,0.853
9.3,-0.27924,0.01883,-0.47858,1.21315,0.61889,1.518,12.955,0.853
9.32,-0.28178,0.01892,-0.46585,1.20589,0.6092,1.518,12.955,0.853
9.34,-0.28428,0.01901,-0.45331,1.19869,0.59939,1.518,12.955,0.853
9.36,-0.28673,0.01912,-0.44095,1.19158,0.5908,1.518,12.955,0.853
9.38,-0.28908,0.01923,-0.42876,1.18457,0.58353,1.518,12.955,0.853
9.4,-0.29133,0.01935,-0.41671,1.17768,0.57645,1.518,12.955,0.853
9.42,-0.29343,0.01947,-0.40478,1.17093,0.57105,1.518,12.955,0.853
9.44,-0.29534,0.01957,-0.39298,1.16433,0.56411,1.518,12.955,0.853
9.46,-0.29706,0.01965,-0.38132,1.1579,0.55761,1.518,12.955,0.853
9.48,-0.29855,0.01973,-0.36978,1.15165,0.5513,1.518,12.955,0.853
9.5,-0.2998,0.01978,-0.35839,1.14557,0.54383,1.518,12.955,0.853
9.52,-0.30078,0.01981,-0.34713,1.13968,0.53767,1.518,12.955,0.853
9.54,-0.30149,0.01981,-0.33602,1.13396,0.52961,1.518,12.955,0.853
9.56,-0.30192,0.0198,-0.32505,1.12843,0.5228,1.518,12.955,0.853
9.58,-0.30204,0.01975,-0.31424,1.12307,0.51557,1.518,12.955,0.853
9.6,-0.30188,0.01969,-0.30359,1.1179,0.50641,1.518,12.955,0.853
9.62,-0.30145,0.01958,-0.29314,1.11292,0.49745,1.518,12.955,0.853
9.64,-0.3008,0.01948,-0.28291,1.10815,0.48472,1.518,12.955,0.853
9.66,-0.29992,0.01935,-0.27297,1.1036,0.47101,1.518,12.955,0.853
9.68,-0.29885,0.01921,-0.26333,1.09927,0.45522,1.518,12.955,0.853
9.7,-0.29762,0.01907,-0.25407,1.09518,0.43649,1.518,12.955,0.853
9.72,-0.29628,0.01892,-0.2452,1.09133,0.41676,1.518,12.955,0.853
9.74,-0.29486,0.01879,-0.23682,1.08771,0.39166,1.518,12.955,0.853
9.76,-0.2934,0.01867,-0.22896,1.08435,0.36587,1.518,12.955,0.853
9.78,-0.29192,0.01854,-0.22167,1.08122,0.33765,1.518,12.955,0.853
9.8,-0.29047,0.01844,-0.215,1.07834,0.30701,1.518,12.955,0.853
9.82,-0.28908,0.01835,-0.20896,1.07569,0.27638,1.518,12.955,0.853
9.84,-0.28778,0.01827,-0.20362,1.07325,0.2413,1.518,12.955,0.853
9.86,-0.28659,0.01821,-0.19899,1.07103,0.20816,1.518,12.955,0.853
9.88,-0.28553,0.01817,-0.19504,1.06901,0.17544,1.518,12.955,0.853
9.9,-0.2846,0.01817,-0.1918,1.06719,0.13972,1.518,12.955,0.853
9.92,-0.28381,0.01815,-0.18928,1.06557,0.10731,1.518,12.955,0.853
9.94,-0.28315,0.01816,-0.18749,1.06415,0.07053,1.518,12.955,0.853
9.96,-0.28263,0.01818,-0.18641,1.06296,0.03791,1.518,12.955,0.853
9.98,-0.28232,0.01821,-0.18595,1.06196,0.01037,1.518,12.955,0.853
10.0,-0.28214,0.01822,-0.18601,1.06117,-0.01241,1.518,12.955,0.853
10.02,-0.28202,0.01827,-0.18645,1.06059,-0.02868,1.518,12.955,0.853
10.04,-0.28199,0.01831,-0.18706,1.06014,-0.03007,1.518,12.955,0.853
10.06,-0.28201,0.01835,-0.18762,1.05977,-0.02545,1.518,12.955,0.853
10.08,-0.2821,0.01839,-0.18807,1.05948,-0.01794,1.518,12.955,0.853
10.1,-0.28222,0.01841,-0.18836,1.05926,-0.01125,1.518,12.955,0.853
10.12,-0.28231,0.01843,-0.18854,1.05909,-0.0063,1.518,12.955,0.853
10.14,-0.28235,0.01842,-0.18862,1.05897,0.0002,1.518,12.955,0.853
10.16,-0.28234,0.0184,-0.18861,1.05894,0.00017,1.518,12.955,0.853
10.18,-0.28225,0.01838,-0.18858,1.05894,8e-05,1.518,12.955,0.853
10.2,-0.28206,0.01834,-0.18849,1.05896,0.00815,1.518,12.955,0.853
10.22,-0.28179,0.01829,-0.18831,1.05898,0.01101,1.518,12.955,0.853
10.24,-0.28149,0.01824,-0.18808,1.05901,0.01233,1.518,12.955,0.853
10.26,-0.28113,0.01819,-0.18782,1.05904,0.01265,1.518,12.955,0.853
10.28,-0.28075,0.01814,-0.1876,1.05913,0.01013,1.518,12.955,0.853
10.3,-0.28035,0.01808,-0.1874,1.05938,0.00897,1.518,12.955,0.853
10.32,-0.27996,0.01802,-0.18722,1.05968,0.0088,1.518,12.955,0.853
10.34,-0.27957,0.01797,-0.18705,1.05999,0.00824,1.518,12.955,0.853
10.36,-0.2792,0.01792,-0.18689,1.0603,0.00739,1.518,12.955,0.853
10.38,-0.27887,0.01788,-0.18675,1.0606,0.00636,1.518,12.955,0.853
10.4,-0.27858,0.01784,-0.18664,1.06088,0.00503,1.518,12.955,0.853
10.42,-0.27834,0.01781,-0.18655,1.06114,0.00343,1.518,12.955,0.853
10.44,-0.27815,0.01777,-0.18651,1.06137,0.0001,1.518,12.955,0.853
10.46,-0.27803,0.01775,-0.18652,1.06157,0.00018,1.518,12.955,0.853
10.48,-0.27796,0.01774,-0.18652,1.06172,7e-05,1.518,12.955,0.853
10.5,-0.27791,0.01774,-0.18653,1.06182,7e-05,1.518,12.955,0.853
10.52,-0.27791,0.01773,-0.18655,1.06185,5e-05,1.518,12.955,0.853
10.54,-0.27791,0.01774,-0.18657,1.06186,3e-05,1.518,12.955,0.853
10.56,-0.27793,0.01775,-0.18666,1.06187,-0.00742,1.518,12.955,0.853
10.58,-0.27797,0.01778,-0.18685,1.06187,-0.01034,1.518,12.955,0.853
10.6,-0.27807,0.01781,-0.18707,1.06187,-0.01039,1.518,12.955,0.853
10.62,-0.27818,0.01785,-0.18728,1.06186,-0.01132,1.518,12.955,0.853
10.64,-0.27829,0.0179,-0.1875,1.06185,-0.01149,1.518,12.955,0.853
10.66,-0.27838,0.01795,-0.18772,1.06184,-0.01097,1.518,12.955,0.853
10.68,-0.27844,0.018,-0.18792,1.06183,-0.00985,1.518,12.955,0.853
10.7,-0.27847,0.01805,-0.18809,1.06182,-0.00889,1.518,12.955,0.853
10.72,-0.27847,0.01808,-0.18823,1.0618,-0.00542,1.518,12.955,0.853
10.74,-0.27846,0.01813,-0.18831,1.06179,-0.00298,1.518,12.955,0.853
10.76,-0.27844,0.01817,-0.18834,1.06177,-0.00032,1.518,12.955,0.853
10.78,-0.27836,0.0182,-0.18835,1.06175,-0.00037,1.518,12.955,0.853
10.8,-0.2782,0.01821,-0.18835,1.06174,-0.00042,1.518,12.955,0.853
10.82,-0.27802,0.01822,-0.18836,1.06172,-0.0004,1.518,12.955,0.853
10.84,-0.27782,0.01821,-0.18836,1.06171,-0.00056,1.518,12.955,0.853
10.86,-0.27763,0.01819,-0.18837,1.0617,-0.0004,1.518,12.955,0.853
10.88,-0.27742,0.01818,-0.18837,1.0617,4e-05,1.518,12.955,0.853
10.9,-0.27722,0.01816,-0.18836,1.06169,-0.00011,1.518,12.955,0.853
10.92,-0.277,0.01813,-0.18834,1.06169,-7e-05,1.518,12.955,0.853
10.94,-0.27678,0.01809,-0.18833,1.06169,-6e-05,1.518,12.955,0.853
10.96,-0.27656,0.01806,-0.18831,1.06169,1e-05,1.518,12.955,0.853
10.98,-0.27635,0.01801,-0.18829,1.0617,0.00029,1.518,12.955,0.853
11.0,-0.27616,0.01797,-0.18826,1.06171,0.00038,1.518,12.955,0.853
11.02,-0.276,0.01792,-0.18823,1.06172,0.00046,1.518,12.955,0.853
11.04,-0.27587,0.01788,-0.18816,1.06173,0.00624,1.518,12.955,0.853
11.06,-0.27577,0.01782,-0.18802,1.06175,0.00756,1.518,12.955,0.853
11.08,-0.27573,0.01779,-0.18788,1.06177,0.00709,1.518,12.955,0.853
11.1,-0.27573,0.01775,-0.18774,1.06179,0.00638,1.518,12.955,0.853
11.12,-0.27573,0.01772,-0.18764,1.06182,0.00472,1.518,12.955,0.853
11.14,-0.275,0.01767,-0.19022,1.06031,-0.20585,1.518,12.955,0.853
11.16,-0.27329,0.01753,-0.19473,1.05804,-0.22314,1.518,12.955,0.853
11.18,-0.27125,0.01743,-0.19903,1.05657,-0.19606,1.518,12.955,0.853
11.2,-0.2693,0.01735,-0.2025,1.05609,-0.14765,1.518,12.955,0.853
11.22,-0.26768,0.01735,-0.20499,1.05624,-0.10052,1.518,12.955,0.853
11.24,-0.26642,0.01737,-0.20661,1.05677,-0.06078,1.518,12.955,0.853
11.26,-0.26549,0.01742,-0.20747,1.05754,-0.0273,1.518,12.955,0.853
11.28,-0.26483,0.01749,-0.20774,1.05843,3e-05,1.518,12.955,0.853
11.3,-0.26443,0.01758,-0.20756,1.05939,0.01498,1.518,12.955,0.853
11.32,-0.26426,0.01768,-0.20717,1.06044,0.02047,1.518,12.955,0.853
11.34,-0.2643,0.01778,-0.20676,1.06156,0.01703,1.518,12.955,0.853
11.36,-0.26453,0.01789,-0.20651,1.06277,0.00679,1.518,12.955,0.853
11.38,-0.26493,0.01801,-0.2065,1.06406,-0.00775,1.518,12.955,0.853
11.4,-0.26549,0.01812,-0.2068,1.0654,-0.02234,1.518,12.955,0.853
11.42,-0.26617,0.01822,-0.20736,1.06677,-0.03475,1.518,12.955,0.853
11.44,-0.26696,0.01829,-0.20815,1.06816,-0.04472,1.518,12.955,0.853
11.46,-0.26785,0.01834,-0.20911,1.06956,-0.05202,1.518,12.955,0.853
11.48,-0.26881,0.01837,-0.21018,1.07099,-0.05622,1.518,12.955,0.853
11.5,-0.26983,0.01837,-0.21131,1.07244,-0.05825,1.518,12.955,0.853
11.52,-0.27087,0.01835,-0.21246,1.0739,-0.05835,1.518,12.955,0.853
11.54,-0.27191,0.0183,-0.21362,1.07538,-0.05795,1.518,12.955,0.853
11.56,-0.27294,0.01824,-0.21476,1.07687,-0.05701,1.518,12.955,0.853
11.58,-0.27394,0.01817,-0.21586,1.07837,-0.05476,1.518,12.955,0.853
11.6,-0.27492,0.01808,-0.21692,1.07986,-0.05235,1.518,12.955,0.853
11.62,-0.27586,0.01798,-0.21794,1.08131,-0.04984,1.518,12.955,0.853
11.64,-0.27676,0.01789,-0.2189,1.08273,-0.04684,1.518,12.955,0.853
11.66,-0.27762,0.0178,-0.21981,1.08408,-0.04429,1.518,12.955,0.853
11.68,-0.27844,0.0177,-0.22067,1.08535,-0.04193,1.518,12.955,0.853
11.7,-0.27924,0.01763,-0.22149,1.08652,-0.03958,1.518,12.955,0.853
11.72,-0.27999,0.01758,-0.22227,1.08757,-0.03754,1.518,12.955,0.853
11.74,-0.28072,0.01754,-0.22301,1.08849,-0.03612,1.518,12.955,0.853
11.76,-0.28135,0.01751,-0.22372,1.08925,-0.03304,1.518,12.955,0.853
11.78,-0.28195,0.01749,-0.2244,1.08987,-0.0323,1.518,12.955,0.853
11.8,-0.28247,0.0175,-0.22496,1.09037,-0.02335,1.518,12.955,0.853
11.82,-0.2829,0.01752,-0.22534,1.09078,-0.01413,1.518,12.955,0.853
11.84,-0.28327,0.01754,-0.22553,1.09112,-0.00533,1.518,12.955,0.853
11.86,-0.28358,0.01758,-0.22556,1.09142,0.00013,1.518,12.955,0.853
11.88,-0.28387,0.01764,-0.22553,1.09173,0.00281,1.518,12.955,0.853
11.9,-0.28412,0.0177,-0.2254,1.09201,0.01,1.518,12.955,0.853
11.92,-0.28435,0.01777,-0.22515,1.09228,0.0141,1.518,12.955,0.853
11.94,-0.28455,0.01784,-0.22485,1.09254,0.01585,1.518,12.955,0.853
11.96,-0.28473,0.01792,-0.22453,1.09279,0.01623,1.518,12.955,0.853
11.98,-0.28489,0.01799,-0.22421,1.09304,0.01586,1.518,12.955,0.853
12.0,-0.285,0.01805,-0.2239,1.09327,0.01451,1.518,12.955,0.853
12.02,-0.28507,0.01812,-0.22363,1.09348,0.01256,1.518,12.955,0.853
12.04,-0.28513,0.01817,-0.22339,1.09367,0.01066,1.518,12.955,0.853
12.06,-0.28518,0.01821,-0.22319,1.09381,0.00994,1.518,12.955,0.853
12.08,-0.28519,0.01823,-0.22302,1.09392,0.00696,1.518,12.955,0.853
12.1,-0.28519,0.01826,-0.2229,1.09395,0.00535,1.518,12.955,0.853
12.12,-0.28477,0.01819,-0.22564,1.09216,-0.21665,1.518,12.955,0.853
12.14,-0.28343,0.01805,-0.23032,1.08945,-0.22981,1.518,12.955,0.853
12.16,-0.28164,0.0179,-0.23436,1.08752,-0.17071,1.518,12.955,0.853
12.18,-0.27996,0.0178,-0.23705,1.08652,-0.10141,1.518,12.955,0.853
12.2,-0.27863,0.01773,-0.23846,1.08612,-0.04389,1.518,12.955,0.853
12.22,-0.27764,0.01768,-0.23887,1.08609,0.00039,1.518,12.955,0.853
12.24,-0.27691,0.01763,-0.23852,1.08622,0.03044,1.518,12.955,0.853
12.26,-0.27635,0.01757,-0.23759,1.08649,0.05637,1.518,12.955,0.853
12.28,-0.27591,0.01755,-0.23624,1.08681,0.07207,1.518,12.955,0.853
12.3,-0.2756,0.01751,-0.2347,1.08717,0.07625,1.518,12.955,0.853
12.32,-0.27542,0.01751,-0.23321,1.08758,0.06861,1.518,12.955,0.853
12.34,-0.27539,0.01751,-0.23195,1.08803,0.05445,1.518,12.955,0.853
12.36,-0.27548,0.01754,-0.23103,1.08852,0.03644,1.518,12.955,0.853
12.38,-0.27572,0.01758,-0.23047,1.08903,0.01859,1.518,12.955,0.853
12.4,-0.27609,0.01762,-0.23025,1.08954,0.00267,1.518,12.955,0.853
12.42,-0.27658,0.01766,-0.23034,1.09003,-0.01107,1.518,12.955,0.853
12.44,-0.2772,0.01772,-0.23067,1.09052,-0.02206,1.518,12.955,0.853
12.46,-0.27794,0.01779,-0.23119,1.09101,-0.02935,1.518,12.955,0.853
12.48,-0.27878,0.01782,-0.23184,1.09151,-0.03451,1.518,12.955,0.853
12.5,-0.27971,0.01787,-0.23256,1.09202,-0.03723,1.518,12.955,0.853
12.52,-0.28069,0.01791,-0.23331,1.09255,-0.03743,1.518,12.955,0.853
12.54,-0.2817,0.01795,-0.23404,1.09308,-0.03598,1.518,12.955,0.853
12.56,-0.2827,0.01798,-0.23473,1.09363,-0.03336,1.518,12.955,0.853
12.58,-0.28366,0.018,-0.23535,1.09417,-0.02908,1.518,12.955,0.853
12.6,-0.28457,0.01801,-0.23586,1.0947,-0.02348,1.518,12.955,0.853
12.62,-0.28536,0.018,-0.23625,1.0952,-0.01713,1.518,12.955,0.853
12.64,-0.28602,0.01799,-0.23651,1.09568,-0.01048,1.518,12.955,0.853
12.66,-0.28654,0.01799,-0.23665,1.09613,-0.00503,1.518,12.955,0.853
12.68,-0.28694,0.01796,-0.23668,1.09657,-0.00015,1.518,12.955,0.853
12.7,-0.28722,0.01793,-0.23666,1.09699,-0.00014,1.518,12.955,0.853
12.72,-0.28738,0.0179,-0.23655,1.09737,0.00872,1.518,12.955,0.853
12.74,-0.28743,0.01786,-0.2363,1.09767,0.014,1.518,12.955,0.853
12.76,-0.2874,0.01782,-0.23595,1.09791,0.01853,1.518,12.955,0.853
12.78,-0.2873,0.01778,-0.23557,1.09811,0.01857,1.518,12.955,0.853
12.8,-0.28715,0.01775,-0.23521,1.09829,0.01727,1.518,12.955,0.853
12.82,-0.28699,0.01772,-0.23487,1.09848,0.01544,1.518,12.955,0.853
12.84,-0.28682,0.01768,-0.23456,1.09869,0.01665,1.518,12.955,0.853
12.86,-0.28666,0.01765,-0.23423,1.09893,0.01562,1.518,12.955,0.853
12.88,-0.28654,0.01763,-0.23393,1.09917,0.01432,1.518,12.955,0.853
12.9,-0.28644,0.01762,-0.23365,1.0994,0.01369,1.518,12.955,0.853
12.92,-0.28637,0.01761,-0.23338,1.09964,0.01284,1.518,12.955,0.853
12.94,-0.28636,0.0176,-0.23313,1.09988,0.01183,1.518,12.955,0.853
12.96,-0.28637,0.01761,-0.2329,1.10011,0.01088,1.518,12.955,0.853
12.98,-0.28639,0.01762,-0.2327,1.10031,0.00892,1.518,12.955,0.853
13.0,-0.28649,0.01763,-0.23254,1.10048,0.00668,1.518,12.955,0.853
13.02,-0.28664,0.01766,-0.23243,1.10062,0.00488,1.518,12.955,0.853
13.04,-0.28681,0.01766,-0.23235,1.10073,0.0029,1.518,12.955,0.853
13.06,-0.28697,0.01768,-0.23234,1.10082,0.00104,1.518,12.955,0.853
13.08,-0.28714,0.0177,-0.23233,1.10083,0.00035,1.518,12.955,0.853
13.1,-0.2864,0.01761,-0.23051,1.09323,0.16589,1.518,12.955,0.853
13.12,-0.28392,0.01737,-0.22396,1.075,0.44275,1.518,12.955,0.853
13.14,-0.2805,0.01708,-0.2136,1.05397,0.55863,1.518,12.955,0.853
13.16,-0.27707,0.01686,-0.20249,1.03613,0.53823,1.518,12.955,0.853
13.18,-0.27395,0.01675,-0.19244,1.02245,0.46285,1.518,12.955,0.853
13.2,-0.27118,0.01673,-0.18405,1.01228,0.37782,1.518,12.955,0.853
13.22,-0.26876,0.01679,-0.17727,1.00466,0.30366,1.518,12.955,0.853
13.24,-0.26666,0.01688,-0.17182,0.99877,0.24435,1.518,12.955,0.853
13.26,-0.26483,0.01702,-0.16749,0.994,0.19301,1.518,12.955,0.853
13.28,-0.26322,0.01717,-0.1642,0.98992,0.14116,1.518,12.955,0.853
13.3,-0.26177,0.01734,-0.16204,0.98627,0.08452,1.518,12.955,0.853
13.32,-0.26043,0.01751,-0.16108,0.98285,0.02309,1.518,12.955,0.853
13.34,-0.25917,0.01768,-0.16138,0.97952,-0.03828,1.518,12.955,0.853
13.36,-0.25795,0.01781,-0.1629,0.97618,-0.09596,1.518,12.955,0.853
13.38,-0.25674,0.0179,-0.16547,0.97273,-0.14168,1.518,12.955,0.853
13.4,-0.25551,0.01795,-0.16882,0.96909,-0.17404,1.518,12.955,0.853
13.42,-0.25423,0.01794,-0.17265,0.9652,-0.19096,1.518,12.955,0.853
13.44,-0.2529,0.0179,-0.17666,0.96102,-0.19289,1.518,12.955,0.853
13.46,-0.25146,0.01781,-0.18056,0.95651,-0.18241,1.518,12.955,0.853
13.48,-0.24992,0.01766,-0.18415,0.95167,-0.16272,1.518,12.955,0.853
13.5,-0.24823,0.01748,-0.18725,0.94648,-0.1364,1.518,12.955,0.853
13.52,-0.24638,0.01726,-0.18977,0.94094,-0.10603,1.518,12.955,0.853
13.54,-0.24436,0.01702,-0.19165,0.93506,-0.07327,1.518,12.955,0.853
13.56,-0.24217,0.01677,-0.19284,0.92882,-0.03968,1.518,12.955,0.853
13.58,-0.23983,0.01651,-0.19335,0.92224,-0.00614,1.518,12.955,0.853
13.6,-0.23735,0.01626,-0.19317,0.91532,0.02733,1.518,12.955,0.853
13.62,-0.23471,0.01602,-0.19236,0.90807,0.05667,1.518,12.955,0.853
13.64,-0.23197,0.01581,-0.19099,0.90051,0.08255,1.518,12.955,0.853
13.66,-0.22914,0.01563,-0.18913,0.89266,0.10541,1.518,12.955,0.853
13.68,-0.22625,0.01549,-0.18686,0.88454,0.12354,1.518,12.955,0.853
13.7,-0.22332,0.01538,-0.18427,0.87617,0.13707,1.518,12.955,0.853
13.72,-0.22038,0.0153,-0.18145,0.86758,0.14679,1.518,12.955,0.853
13.74,-0.21744,0.01527,-0.17848,0.85881,0.15294,1.518,12.955,0.853
13.76,-0.21452,0.01528,-0.17542,0.84986,0.15583,1.518,12.955,0.853
13.78,-0.21162,0.01531,-0.17235,0.84077,0.1554,1.518,12.955,0.853
13.8,-0.20875,0.01535,-0.16932,0.83155,0.1522,1.518,12.955,0.853
13.82,-0.20592,0.0154,-0.16639,0.82224,0.14611,1.518,12.955,0.853
13.84,-0.20313,0.01546,-0.16361,0.81284,0.13794,1.518,12.955,0.853
13.86,-0.20038,0.01554,-0.161,0.8034,0.12901,1.518,12.955,0.853
13.88,-0.19767,0.01559,-0.15858,0.79392,0.11955,1.518,12.955,0.853
13.9,-0.19498,0.01564,-0.15635,0.78443,0.11125,1.518,12.955,0.853
13.92,-0.19232,0.01567,-0.15426,0.77494,0.10364,1.518,12.955,0.853
13.94,-0.18969,0.01569,-0.1523,0.76546,0.09867,1.518,12.955,0.853
13.96,-0.18708,0.01568,-0.15041,0.75602,0.09588,1.518,12.955,0.853
13.98,-0.18448,0.01564,-0.14853,0.74661,0.0966,1.518,12.955,0.853
14.0,-0.18189,0.01556,-0.1466,0.73724,0.10004,1.518,12.955,0.853
14.02,-0.17931,0.01547,-0.14456,0.72793,0.10626,1.518,12.955,0.853
14.04,-0.17675,0.01535,-0.14235,0.71867,0.11547,1.518,12.955,0.853
14.06,-0.17421,0.01521,-0.13991,0.70947,0.12757,1.518,12.955,0.853
14.08,-0.1717,0.01505,-0.13719,0.70033,0.14179,1.518,12.955,0.853
14.1,-0.16922,0.01487,-0.13415,0.69124,0.15778,1.518,12.955,0.853
14.12,-0.16679,0.01469,-0.13076,0.68221,0.17427,1.518,12.955,0.853
14.14,-0.16443,0.01451,-0.12704,0.67325,0.19068,1.518,12.955,0.853
14.16,-0.16212,0.01434,-0.12297,0.66435,0.20635,1.518,12.955,0.853
14.18,-0.15989,0.01417,-0.11859,0.65553,0.22086,1.518,12.955,0.853
14.2,-0.15773,0.01401,-0.11394,0.64677,0.23309,1.518,12.955,0.853
14.22,-0.15566,0.01386,-0.10907,0.63809,0.24217,1.518,12.955,0.853
14.24,-0.15368,0.01375,-0.10405,0.62951,0.24797,1.518,12.955,0.853
14.26,-0.15181,0.01367,-0.09894,0.62103,0.25149,1.518,12.955,0.853
14.28,-0.15005,0.01361,-0.09378,0.61267,0.25193,1.518,12.955,0.853
14.3,-0.14838,0.01356,-0.08865,0.60447,0.24973,1.518,12.955,0.853
14.32,-0.14683,0.01354,-0.0836,0.59644,0.24426,1.518,12.955,0.853
14.34,-0.1454,0.01354,-0.07869,0.58863,0.23653,1.518,12.955,0.853
14.36,-0.14408,0.01356,-0.07398,0.58108,0.22558,1.518,12.955,0.853
14.38,-0.14287,0.01358,-0.06953,0.57382,0.21206,1.518,12.955,0.853
14.4,-0.14177,0.01363,-0.06539,0.56689,0.19486,1.518,12.955,0.853
14.42,-0.14076,0.01369,-0.06165,0.56032,0.17473,1.518,12.955,0.853
14.44,-0.13986,0.01375,-0.05835,0.55415,0.15168,1.518,12.955,0.853
14.46,-0.13906,0.01381,-0.05555,0.5484,0.12761,1.518,12.955,0.853
14.48,-0.13838,0.01387,-0.05326,0.54312,0.10126,1.518,12.955,0.853
14.5,-0.13777,0.01391,-0.05152,0.53834,0.07476,1.518,12.955,0.853
14.52,-0.13726,0.01397,-0.05043,0.534,-1e-05,1.518,12.955,0.853
14.54,-0.1369,0.01399,-0.0507,0.52969,-0.01434,1.518,12.955,0.853
14.56,-0.13667,0.014,-0.05109,0.52614,-0.02095,1.518,12.955,0.853
14.58,-0.13652,0.01397,-0.05163,0.52329,-0.02839,1.518,12.955,0.853
14.6,-0.13641,0.01392,-0.05231,0.52109,-0.03547,1.518,12.955,0.853
14.62,-0.13634,0.01386,-0.05311,0.51946,-0.04043,1.518,12.955,0.853
14.64,-0.13627,0.01378,-0.05391,0.51829,-0.03729,1.518,12.955,0.853
14.66,-0.13623,0.01369,-0.05461,0.51748,-0.03188,1.518,12.955,0.853
14.68,-0.13623,0.01359,-0.0552,0.51697,-0.02636,1.518,12.955,0.853
14.7,-0.13623,0.01348,-0.05567,0.51672,-0.02063,1.518,12.955,0.853
14.72,-0.13621,0.01336,-0.056,0.51669,-0.01233,1.518,12.955,0.853
14.74,-0.13619,0.01324,-0.05609,0.51672,0.00098,1.518,12.955,0.853
14.76,-0.13613,0.01313,-0.05596,0.51686,0.00896,1.518,12.955,0.853
14.78,-0.13604,0.01302,-0.05563,0.51715,0.0202,1.518,12.955,0.853
14.8,-0.13597,0.01293,-0.055,0.51744,0.03692,1.518,12.955,0.853
14.82,-0.13591,0.01287,-0.05406,0.51766,0.04986,1.518,12.955,0.853
14.84,-0.1359,0.01284,-0.05289,0.51781,0.06045,1.518,12.955,0.853
14.86,-0.1359,0.01283,-0.05153,0.51785,0.06807,1.518,12.955,0.853
14.88,-0.13589,0.01285,-0.05006,0.51783,0.0715,1.518,12.955,0.853
14.9,-0.1359,0.0129,-0.04855,0.51781,0.0725,1.518,12.955,0.853
14.92,-0.13591,0.01296,-0.04709,0.51768,0.06849,1.518,12.955,0.853
14.94,-0.13594,0.01304,-0.04572,0.5174,0.064,1.518,12.955,0.853
14.96,-0.13601,0.01314,-0.04444,0.51701,0.06042,1.518,12.955,0.853
14.98,-0.1361,0.01325,-0.04322,0.51653,0.05719,1.518,12.955,0.853
15.0,-0.13622,0.01335,-0.0421,0.51594,0.0527,1.518,12.955,0.853
15.02,-0.13635,0.01346,-0.04109,0.51527,0.04651,1.518,12.955,0.853
15.04,-0.13646,0.01357,-0.04024,0.51454,0.03689,1.518,12.955,0.853
15.06,-0.13656,0.01367,-0.03958,0.51378,0.02794,1.518,12.955,0.853
15.08,-0.13667,0.01377,-0.03915,0.51302,0.01676,1.518,12.955,0.853
15.1,-0.13681,0.01385,-0.03896,0.51228,0.00451,1.518,12.955,0.853
15.12,-0.13695,0.01392,-0.03904,0.51161,-0.00846,1.518,12.955,0.853
15.14,-0.1371,0.01399,-0.03939,0.51105,-0.0225,1.518,12.955,0.853
15.16,-0.13724,0.01401,-0.04001,0.51061,-0.03397,1.518,12.955,0.853
15.18,-0.13736,0.01403,-0.04082,0.5103,-0.04167,1.518,12.955,0.853
15.2,-0.13747,0.01401,-0.04175,0.51014,-0.04601,1.518,12.955,0.853
15.22,-0.13755,0.01398,-0.04267,0.51011,-0.04256,1.518,12.955,0.853
15.24,-0.13759,0.01395,-0.0435,0.51011,-0.04612,1.518,12.9549,0.853
15.26,-0.1376,0.0139,-0.04441,0.51006,-0.03997,1.518,12.955,0.853
15.28,-0.13768,0.01383,-0.04513,0.5102,-0.03175,1.518,12.9549,0.853
15.3,-0.13778,0.01375,-0.04565,0.51054,-0.0208,1.518,12.955,0.853
15.32,-0.13784,0.01366,-0.04594,0.511,-0.00897,1.518,12.955,0.853
15.34,-0.13784,0.01356,-0.04597,0.51155,0.0001,1.518,12.955,0.853
15.36,-0.13784,0.01347,-0.04579,0.51215,0.01446,1.518,12.9549,0.853
15.38,-0.13784,0.01339,-0.04532,0.51272,0.0273,1.518,12.955,0.853
15.4,-0.13645,0.01323,-0.03869,0.50468,0.51992,1.518,12.9549,0.853
15.42,-0.13415,0.01301,-0.0251,0.48953,0.75726,1.518,12.9549,0.853
15.44,-0.13196,0.01282,-0.01221,0.47353,0.5162,1.518,12.955,0.853
15.46,-0.13042,0.01267,-0.00213,0.45972,0.49759,1.518,12.9549,0.8536
15.48,-0.12932,0.01258,0.00709,0.44961,0.34084,1.5179,12.9549,0.853
15.5,-0.12843,0.01255,0.01315,0.44134,0.28885,1.5179,12.9549,0.853
15.52,-0.12772,0.01254,0.01837,0.43529,0.20706,1.5179,12.9549,0.853
15.54,-0.12708,0.01258,0.0223,0.43063,0.16764,1.5179,12.9549,0.853
15.56,-0.12643,0.01262,0.02532,0.42707,0.14263,1.5179,12.9549,0.8533
15.58,-0.12575,0.01267,0.02788,0.42442,0.10249,1.5179,12.9549,0.8531
15.6,-0.12506,0.01276,0.03006,0.42236,0.09325,1.5179,12.9549,0.853
15.62,-0.12438,0.01287,0.0318,0.42074,0.07116,1.5179,12.9549,0.853
15.64,-0.12365,0.01301,0.03294,0.41962,0.04128,1.5179,12.9549,0.853
15.66,-0.12264,0.01314,0.03309,0.41867,-0.00961,1.5179,12.9549,0.8531
15.68,-0.12157,0.0133,0.03239,0.41809,-0.05305,1.5178,12.9548,0.8531
15.7,-0.12051,0.01344,0.03085,0.41794,-0.09317,1.5178,12.9547,0.8532
15.72,-0.11945,0.01356,0.02853,0.41824,-0.12431,1.5177,12.9546,0.8533
15.74,-0.11835,0.01366,0.02561,0.41902,-0.15759,1.5176,12.9543,0.8534
15.76,-0.11712,0.01371,0.02201,0.42016,-0.18803,1.5175,12.9541,0.8535
15.78,-0.11582,0.01372,0.01788,0.42171,-0.2096,1.5175,12.954,0.8536
15.8,-0.11443,0.01369,0.01341,0.42369,-0.22488,1.5175,12.9539,0.8537
15.82,-0.11294,0.01361,0.00871,0.42608,-0.23195,1.5175,12.9538,0.8538
15.84,-0.11135,0.0135,0.004,0.42891,-0.23083,1.5175,12.9536,0.854
15.86,-0.10959,0.01336,-0.00075,0.43198,-0.23044,1.5175,12.9535,0.8542
15.88,-0.10775,0.01319,-0.00533,0.43534,-0.21826,1.5174,12.9535,0.8544
15.9,-0.10584,0.01299,-0.00959,0.439,-0.1983,1.5175,12.9534,0.8546
15.92,-0.10384,0.01277,-0.01338,0.44291,-0.17642,1.5175,12.9534,0.8548
15.94,-0.10175,0.01255,-0.01673,0.44695,-0.15546,1.5175,12.9534,0.855
15.96,-0.09963,0.01234,-0.01957,0.45107,-0.12946,1.5175,12.9533,0.8552
15.98,-0.09746,0.01212,-0.02187,0.45523,-0.1022,1.5175,12.9533,0.8555
16.0,-0.09531,0.01192,-0.02354,0.45944,-0.06732,1.5177,12.9532,0.8556
16.02,-0.0931,0.01175,-0.02466,0.46352,-0.04539,1.5179,12.953,0.8558
16.04,-0.09094,0.0116,-0.02524,0.46751,-0.01676,1.5182,12.9527,0.8559
16.06,-0.08879,0.0115,-0.02544,0.47125,-0.00366,1.5186,12.9525,0.856
16.08,-0.08673,0.01143,-0.02536,0.47472,0.00793,1.5189,12.9523,0.8561
16.1,-0.08476,0.01142,-0.02507,0.47785,0.01568,1.5191,12.9521,0.8562
16.12,-0.08293,0.01142,-0.02463,0.48063,0.02093,1.5191,12.9521,0.8564
16.14,-0.08126,0.01146,-0.02412,0.48309,0.02408,1.5191,12.9521,0.8565
16.16,-0.07973,0.01154,-0.0236,0.48521,0.02336,1.5191,12.9521,0.8567
16.18,-0.07835,0.01163,-0.02314,0.487,0.01897,1.5191,12.952,0.8568
16.2,-0.07714,0.01173,-0.02282,0.48846,0.01088,1.5191,12.952,0.857
16.22,-0.07608,0.01184,-0.02268,0.48961,1e-05,1.5191,12.952,0.8571
16.24,-0.07518,0.01197,-0.02278,0.49048,-0.01084,1.5191,12.952,0.8572
16.26,-0.07442,0.01212,-0.02314,0.49108,-0.02349,1.5191,12.952,0.8573
16.28,-0.07379,0.01225,-0.02379,0.49147,-0.03925,1.5191,12.952,0.8574
16.3,-0.07329,0.01238,-0.02478,0.49168,-0.05673,1.5191,12.952,0.8576
16.32,-0.07292,0.0125,-0.02613,0.4917,-0.0738,1.5191,12.9519,0.8577
16.34,-0.07268,0.0126,-0.02786,0.49169,-0.09118,1.5191,12.9519,0.8578
16.36,-0.07255,0.01269,-0.0299,0.49167,-0.10512,1.5191,12.9519,0.8578
16.38,-0.07255,0.01274,-0.03216,0.49166,-0.10759,1.519,12.9519,0.8579
16.4,-0.07269,0.01277,-0.03447,0.49165,-0.11339,1.519,12.9518,0.858
16.42,-0.07285,0.01277,-0.0368,0.49165,-0.11122,1.519,12.9518,0.858
16.44,-0.07302,0.01272,-0.03903,0.49167,-0.10482,1.519,12.9518,0.858
16.46,-0.07318,0.01266,-0.0411,0.49179,-0.09577,1.519,12.9518,0.858
16.48,-0.0733,0.01259,-0.04286,0.49206,-0.07707,1.519,12.9518,0.858
16.5,-0.07339,0.01247,-0.04422,0.49244,-0.05835,1.519,12.9518,0.8579
16.52,-0.07346,0.01235,-0.04519,0.493,-0.03896,1.519,12.9518,0.8579
16.54,-0.07347,0.01224,-0.04577,0.49374,-0.02008,1.519,12.9518,0.8578
16.56,-0.07346,0.0121,-0.04597,0.49469,-0.00268,1.519,12.9518,0.8578
16.58,-0.07345,0.01199,-0.04576,0.49577,0.01801,1.519,12.9519,0.8577
16.6,-0.07344,0.01189,-0.04512,0.49689,0.03979,1.519,12.9519,0.8577
16.62,-0.07343,0.01181,-0.04403,0.49801,0.06145,1.519,12.9519,0.8576
16.64,-0.07336,0.01175,-0.04255,0.49906,0.07888,1.519,12.9519,0.8575
16.66,-0.07323,0.0117,-0.04073,0.50001,0.09306,1.519,12.9519,0.8574
16.68,-0.07309,0.01169,-0.03868,0.5008,0.1033,1.519,12.9519,0.8574
16.7,-0.07296,0.01171,-0.03648,0.50142,0.10731,1.519,12.9519,0.8573
16.72,-0.07284,0.01175,-0.03423,0.50184,0.10779,1.519,12.9519,0.8572
16.74,-0.07274,0.01186,-0.03203,0.50205,0.10439,1.519,12.9519,0.8572
16.76,-0.07267,0.01197,-0.02994,0.50207,0.09687,1.519,12.9519,0.8572
16.78,-0.07265,0.01209,-0.02813,0.50196,0.08094,1.519,12.9519,0.8571
16.8,-0.07266,0.01224,-0.02663,0.50168,0.06603,1.519,12.9519,0.8571
16.82,-0.07267,0.01237,-0.02542,0.50122,0.05275,1.519,12.9519,0.8571
16.84,-0.07275,0.01253,-0.02448,0.50055,0.0401,1.519,12.9519,0.8571
16.86,-0.07287,0.01268,-0.02381,0.49972,0.02654,1.519,12.9519,0.8572
16.88,-0.07301,0.01282,-0.02341,0.49875,0.01276,1.519,12.9519,0.8572
16.9,-0.07316,0.01298,-0.02334,0.49767,-0.00308,1.519,12.9519,0.8573
16.92,-0.07332,0.0131,-0.02363,0.49657,-0.02295,1.519,12.9519,0.8573
16.94,-0.07348,0.01321,-0.02438,0.49549,-0.04446,1.519,12.9519,0.8574
16.96,-0.07364,0.01328,-0.02556,0.49451,-0.06553,1.519,12.9519,0.8575
16.98,-0.07379,0.01333,-0.02713,0.49364,-0.08261,1.519,12.9519,0.8575
17.0,-0.07392,0.01335,-0.02898,0.49292,-0.09438,1.519,12.9519,0.8576
17.02,-0.07403,0.01334,-0.03101,0.49236,-0.10061,1.519,12.9519,0.8577
17.04,-0.07412,0.0133,-0.03309,0.49198,-0.09968,1.519,12.9519,0.8577
17.06,-0.07419,0.01323,-0.03509,0.49178,-0.09451,1.519,12.9518,0.8578
17.08,-0.07423,0.01314,-0.03693,0.49177,-0.08336,1.519,12.9518,0.8578
17.1,-0.07424,0.01303,-0.03842,0.49185,-0.06411,1.519,12.9518,0.8579
17.12,-0.07423,0.01291,-0.03953,0.49213,-0.04546,1.519,12.9518,0.8579
17.14,-0.07421,0.01278,-0.04026,0.4926,-0.02783,1.519,12.9518,0.8579
17.16,-0.07418,0.01265,-0.04061,0.49326,-0.00972,1.519,12.9518,0.8578
17.18,-0.07412,0.01252,-0.04062,0.49408,0.00655,1.519,12.9518,0.8578
17.2,-0.07334,0.01237,-0.03526,0.48822,0.42047,1.519,12.9518,0.8577
17.22,-0.07226,0.01219,-0.025,0.47699,0.54697,1.519,12.9519,0.8576
17.24,-0.07151,0.01203,-0.01431,0.46606,0.50089,1.519,12.9519,0.8575
17.26,-0.0711,0.0119,-0.00515,0.45718,0.40817,1.519,12.9519,0.8574
17.28,-0.07091,0.01181,0.00216,0.45039,0.31786,1.519,12.9519,0.8572
17.3,-0.07082,0.01175,0.00786,0.44527,0.24687,1.519,12.9519,0.8571
17.32,-0.07079,0.01171,0.01232,0.4414,0.195,1.519,12.952,0.857
17.34,-0.07078,0.01172,0.01591,0.43839,0.15781,1.519,12.952,0.8569
17.36,-0.07078,0.01176,0.01886,0.43599,0.13205,1.519,12.952,0.8568
17.38,-0.07078,0.01186,0.02125,0.43407,0.10398,1.519,12.9519,0.8567
17.4,-0.07079,0.01195,0.02311,0.4325,0.07835,1.5191,12.9519,0.8566
17.42,-0.0708,0.01206,0.02446,0.43109,0.05695,1.5191,12.9518,0.8566
17.44,-0.07081,0.01218,0.0254,0.4298,0.0375,1.5191,12.9519,0.8566
17.46,-0.07087,0.01231,0.02594,0.42859,0.01729,1.5191,12.9518,0.8566
17.48,-0.07096,0.01244,0.02604,0.42744,-0.00449,1.5191,12.9518,0.8566
17.5,-0.07106,0.01257,0.02559,0.42639,-0.03427,1.5191,12.9518,0.8566
17.52,-0.07115,0.01271,0.0245,0.4255,-0.06535,1.5191,12.9518,0.8567
17.54,-0.07121,0.01284,0.02278,0.42479,-0.0954,1.5191,12.9518,0.8568
17.56,-0.07123,0.01293,0.02049,0.42426,-0.12203,1.5191,12.9518,0.8569
17.58,-0.07123,0.013,0.0177,0.42395,-0.14317,1.5191,12.9518,0.857
17.6,-0.07123,0.01304,0.01453,0.42389,-0.15862,1.5191,12.9518,0.8571
17.62,-0.07122,0.01304,0.01113,0.42404,-0.16621,1.5191,12.9518,0.8572
17.64,-0.07119,0.01299,0.00765,0.42443,-0.16844,1.5191,12.9517,0.8573
17.66,-0.07111,0.01293,0.00422,0.42505,-0.16271,1.5191,12.9517,0.8573
17.68,-0.07103,0.01284,0.00097,0.42588,-0.15175,1.5191,12.9517,0.8574
17.7,-0.07093,0.01273,-0.00185,0.42682,-0.12503,1.5191,12.9517,0.8574
17.72,-0.07082,0.01259,-0.00413,0.42786,-0.09973,1.5191,12.9517,0.8575
17.74,-0.0707,0.01243,-0.00593,0.42903,-0.07787,1.5191,12.9517,0.8575
17.76,-0.07056,0.01226,-0.00729,0.43038,-0.0561,1.5191,12.9517,0.8575
17.78,-0.07042,0.01208,-0.0083,0.43194,-0.04184,1.5191,12.9517,0.8575
17.8,-0.07026,0.01192,-0.0089,0.43364,-0.01788,1.5191,12.9517,0.8574
17.82,-0.07008,0.01177,-0.00893,0.43534,0.01041,1.5191,12.9517,0.8574
17.84,-0.06992,0.01164,-0.00839,0.43696,0.03655,1.5192,12.9517,0.8573
17.86,-0.06976,0.01153,-0.00737,0.43844,0.05899,1.5192,12.9517,0.8573
17.88,-0.0696,0.01145,-0.00591,0.43975,0.07873,1.5192,12.9517,0.8572
17.9,-0.06947,0.01142,-0.00411,0.44085,0.09239,1.5192,12.9517,0.8571
17.92,-0.06937,0.01142,-0.00206,0.44173,0.10274,1.5192,12.9517,0.8571
17.94,-0.06931,0.01145,0.00014,0.44236,0.10812,1.5192,12.9518,0.857
17.96,-0.06931,0.01152,0.00239,0.44274,0.10815,1.5192,12.9518,0.8569
17.98,-0.06931,0.01161,0.0046,0.44284,0.10474,1.5192,12.9518,0.8569
18.0,-0.06932,0.01172,0.00657,0.44278,0.08895,1.5192,12.9518,0.8568
18.02,-0.0694,0.01184,0.00823,0.44254,0.07471,1.5192,12.9518,0.8568
18.04,-0.06953,0.01198,0.00962,0.44208,0.06172,1.5192,12.9518,0.8567
18.06,-0.06968,0.01212,0.01076,0.4414,0.05061,1.5192,12.9518,0.8567
18.08,-0.06985,0.01227,0.01166,0.44053,0.03848,1.5192,12.9518,0.8567
18.1,-0.07003,0.01243,0.01227,0.43949,0.02327,1.5192,12.9518,0.8567
18.12,-0.07022,0.01258,0.01261,0.43831,0.01008,1.5192,12.9518,0.8568
18.14,-0.07042,0.01272,0.01259,0.43705,-0.00898,1.5192,12.9517,0.8568
18.16,-0.07062,0.01284,0.01211,0.43582,-0.03323,1.5191,12.9517,0.8569
18.18,-0.07083,0.01295,0.01114,0.43472,-0.05274,1.5192,12.9516,0.8569
18.2,-0.07101,0.01302,0.00978,0.43381,-0.07453,1.5194,12.9514,0.8569
18.22,-0.07116,0.01308,0.00803,0.43308,-0.08759,1.5195,12.9511,0.8569
18.24,-0.07127,0.01308,0.00612,0.43262,-0.09742,1.5199,12.9506,0.8568
18.26,-0.0713,0.01307,0.00406,0.43237,-0.10269,1.5204,12.9499,0.8567
18.28,-0.07132,0.01304,0.00208,0.43241,-0.09445,1.5206,12.9491,0.8566
18.3,-0.07128,0.01297,0.00027,0.43273,-0.08353,1.5207,12.9481,0.8564
18.32,-0.07118,0.01289,-0.00124,0.43319,-0.06356,1.5207,12.9472,0.8563
18.34,-0.07105,0.01281,-0.00232,0.43385,-0.04564,1.5204,12.9463,0.8561
18.36,-0.07086,0.01269,-0.00317,0.43456,-0.03482,1.5204,12.9453,0.856
18.38,-0.07067,0.01257,-0.00369,0.43545,-0.0185,1.5203,12.9446,0.8559
18.4,-0.07048,0.01247,-0.0039,0.43644,-0.00339,1.5202,12.944,0.8559
18.42,-0.07029,0.01236,-0.00377,0.43751,0.01453,1.5201,12.9438,0.8558
18.44,-0.07014,0.01226,-0.00318,0.4386,0.03844,1.5201,12.9438,0.8557
18.46,-0.07003,0.01218,-0.00208,0.43968,0.06404,1.5202,12.9438,0.8557
18.48,-0.06993,0.01213,-0.00048,0.4407,0.08738,1.5202,12.9438,0.8556
18.5,-0.06984,0.01212,0.00153,0.44159,0.10455,1.5202,12.9438,0.8556
18.52,-0.06977,0.01211,0.00385,0.44231,0.11804,1.5202,12.9439,0.8555
18.54,-0.06973,0.01215,0.0064,0.44283,0.12719,1.5202,12.9439,0.8555
18.56,-0.06973,0.01222,0.00909,0.44312,0.13053,1.5202,12.9439,0.8554
18.58,-0.06975,0.01233,0.01181,0.44318,0.13062,1.5202,12.9439,0.8554
18.6,-0.0698,0.01244,0.01446,0.44301,0.12634,1.5202,12.9439,0.8554
18.62,-0.06996,0.01259,0.01686,0.44268,0.1085,1.5202,12.9439,0.8554
18.64,-0.07015,0.01274,0.01892,0.44221,0.0931,1.5202,12.9439,0.8554
18.66,-0.07037,0.01291,0.02072,0.44156,0.08243,1.5202,12.9439,0.8554
18.68,-0.07062,0.01308,0.02232,0.4407,0.07368,1.5201,12.9439,0.8554
18.7,-0.07089,0.01326,0.02372,0.43963,0.05925,1.52,12.944,0.8555
18.72,-0.07118,0.01346,0.02482,0.43833,0.0468,1.52,12.944,0.8555
18.74,-0.07149,0.01365,0.02574,0.43682,0.04087,1.52,12.944,0.8556
18.76,-0.07186,0.01385,0.02638,0.43519,0.02387,1.52,12.944,0.8556
18.78,-0.07225,0.01399,0.02658,0.43358,-0.0,1.52,12.944,0.8557
18.8,-0.07224,0.01411,0.02978,0.42735,0.25284,1.52,12.9439,0.8558
18.82,-0.07206,0.01419,0.03561,0.41747,0.30119,1.52,12.9439,0.8559
18.84,-0.07206,0.01423,0.04098,0.40801,0.23396,1.52,12.9439,0.8559
18.86,-0.07222,0.01423,0.04462,0.40026,0.13933,1.52,12.9439,0.856
18.88,-0.07243,0.01421,0.04643,0.39432,0.05305,1.52,12.9439,0.856
18.9,-0.07262,0.01416,0.04675,0.38993,-0.01008,1.52,12.9439,0.856
18.92,-0.07277,0.01409,0.04603,0.38681,-0.05015,1.52,12.9439,0.856
18.94,-0.07287,0.01401,0.0447,0.38473,-0.07147,1.52,12.9439,0.856
18.96,-0.0729,0.01391,0.04322,0.38342,-0.06925,1.52,12.9439,0.8559
18.98,-0.07289,0.0138,0.0418,0.38276,-0.06493,1.52,12.9439,0.8559
19.0,-0.07284,0.0137,0.04045,0.3827,-0.06282,1.52,12.9439,0.8558
19.02,-0.07276,0.01359,0.03916,0.38319,-0.06001,1.52,12.9439,0.8557
19.04,-0.07264,0.01349,0.03792,0.38418,-0.05874,1.52,12.9439,0.8557
19.06,-0.07251,0.01339,0.0365,0.38573,-0.07416,1.52,12.9439,0.8556
19.08,-0.07237,0.01332,0.03496,0.38777,-0.07363,1.52,12.9439,0.8555
19.1,-0.07219,0.01325,0.03349,0.39008,-0.06709,1.52,12.9439,0.8554
19.12,-0.07198,0.0132,0.03216,0.39253,-0.06072,1.52,12.9439,0.8552
19.14,-0.07175,0.01317,0.03095,0.39506,-0.05654,1.52,12.9439,0.8551
19.16,-0.07153,0.01317,0.02982,0.39762,-0.05341,1.52,12.9439,0.855
19.18,-0.07131,0.01321,0.02872,0.40018,-0.05216,1.52,12.9439,0.8549
19.2,-0.0711,0.01326,0.02758,0.40272,-0.05624,1.52,12.9439,0.8549
19.22,-0.0709,0.01333,0.02634,0.40519,-0.06227,1.52,12.9439,0.8548
19.24,-0.07071,0.01343,0.02494,0.40757,-0.07268,1.5201,12.9439,0.8547
19.26,-0.07057,0.01352,0.02347,0.40977,-0.07036,1.5201,12.9439,0.8547
19.28,-0.07048,0.01364,0.02193,0.41175,-0.07612,1.52,12.9439,0.8546
19.3,-0.07044,0.01376,0.02021,0.41356,-0.08727,1.52,12.9439,0.8546
19.32,-0.07045,0.01389,0.01825,0.41525,-0.10031,1.52,12.9439,0.8546
19.34,-0.07043,0.01401,0.01571,0.41705,-0.13721,1.52,12.9439,0.8546
19.36,-0.07042,0.01413,0.01259,0.41896,-0.15942,1.52,12.9439,0.8545
19.38,-0.07036,0.01426,0.00908,0.42088,-0.1752,1.52,12.9439,0.8545
19.4,-0.07024,0.01437,0.0053,0.42277,-0.18866,1.52,12.9439,0.8545
19.42,-0.07013,0.01446,0.00124,0.42466,-0.20124,1.52,12.9439,0.8545
19.44,-0.07005,0.01454,-0.00307,0.42657,-0.21259,1.52,12.9439,0.8545
19.46,-0.06997,0.0146,-0.00758,0.42855,-0.22063,1.52,12.9439,0.8545
19.48,-0.06991,0.01463,-0.01223,0.43062,-0.22582,1.52,12.9439,0.8545
19.5,-0.06984,0.01464,-0.01695,0.43279,-0.22871,1.52,12.9439,0.8545
19.52,-0.06976,0.01462,-0.02168,0.43508,-0.22651,1.52,12.9439,0.8544
19.54,-0.06967,0.01457,-0.02631,0.43748,-0.22045,1.52,12.9439,0.8544
19.56,-0.06959,0.0145,-0.03051,0.43988,-0.19141,1.52,12.9438,0.8544
19.58,-0.06951,0.01441,-0.0342,0.44222,-0.16897,1.52,12.9438,0.8543
19.6,-0.06946,0.01432,-0.03752,0.44461,-0.15274,1.52,12.9438,0.8542
19.62,-0.06941,0.0142,-0.04052,0.44718,-0.13939,1.52,12.9438,0.8541
19.64,-0.06933,0.01409,-0.04326,0.44991,-0.12505,1.52,12.9438,0.854
19.66,-0.06921,0.01397,-0.04572,0.45278,-0.11201,1.52,12.9438,0.8539
19.68,-0.06907,0.01385,-0.04789,0.45575,-0.09739,1.52,12.9438,0.8538
19.7,-0.06889,0.01375,-0.04995,0.45893,-0.09837,1.52,12.9438,0.8537
19.72,-0.06864,0.01367,-0.05184,0.46219,-0.08467,1.52,12.9438,0.8536
19.74,-0.06833,0.01361,-0.05337,0.4653,-0.07362,1.5199,12.9438,0.8535
19.76,-0.06805,0.01357,-0.05482,0.46771,-0.06115,1.52,12.9438,0.8533
19.78,-0.06776,0.01357,-0.05576,0.47031,-0.03697,1.52,12.9438,0.8532
19.8,-0.06747,0.01357,-0.05647,0.4725,-0.02703,1.52,12.9437,0.8531
19.82,-0.06716,0.01362,-0.05691,0.47457,-0.01922,1.52,12.9435,0.853
19.84,-0.06687,0.01368,-0.05726,0.47643,-0.01975,1.52,12.9435,0.853
19.86,-0.06657,0.01375,-0.05762,0.47805,-0.01541,1.52,12.9435,0.853
19.88,-0.06631,0.01385,-0.05798,0.47939,-0.01698,1.52,12.9435,0.853
19.9,-0.0661,0.01394,-0.05839,0.48048,-0.02017,1.52,12.9435,0.853
19.92,-0.06593,0.01405,-0.05895,0.48127,-0.0368,1.52,12.9435,0.853
19.94,-0.06575,0.01418,-0.0597,0.48179,-0.0378,1.52,12.9435,0.853
19.96,-0.06567,0.01431,-0.06054,0.48209,-0.04297,1.52,12.9435,0.8531
19.98,-0.06569,0.01444,-0.06149,0.48215,-0.04899,1.52,12.9435,0.8531
20.0,-0.06576,0.01457,-0.06258,0.48203,-0.05622,1.52,12.9435,0.8531
20.02,-0.06588,0.01466,-0.06385,0.48179,-0.06659,1.52,12.9435,0.8531
20.04,-0.066,0.01475,-0.0653,0.4815,-0.07404,1.52,12.9435,0.8532
20.06,-0.06609,0.01481,-0.06692,0.48119,-0.07974,1.52,12.9434,0.8532
20.08,-0.06616,0.01484,-0.06863,0.48089,-0.0848,1.52,12.9434,0.8532
20.1,-0.0662,0.01483,-0.0704,0.48065,-0.08697,1.52,12.9434,0.8532
20.12,-0.06621,0.0148,-0.07219,0.48048,-0.08712,1.52,12.9434,0.8533
20.14,-0.06621,0.01475,-0.07394,0.48043,-0.0849,1.52,12.9434,0.8533
20.16,-0.0662,0.01469,-0.07554,0.48046,-0.07276,1.52,12.9434,0.8533
20.18,-0.06619,0.0146,-0.07686,0.48052,-0.05734,1.52,12.9434,0.8533
20.2,-0.06615,0.01449,-0.07789,0.48075,-0.04392,1.5199,12.9434,0.8533
20.22,-0.06607,0.01439,-0.07865,0.48115,-0.03103,1.5199,12.9434,0.8533
20.24,-0.06598,0.01428,-0.07913,0.48171,-0.01635,1.5199,12.9434,0.8532
20.26,-0.06587,0.01416,-0.0793,0.48244,-0.00014,1.5199,12.9434,0.8532
20.28,-0.06575,0.01406,-0.07914,0.48329,0.0149,1.5199,12.9434,0.8531
20.3,-0.06566,0.01396,-0.07865,0.48422,0.03115,1.5199,12.9434,0.8531
20.32,-0.06558,0.01387,-0.0778,0.4852,0.05234,1.5199,12.9434,0.853
20.34,-0.06556,0.0138,-0.07669,0.48588,0.05117,1.5199,12.9434,0.853
20.36,-0.06549,0.01374,-0.07544,0.48658,0.06864,1.5199,12.9434,0.853
20.38,-0.06534,0.0137,-0.074,0.48723,0.071,1.5199,12.9434,0.853
20.4,-0.06515,0.01369,-0.07251,0.48781,0.07177,1.5199,12.9434,0.853
20.42,-0.06496,0.01369,-0.07104,0.48829,0.06944,1.5199,12.9434,0.853
20.44,-0.06478,0.01372,-0.06965,0.48866,0.06428,1.5199,12.9434,0.853
20.46,-0.06462,0.01379,-0.06841,0.48888,0.05657,1.5199,12.9434,0.853
20.48,-0.06451,0.01387,-0.06741,0.48901,0.04286,1.5199,12.9434,0.853
20.5,-0.06444,0.01397,-0.06668,0.48903,0.03061,1.5199,12.9434,0.853
20.52,-0.06441,0.01408,-0.0662,0.48902,0.01845,1.5199,12.9434,0.853
20.54,-0.0644,0.01421,-0.06589,0.48884,0.00618,1.5199,12.9434,0.853
20.56,-0.06437,0.01434,-0.0659,0.48828,-0.00543,1.5199,12.9434,0.853
20.58,-0.06439,0.01446,-0.06612,0.48755,-0.01539,1.5199,12.9434,0.8531
20.6,-0.06446,0.01459,-0.06653,0.48673,-0.0244,1.5199,12.9434,0.8531
20.62,-0.06461,0.0147,-0.06719,0.48587,-0.0368,1.5199,12.9434,0.8531
20.64,-0.0648,0.01479,-0.0681,0.48506,-0.04931,1.5199,12.9434,0.8532
20.66,-0.06499,0.01486,-0.06925,0.48431,-0.06038,1.5199,12.9434,0.8532
20.68,-0.06516,0.01491,-0.0706,0.48366,-0.06911,1.5199,12.9434,0.8532
20.7,-0.06533,0.01493,-0.0721,0.48313,-0.07537,1.5199,12.9434,0.8533
20.72,-0.06547,0.01493,-0.07369,0.48272,-0.07787,1.5199,12.9434,0.8533
20.74,-0.06559,0.0149,-0.07529,0.48246,-0.07625,1.5199,12.9434,0.8533
20.76,-0.06568,0.01485,-0.07681,0.48237,-0.07112,1.5199,12.9434,0.8533
20.78,-0.06574,0.01479,-0.07811,0.48239,-0.05674,1.5199,12.9433,0.8533
20.8,-0.0649,0.01465,-0.07364,0.47572,0.3908,1.5198,12.9432,0.8533
20.82,-0.06374,0.01447,-0.06441,0.4642,0.48514,1.5193,12.943,0.8532
20.84,-0.0628,0.01426,-0.05493,0.45339,0.4367,1.5186,12.9428,0.853
20.86,-0.06195,0.01406,-0.04766,0.44427,0.31627,1.5186,12.9428,0.853
20.88,-0.06128,0.01387,-0.04227,0.43781,0.22743,1.5186,12.9427,0.853
20.9,-0.06078,0.0137,-0.03876,0.43356,0.13916,1.5186,12.9427,0.853
20.92,-0.06044,0.01354,-0.03637,0.43105,0.09965,1.5186,12.9427,0.853
20.94,-0.05996,0.01338,-0.03477,0.42982,0.06214,1.5186,12.9427,0.853
20.96,-0.05929,0.01327,-0.03392,0.42965,0.02564,1.5186,12.9427,0.853
20.98,-0.05844,0.01319,-0.03376,0.43035,-0.00528,1.5186,12.9427,0.853
21.0,-0.05745,0.01314,-0.03421,0.43174,-0.03313,1.5186,12.9427,0.853
21.02,-0.05633,0.01314,-0.03523,0.43368,-0.06029,1.5186,12.9427,0.853
21.04,-0.05511,0.01316,-0.03681,0.43604,-0.08708,1.5186,12.9427,0.853
21.06,-0.05382,0.0132,-0.03892,0.43876,-0.11358,1.5186,12.9427,0.853
21.08,-0.05249,0.01325,-0.04154,0.44174,-0.13647,1.5186,12.9427,0.853
21.1,-0.05107,0.01332,-0.04466,0.44492,-0.16314,1.5186,12.9427,0.853
21.12,-0.04961,0.01339,-0.04815,0.44833,-0.17786,1.5185,12.9424,0.853
21.14,-0.04827,0.01348,-0.05198,0.45182,-0.19396,1.5184,12.9422,0.853
21.16,-0.04687,0.01356,-0.05623,0.45536,-0.21155,1.5183,12.942,0.853
21.18,-0.04551,0.01364,-0.06068,0.45905,-0.22347,1.5181,12.9417,0.853
21.2,-0.04417,0.01372,-0.06544,0.46266,-0.23543,1.518,12.9415,0.853
21.22,-0.04295,0.01378,-0.07032,0.46629,-0.24328,1.5179,12.9412,0.853
21.24,-0.0418,0.01383,-0.07529,0.46987,-0.23592,1.5178,12.941,0.853
21.26,-0.04072,0.01386,-0.08024,0.47337,-0.23694,1.5177,12.9408,0.853
21.28,-0.03971,0.01383,-0.0851,0.47671,-0.22661,1.5177,12.9406,0.8531
21.3,-0.0388,0.0138,-0.08965,0.47996,-0.21289,1.5177,12.9404,0.8531
21.32,-0.03802,0.01373,-0.09373,0.48313,-0.18622,1.5177,12.9403,0.8531
21.34,-0.03728,0.01363,-0.09717,0.48599,-0.15724,1.5176,12.9401,0.8531
21.36,-0.03669,0.01352,-0.0999,0.48855,-0.12,1.5177,12.9399,0.8531
21.38,-0.0362,0.01339,-0.10205,0.49083,-0.08595,1.5177,12.9398,0.853
21.4,-0.03588,0.01326,-0.10342,0.49307,-0.05325,1.5176,12.9397,0.853
21.42,-0.03559,0.01312,-0.1042,0.49512,-0.02746,1.5176,12.9397,0.853
21.44,-0.03541,0.01297,-0.10458,0.49677,-0.0128,1.5176,12.9397,0.853
21.46,-0.03528,0.01282,-0.10456,0.49828,0.00898,1.5176,12.9397,0.853
21.48,-0.03512,0.01269,-0.1041,0.49961,0.02775,1.5176,12.9397,0.853
21.5,-0.03493,0.01259,-0.10324,0.50079,0.05049,1.5176,12.9397,0.853
21.52,-0.03474,0.01251,-0.10207,0.50169,0.06203,1.5176,12.9397,0.853
21.54,-0.03455,0.01246,-0.10064,0.50246,0.07241,1.5176,12.9397,0.853
21.56,-0.03438,0.01242,-0.09907,0.50298,0.07723,1.5176,12.9397,0.853
21.58,-0.03423,0.01242,-0.09738,0.50341,0.08279,1.5176,12.9397,0.853
21.6,-0.03412,0.01245,-0.09569,0.5036,0.08135,1.5176,12.9397,0.853
21.62,-0.03406,0.01251,-0.09413,0.50361,0.06866,1.5176,12.9397,0.853
21.64,-0.03405,0.01259,-0.09277,0.50359,0.06252,1.5176,12.9397,0.853
21.66,-0.03405,0.0127,-0.09167,0.50351,0.04709,1.5176,12.9397,0.853
21.68,-0.03406,0.01282,-0.09081,0.50337,0.03821,1.5176,12.9397,0.853
21.7,-0.03413,0.01295,-0.09012,0.50305,0.02939,1.5176,12.9397,0.853
21.72,-0.03427,0.0131,-0.08964,0.50257,0.0197,1.5176,12.9397,0.853
21.74,-0.03445,0.01326,-0.08936,0.502,0.00499,1.5176,12.9397,0.853
21.76,-0.03465,0.01342,-0.08938,0.50134,-0.00712,1.5176,12.9397,0.853
21.78,-0.03487,0.01357,-0.08965,0.50062,-0.02103,1.5176,12.9397,0.853
21.8,-0.03511,0.01371,-0.09025,0.49994,-0.03772,1.5176,12.9397,0.853
21.82,-0.0353,0.01384,-0.09154,0.49905,-0.06927,1.5176,12.9397,0.853
21.84,-0.03551,0.01395,-0.09316,0.49826,-0.08483,1.5176,12.9397,0.8531
21.86,-0.03572,0.01403,-0.09503,0.4976,-0.09446,1.5176,12.9397,0.8531
21.88,-0.03594,0.01407,-0.09705,0.49709,-0.09991,1.5176,12.9397,0.8531
21.9,-0.03615,0.0141,-0.09913,0.49674,-0.10095,1.5176,12.9397,0.8531
21.92,-0.03634,0.01408,-0.10117,0.49659,-0.09678,1.5176,12.9397,0.8531
21.94,-0.0365,0.01402,-0.10306,0.49661,-0.08643,1.5176,12.9397,0.8531
21.96,-0.0366,0.01396,-0.10466,0.4967,-0.07165,1.5176,12.9397,0.8531
21.98,-0.03665,0.01389,-0.10594,0.497,-0.05549,1.5176,12.9397,0.8531
22.0,-0.03664,0.01377,-0.1069,0.4975,-0.03911,1.5176,12.9397,0.853
22.02,-0.03659,0.01365,-0.10751,0.49819,-0.02132,1.5176,12.9397,0.853
22.04,-0.03653,0.01352,-0.10768,0.49905,8e-05,1.5176,12.9397,0.853
22.06,-0.03652,0.01341,-0.10755,0.4998,0.01606,1.5176,12.9397,0.853
22.08,-0.03645,0.01331,-0.10705,0.50076,0.0291,1.5176,12.9397,0.853
22.1,-0.03632,0.01321,-0.10628,0.50173,0.04249,1.5176,12.9397,0.853
22.12,-0.03614,0.01312,-0.10526,0.50265,0.05361,1.5176,12.9397,0.853
22.14,-0.03595,0.01306,-0.10407,0.50344,0.06171,1.5176,12.9397,0.853
22.16,-0.03576,0.01304,-0.10272,0.50419,0.06727,1.5176,12.9397,0.853
22.18,-0.03559,0.01303,-0.10131,0.50475,0.0677,1.5176,12.9397,0.853
22.2,-0.03481,0.013,-0.09539,0.49818,0.4128,1.5176,12.9397,0.853
22.22,-0.03371,0.01294,-0.08558,0.486,0.50399,1.5176,12.9397,0.853
22.24,-0.0328,0.0129,-0.07581,0.47421,0.44791,1.5176,12.9397,0.853
22.26,-0.03213,0.01289,-0.06775,0.46456,0.34977,1.5176,12.9397,0.853
22.28,-0.03166,0.0129,-0.0617,0.45715,0.25452,1.5176,12.9397,0.853
22.3,-0.03132,0.01294,-0.05742,0.45159,0.17906,1.5176,12.9397,0.853
22.32,-0.0311,0.01301,-0.05438,0.44747,0.12521,1.5176,12.9397,0.853
22.34,-0.03099,0.01312,-0.05216,0.44445,0.09342,1.5176,12.9397,0.853
22.36,-0.03095,0.01322,-0.05053,0.44226,0.07419,1.5176,12.9397,0.853
22.38,-0.03095,0.01334,-0.04938,0.4407,0.03228,1.5176,12.9397,0.853
22.4,-0.03083,0.01347,-0.04902,0.43933,0.00667,1.5176,12.9397,0.8531
22.42,-0.03082,0.01362,-0.04914,0.43853,-0.01666,1.5175,12.9397,0.8532
22.44,-0.03084,0.01375,-0.04983,0.43823,-0.04516,1.5175,12.9397,0.8533
22.46,-0.03091,0.01388,-0.05107,0.43845,-0.07164,1.5175,12.9396,0.8533
22.48,-0.03105,0.01398,-0.05274,0.43925,-0.08028,1.5174,12.9396,0.8534
22.5,-0.03119,0.01404,-0.05463,0.44072,-0.09859,1.5171,12.9394,0.8534
22.52,-0.03125,0.01407,-0.05683,0.44259,-0.11208,1.5168,12.9392,0.8534
22.54,-0.03126,0.01406,-0.05925,0.44481,-0.12037,1.5165,12.939,0.8534
22.56,-0.03125,0.01403,-0.06172,0.44739,-0.11809,1.5163,12.9388,0.8534
22.58,-0.03119,0.01397,-0.0641,0.45024,-0.11352,1.5161,12.9386,0.8534
22.6,-0.03112,0.01389,-0.06631,0.45326,-0.10321,1.516,12.9385,0.8534
22.62,-0.03104,0.01381,-0.06822,0.45647,-0.0857,1.516,12.9385,0.8534
22.64,-0.03093,0.01371,-0.0697,0.45984,-0.06226,1.516,12.9385,0.8534
22.66,-0.03078,0.01361,-0.07069,0.46329,-0.03893,1.516,12.9385,0.8534
22.68,-0.03059,0.01349,-0.07118,0.46672,-0.0136,1.516,12.9385,0.8534
22.7,-0.03038,0.01338,-0.07117,0.47006,0.0105,1.516,12.9385,0.8534
22.72,-0.03018,0.01325,-0.07064,0.47322,0.03614,1.516,12.9384,0.8533
22.74,-0.02994,0.01316,-0.06965,0.47612,0.05729,1.516,12.9384,0.8533
22.76,-0.02969,0.01308,-0.06824,0.47867,0.07533,1.516,12.9384,0.8533
22.78,-0.02947,0.01302,-0.0665,0.48083,0.08951,1.516,12.9384,0.8533
22.8,-0.02926,0.01298,-0.0645,0.48256,0.1001,1.516,12.9384,0.8532
22.82,-0.02909,0.01297,-0.06234,0.48385,0.1069,1.516,12.9384,0.8532
22.84,-0.02894,0.01298,-0.06009,0.48475,0.10887,1.516,12.9384,0.8532
22.86,-0.02884,0.01302,-0.05785,0.48528,0.1048,1.516,12.9384,0.8532
22.88,-0.02876,0.01308,-0.05582,0.48553,0.09109,1.516,12.9384,0.8532
22.9,-0.02876,0.01318,-0.05409,0.48555,0.07617,1.516,12.9384,0.8532
22.92,-0.02875,0.01329,-0.05263,0.48536,0.06472,1.516,12.9384,0.8532
22.94,-0.02877,0.01341,-0.0514,0.48488,0.05447,1.516,12.9384,0.8533
22.96,-0.02879,0.01353,-0.05039,0.48414,0.0436,1.5159,12.9384,0.8533
22.98,-0.02887,0.01369,-0.04963,0.48316,0.03016,1.5159,12.9383,0.8533
23.0,-0.029,0.01382,-0.04909,0.48194,0.02219,1.5158,12.9383,0.8533
23.02,-0.0292,0.01397,-0.0488,0.48059,0.00819,1.5157,12.9383,0.8534
23.04,-0.02944,0.01409,-0.04887,0.47923,-0.01165,1.5156,12.9382,0.8534
23.06,-0.02971,0.01423,-0.04934,0.47792,-0.03191,1.5155,12.9381,0.8534
23.08,-0.02999,0.01432,-0.05024,0.47673,-0.05208,1.5153,12.938,0.8535
23.1,-0.03027,0.0144,-0.0515,0.4757,-0.06817,1.5151,12.9379,0.8535
23.12,-0.03052,0.01446,-0.05308,0.47486,-0.08283,1.5149,12.9378,0.8535
23.14,-0.03075,0.01447,-0.05489,0.47421,-0.08934,1.5148,12.9377,0.8534
23.16,-0.03093,0.01448,-0.05682,0.47376,-0.09534,1.5146,12.9376,0.8534
23.18,-0.03109,0.01444,-0.0588,0.47347,-0.09519,1.5145,12.9375,0.8534
23.2,-0.03123,0.01438,-0.06068,0.4734,-0.08639,1.5145,12.9375,0.8534
23.22,-0.03133,0.01431,-0.06224,0.47348,-0.06923,1.5145,12.9375,0.8534
23.24,-0.03135,0.01422,-0.06346,0.47376,-0.05091,1.5145,12.9375,0.8533
23.26,-0.03134,0.01412,-0.06431,0.47425,-0.0334,1.5145,12.9375,0.8533
23.28,-0.03133,0.014,-0.06478,0.47498,-0.01388,1.5145,12.9375,0.8533
23.3,-0.03127,0.01389,-0.06489,0.47592,0.00301,1.5145,12.9375,0.8532
23.32,-0.03115,0.01378,-0.0646,0.477,0.02274,1.5145,12.9375,0.8531
23.34,-0.031,0.01367,-0.06389,0.47815,0.04336,1.5145,12.9375,0.8531
23.36,-0.03088,0.01358,-0.06278,0.47927,0.0619,1.5145,12.9375,0.853
23.38,-0.03075,0.0135,-0.06121,0.48038,0.09073,1.5145,12.9375,0.853
23.4,-0.03063,0.01345,-0.05935,0.48116,0.08996,1.5145,12.9375,0.853
23.42,-0.03051,0.01344,-0.05733,0.48195,0.10279,1.5145,12.9375,0.853
23.44,-0.03039,0.01346,-0.05527,0.48257,0.09841,1.5145,12.9375,0.853
23.46,-0.03029,0.0135,-0.05327,0.48303,0.0935,1.5145,12.9375,0.853
23.48,-0.03019,0.01357,-0.05144,0.48332,0.08276,1.5145,12.9375,0.853
23.5,-0.03011,0.01367,-0.04989,0.48347,0.06792,1.5145,12.9375,0.853
23.52,-0.03005,0.01378,-0.04867,0.48348,0.05073,1.5145,12.9375,0.853
23.54,-0.03004,0.01391,-0.0478,0.48345,0.0343,1.5145,12.9375,0.853
23.56,-0.03005,0.01402,-0.04718,0.48326,0.02564,1.5145,12.9375,0.853
23.58,-0.03005,0.01417,-0.0469,0.48268,0.00415,1.5145,12.9375,0.853
23.6,-0.02963,0.01427,-0.04244,0.4749,0.35193,1.5144,12.9374,0.853
23.62,-0.02898,0.01433,-0.03416,0.46154,0.43319,1.5141,12.9374,0.853
23.64,-0.02843,0.01437,-0.02625,0.44849,0.35433,1.5139,12.9373,0.853
23.66,-0.02814,0.01441,-0.02033,0.43778,0.2494,1.5138,12.9372,0.853
23.68,-0.02804,0.01447,-0.01657,0.42962,0.13931,1.5137,12.9372,0.853
23.7,-0.02805,0.01451,-0.01458,0.42368,0.0666,1.5134,12.9371,0.853
23.72,-0.02808,0.01453,-0.01403,0.41943,0.00289,1.5133,12.937,0.853
23.74,-0.02818,0.01453,-0.0144,0.4166,-0.0339,1.5131,12.9369,0.853
23.76,-0.02831,0.01451,-0.01532,0.41495,-0.0518,1.513,12.9368,0.853
23.78,-0.02846,0.01447,-0.01653,0.41431,-0.06192,1.5129,12.9368,0.853
23.8,-0.02858,0.0144,-0.0179,0.41453,-0.06991,1.5128,12.9367,0.853
23.82,-0.02867,0.01433,-0.01943,0.41547,-0.07416,1.5127,12.9366,0.853
23.84,-0.02875,0.01424,-0.02101,0.41707,-0.07752,1.5127,12.9366,0.853
23.86,-0.02886,0.01417,-0.0226,0.41922,-0.07616,1.5126,12.9366,0.853
23.88,-0.02889,0.01407,-0.02409,0.42185,-0.06927,1.5126,12.9366,0.853
23.9,-0.02888,0.01395,-0.0254,0.42489,-0.06004,1.5126,12.9366,0.853
23.92,-0.02888,0.01386,-0.02647,0.42822,-0.0463,1.5126,12.9366,0.853
23.94,-0.02888,0.01376,-0.02723,0.43178,-0.03135,1.5126,12.9366,0.853
23.96,-0.02886,0.01366,-0.02767,0.43548,-0.01438,1.5126,12.9366,0.853
23.98,-0.02876,0.0136,-0.02777,0.43926,0.00019,1.5126,12.9366,0.853
24.0,-0.0286,0.01353,-0.02757,0.44302,0.01527,1.5126,12.9366,0.853
24.02,-0.02841,0.0135,-0.02709,0.4467,0.02362,1.5126,12.9366,0.853
24.04,-0.02824,0.01349,-0.02643,0.45017,0.03644,1.5126,12.9366,0.853
24.06,-0.02806,0.01349,-0.0256,0.4534,0.0418,1.5126,12.9366,0.853
24.08,-0.0279,0.01351,-0.02467,0.45634,0.04601,1.5126,12.9365,0.853
24.1,-0.02777,0.01355,-0.02366,0.45896,0.04935,1.5126,12.9365,0.853
24.12,-0.02769,0.0136,-0.02268,0.46118,0.04621,1.5126,12.9365,0.8531
24.14,-0.02763,0.01368,-0.02179,0.46303,0.0391,1.5126,12.9365,0.8531
24.16,-0.02761,0.01374,-0.02106,0.46453,0.03136,1.5126,12.9365,0.8531
24.18,-0.02761,0.01382,-0.02048,0.46563,0.02475,1.5126,12.9365,0.8531
24.2,-0.02762,0.0139,-0.02004,0.4663,0.0179,1.5126,12.9365,0.8532
24.22,-0.02764,0.014,-0.01975,0.46659,0.00974,1.5125,12.9365,0.8532
24.24,-0.02769,0.0141,-0.01963,0.46656,6e-05,1.5124,12.9364,0.8532
24.26,-0.02779,0.0142,-0.01969,0.4663,-0.00642,1.5123,12.9364,0.8532
24.28,-0.02792,0.01427,-0.01995,0.46583,-0.01722,1.5122,12.9363,0.8533
24.3,-0.02808,0.01434,-0.02042,0.46528,-0.02859,1.5121,12.9362,0.8533
24.32,-0.02825,0.01441,-0.02114,0.46474,-0.04075,1.5119,12.9361,0.8533
24.34,-0.02842,0.01446,-0.02213,0.46423,-0.05206,1.5117,12.9359,0.8533
24.36,-0.02859,0.01449,-0.02334,0.4638,-0.06244,1.5115,12.9358,0.8533
24.38,-0.02874,0.01451,-0.02478,0.46339,-0.07186,1.5113,12.9357,0.8532
24.4,-0.0289,0.01451,-0.02635,0.46308,-0.07689,1.5112,12.9356,0.8532
24.42,-0.02903,0.01448,-0.02794,0.46291,-0.07691,1.5112,12.9356,0.8532
24.44,-0.02913,0.01441,-0.02942,0.46285,-0.06812,1.5112,12.9356,0.8532
24.46,-0.0292,0.01434,-0.03063,0.46287,-0.05286,1.5112,12.9356,0.8532
24.48,-0.02922,0.01426,-0.03158,0.46301,-0.04017,1.5112,12.9356,0.8532
24.5,-0.02921,0.01416,-0.0323,0.46332,-0.02923,1.5112,12.9356,0.8532
24.52,-0.02919,0.01406,-0.03275,0.46379,-0.01555,1.5112,12.9356,0.8531
24.54,-0.02917,0.01395,-0.03288,0.46443,9e-05,1.5112,12.9356,0.8531
24.56,-0.0291,0.01385,-0.03269,0.46517,0.01589,1.5112,12.9356,0.853
24.58,-0.02898,0.01377,-0.03221,0.46597,0.03266,1.5112,12.9356,0.853
24.6,-0.02887,0.01369,-0.03108,0.46697,0.0714,1.5112,12.9356,0.853
24.62,-0.02884,0.01363,-0.02977,0.4674,0.06374,1.5112,12.9356,0.853
24.64,-0.02882,0.01359,-0.02825,0.46806,0.08115,1.5112,12.9356,0.853
24.66,-0.02876,0.01358,-0.02647,0.46881,0.0852,1.5112,12.9356,0.853
24.68,-0.02868,0.0136,-0.02476,0.46922,0.08491,1.5112,12.9356,0.853
24.7,-0.02859,0.01362,-0.02309,0.4696,0.07825,1.5112,12.9356,0.853
24.72,-0.02851,0.01367,-0.02158,0.46985,0.0697,1.5112,12.9356,0.853
24.74,-0.02845,0.01375,-0.0203,0.46999,0.05614,1.5112,12.9356,0.853
24.76,-0.02841,0.01384,-0.01934,0.47004,0.04014,1.5112,12.9356,0.853
24.78,-0.02839,0.01393,-0.01869,0.47003,0.02474,1.5112,12.9356,0.853
24.8,-0.0284,0.01402,-0.01831,0.46998,0.01367,1.5112,12.9356,0.853
24.82,-0.02841,0.01413,-0.0181,0.46974,0.00714,1.5112,12.9356,0.853
24.84,-0.02849,0.01423,-0.01809,0.46933,-0.01084,1.5112,12.9356,0.853
24.86,-0.02852,0.01433,-0.01848,0.46858,-0.02473,1.5112,12.9356,0.853
24.88,-0.02858,0.01444,-0.01911,0.46776,-0.03556,1.5112,12.9356,0.8531
24.9,-0.02871,0.01454,-0.02003,0.46697,-0.05332,1.5112,12.9356,0.8531
24.92,-0.02889,0.01461,-0.02124,0.46631,-0.06228,1.5111,12.9356,0.8531
24.94,-0.02906,0.01468,-0.02272,0.46574,-0.07953,1.511,12.9355,0.8532
24.96,-0.02923,0.01472,-0.02442,0.46531,-0.08568,1.511,12.9355,0.8532
24.98,-0.02938,0.01474,-0.0263,0.46499,-0.09172,1.5109,12.9354,0.8532
25.0,-0.02879,0.01467,-0.02263,0.45774,0.34851,1.5106,12.9353,0.8531
25.02,-0.02784,0.01457,-0.01397,0.44509,0.4676,1.5099,12.9351,0.853
25.04,-0.02704,0.01442,-0.00567,0.43283,0.37089,1.5095,12.935,0.853
25.06,-0.02661,0.01427,0.00026,0.42323,0.23414,1.5095,12.9349,0.853
25.08,-0.02647,0.0141,0.0037,0.41666,0.12117,1.5095,12.9349,0.853
25.1,-0.02635,0.01393,0.00545,0.4124,0.06376,1.5095,12.9349,0.853
25.12,-0.02626,0.01374,0.00642,0.40963,0.03798,1.5095,12.9349,0.853
25.14,-0.02617,0.01357,0.00676,0.40813,0.00383,1.5095,12.9349,0.853
25.16,-0.026,0.01342,0.00639,0.40781,-0.03025,1.5095,12.9349,0.853
25.18,-0.02576,0.01329,0.00537,0.40851,-0.06162,1.5095,12.9349,0.853
25.2,-0.02545,0.01318,0.00331,0.41032,-0.12362,1.5095,12.9349,0.853
25.22,-0.02506,0.01311,0.00025,0.4131,-0.16325,1.5095,12.9348,0.853
25.24,-0.02464,0.01307,-0.00347,0.4165,-0.19103,1.5095,12.9348,0.853
25.26,-0.02417,0.01304,-0.00765,0.42035,-0.20902,1.5095,12.9348,0.853
25.28,-0.02366,0.01305,-0.01216,0.42457,-0.22116,1.5095,12.9348,0.853
25.3,-0.02314,0.01308,-0.01693,0.42906,-0.23563,1.5095,12.9348,0.853
25.32,-0.02262,0.01311,-0.0219,0.43373,-0.24369,1.5095,12.9348,0.853
25.34,-0.02211,0.01315,-0.02702,0.43858,-0.24759,1.5095,12.9348,0.853
25.36,-0.02162,0.0132,-0.03223,0.44349,-0.25375,1.5095,12.9348,0.853
25.38,-0.02117,0.01324,-0.03751,0.44845,-0.25843,1.5095,12.9348,0.853
25.4,-0.02073,0.01329,-0.04281,0.4534,-0.25706,1.5095,12.9348,0.853
25.42,-0.02034,0.01335,-0.04809,0.45826,-0.25602,1.5095,12.9348,0.853
25.44,-0.01996,0.01341,-0.05331,0.46302,-0.24961,1.5095,12.9348,0.853
25.46,-0.01962,0.01345,-0.05845,0.46753,-0.24445,1.5095,12.9348,0.853
25.48,-0.01932,0.0135,-0.06339,0.47189,-0.23545,1.5095,12.9348,0.853
25.5,-0.01903,0.0135,-0.06812,0.47594,-0.22561,1.5095,12.9348,0.853
25.52,-0.01878,0.01352,-0.07253,0.4797,-0.20423,1.5095,12.9348,0.853
25.54,-0.01852,0.0135,-0.07657,0.48306,-0.18667,1.5095,12.9348,0.853
25.56,-0.01833,0.01346,-0.07997,0.48599,-0.14912,1.5095,12.9348,0.853
25.58,-0.0182,0.0134,-0.08276,0.48843,-0.12361,1.5095,12.9348,0.853
25.6,-0.01814,0.01334,-0.08503,0.49043,-0.10029,1.5095,12.9348,0.853
25.62,-0.01807,0.01325,-0.08687,0.49219,-0.08359,1.5095,12.9348,0.853
25.64,-0.01798,0.01314,-0.08841,0.49372,-0.06714,1.5095,12.9348,0.853
25.66,-0.01789,0.01303,-0.0896,0.49503,-0.05149,1.5096,12.9348,0.853
25.68,-0.01781,0.01291,-0.09052,0.49618,-0.03964,1.5096,12.9347,0.853
25.7,-0.0177,0.01279,-0.0912,0.49724,-0.02787,1.5097,12.9347,0.853
25.72,-0.01755,0.01269,-0.09167,0.4982,-0.01763,1.5097,12.9347,0.853
25.74,-0.0174,0.01258,-0.0919,0.49906,-0.00879,1.5098,12.9346,0.853
25.76,-0.01725,0.01248,-0.09192,0.49989,5e-05,1.5098,12.9346,0.853
25.78,-0.01706,0.01238,-0.09176,0.50065,0.01231,1.5099,12.9346,0.853
25.8,-0.01687,0.01231,-0.09143,0.5013,0.02198,1.5099,12.9346,0.853
25.82,-0.01667,0.01226,-0.09094,0.50188,0.02565,1.51,12.9345,0.853
25.84,-0.0165,0.01221,-0.0904,0.50238,0.02631,1.51,12.9345,0.853
25.86,-0.01634,0.01221,-0.08985,0.5028,0.02639,1.51,12.9345,0.853
25.88,-0.01619,0.01222,-0.08932,0.50313,0.02386,1.51,12.9345,0.853
25.9,-0.01606,0.01224,-0.08892,0.50339,0.01495,1.51,12.9345,0.853
25.92,-0.01595,0.01227,-0.08872,0.50361,0.00568,1.51,12.9345,0.853
25.94,-0.01586,0.01232,-0.08871,0.50379,-0.0028,1.51,12.9345,0.853
25.96,-0.01577,0.01237,-0.08886,0.50391,-0.01102,1.51,12.9345,0.853
25.98,-0.01569,0.01242,-0.08916,0.50393,-0.01774,1.51,12.9345,0.853
26.0,-0.01564,0.01247,-0.08961,0.50392,-0.02479,1.51,12.9345,0.853
26.02,-0.01562,0.01254,-0.09021,0.50391,-0.03211,1.51,12.9345,0.853
26.04,-0.01561,0.01259,-0.09094,0.50389,-0.03808,1.51,12.9345,0.853
26.06,-0.01562,0.01264,-0.09178,0.50387,-0.04371,1.51,12.9345,0.853
26.08,-0.01563,0.01268,-0.09273,0.50383,-0.04628,1.51,12.9345,0.853
26.1,-0.01564,0.01271,-0.09374,0.50372,-0.04818,1.51,12.9345,0.853
26.12,-0.01565,0.01272,-0.09479,0.50356,-0.05115,1.51,12.9345,0.853
26.14,-0.01566,0.01273,-0.09588,0.50343,-0.05182,1.51,12.9345,0.853
26.16,-0.01567,0.01271,-0.09694,0.5034,-0.05302,1.51,12.9345,0.853
26.18,-0.01568,0.01267,-0.09795,0.50341,-0.04753,1.51,12.9345,0.853
26.2,-0.01569,0.01261,-0.09879,0.50342,-0.03572,1.51,12.9345,0.853
26.22,-0.0157,0.01255,-0.0994,0.50344,-0.02478,1.51,12.9345,0.853
26.24,-0.01571,0.01249,-0.09983,0.50347,-0.01568,1.51,12.9345,0.853
26.26,-0.01571,0.0124,-0.1001,0.50361,-0.01026,1.51,12.9345,0.853
26.28,-0.01572,0.01231,-0.10021,0.5039,-3e-05,1.51,12.9345,0.853
26.3,-0.01572,0.01224,-0.10019,0.50428,0.00261,1.51,12.9345,0.853
26.32,-0.0157,0.01215,-0.10006,0.50471,0.00942,1.51,12.9345,0.853
26.34,-0.01569,0.01208,-0.09978,0.50515,0.01611,1.5101,12.9344,0.853
26.36,-0.01562,0.01201,-0.09941,0.50556,0.01745,1.5101,12.9344,0.853
26.38,-0.0155,0.01195,-0.09896,0.50599,0.02228,1.5101,12.9344,0.853
26.4,-0.01522,0.01188,-0.09428,0.50204,0.34964,1.5101,12.9344,0.853
26.42,-0.015,0.01179,-0.08603,0.49473,0.43245,1.5101,12.9344,0.853
26.44,-0.01475,0.01168,-0.0778,0.48766,0.3808,1.5101,12.9344,0.853
26.46,-0.01448,0.0116,-0.07095,0.48186,0.29849,1.5101,12.9344,0.853
26.48,-0.01414,0.01152,-0.06566,0.47732,0.22997,1.5101,12.9344,0.853
26.5,-0.01381,0.01148,-0.06172,0.47372,0.17018,1.5101,12.9344,0.853
26.52,-0.01355,0.01146,-0.0588,0.47084,0.1228,1.5101,12.9344,0.853
26.54,-0.01338,0.01148,-0.05663,0.46848,0.09394,1.5101,12.9344,0.853
26.56,-0.01326,0.01152,-0.05486,0.46641,0.07679,1.5101,12.9344,0.853
26.58,-0.01324,0.01158,-0.05337,0.46451,0.06855,1.5101,12.9344,0.853
26.6,-0.01304,0.01166,-0.05243,0.46216,0.02662,1.51,12.9343,0.8531
26.62,-0.01296,0.01177,-0.05164,0.45969,0.02945,1.5099,12.9341,0.853
26.64,-0.01293,0.01191,-0.05158,0.45674,0.00829,1.5097,12.9339,0.853
26.66,-0.01311,0.01204,-0.05151,0.45411,0.01427,1.5095,12.9338,0.853
26.68,-0.01324,0.01216,-0.05193,0.45133,-0.0288,1.5094,12.9338,0.8531
26.7,-0.01365,0.01225,-0.05189,0.44949,0.02699,1.5094,12.9338,0.8532
26.72,-0.01381,0.01233,-0.05229,0.44758,-0.00425,1.5088,12.9334,0.853
26.74,-0.01426,0.01238,-0.05178,0.44695,0.04834,1.5088,12.9334,0.853
26.76,-0.01454,0.01239,-0.051,0.44688,0.03483,1.5085,12.9333,0.853
26.78,-0.01462,0.01242,-0.05028,0.44709,0.04231,1.5083,12.9331,0.8531
26.8,-0.01472,0.01244,-0.05098,0.44661,-0.12854,1.5079,12.9329,0.8531
26.82,-0.01488,0.01246,-0.05273,0.44604,-0.03785,1.5078,12.9329,0.853
26.84,-0.01507,0.01244,-0.05308,0.44648,-0.0655,1.5078,12.9329,0.853
26.86,-0.01516,0.01241,-0.05426,0.44659,-0.01879,1.5078,12.9329,0.853
26.88,-0.01524,0.01234,-0.05486,0.44693,-0.02653,1.5078,12.9329,0.853
26.9,-0.0153,0.01227,-0.05519,0.44735,-0.01363,1.5078,12.9329,0.853
26.92,-0.01537,0.01218,-0.05527,0.44779,1e-05,1.5078,12.9329,0.853
26.94,-0.01539,0.0121,-0.05516,0.44827,0.00741,1.5078,12.9329,0.853
26.96,-0.01538,0.01203,-0.05492,0.4488,0.01523,1.5078,12.9329,0.853
26.98,-0.01536,0.01194,-0.05457,0.44938,0.0188,1.5078,12.9329,0.853
27.0,-0.01535,0.01186,-0.05066,0.44612,0.29223,1.5078,12.9329,0.853
27.02,-0.01526,0.01177,-0.04377,0.43971,0.35942,1.5078,12.9329,0.853
27.04,-0.01501,0.01169,-0.03696,0.43338,0.3134,1.5078,12.9329,0.853
27.06,-0.01463,0.01162,-0.0313,0.42816,0.24672,1.5078,12.9329,0.853
27.08,-0.01422,0.01158,-0.02682,0.42411,0.19135,1.5078,12.9329,0.853
27.1,-0.01386,0.01156,-0.02342,0.421,0.14543,1.5078,12.9329,0.853
27.12,-0.01357,0.01157,-0.02079,0.41863,0.11604,1.5078,12.9329,0.853
27.14,-0.01337,0.01161,-0.01867,0.41674,0.09589,1.5078,12.9329,0.853
27.16,-0.01322,0.01168,-0.01686,0.41517,0.08294,1.5078,12.9329,0.853
27.18,-0.01317,0.01177,-0.01525,0.41379,0.07331,1.5078,12.9329,0.853
27.2,-0.01318,0.01188,-0.0138,0.4125,0.06644,1.5078,12.9329,0.853
27.22,-0.01319,0.01199,-0.0125,0.41126,0.05822,1.5078,12.9329,0.853
27.24,-0.01327,0.01211,-0.01138,0.41006,0.05246,1.5078,12.9329,0.853
27.26,-0.01342,0.01224,-0.01049,0.40887,0.03827,1.5078,12.9329,0.853
27.28,-0.0136,0.01237,-0.00983,0.40772,0.02859,1.5078,12.9329,0.8531
27.3,-0.0138,0.01249,-0.00945,0.40659,0.01324,1.5078,12.9329,0.8531
27.32,-0.01402,0.01259,-0.00931,0.40551,-0.00033,1.5078,12.9329,0.8531
27.34,-0.01422,0.01268,-0.00949,0.4045,-0.0138,1.5078,12.9329,0.8531
27.36,-0.01442,0.01275,-0.00993,0.40361,-0.02975,1.5078,12.9329,0.8531
27.38,-0.01462,0.0128,-0.01064,0.40285,-0.04015,1.5078,12.9329,0.8531
27.4,-0.0148,0.01284,-0.01154,0.40221,-0.04392,1.5078,12.9329,0.8532
27.42,-0.01495,0.01286,-0.01255,0.40171,-0.04956,1.5078,12.9329,0.8532
27.44,-0.01509,0.01284,-0.01358,0.40134,-0.04972,1.5077,12.9329,0.8532
27.46,-0.01521,0.01282,-0.01448,0.40106,-0.03873,1.5078,12.9329,0.8532
27.48,-0.01534,0.01278,-0.01513,0.40087,-0.02635,1.5077,12.9329,0.8532
27.5,-0.01545,0.01272,-0.01553,0.40081,-0.01488,1.5077,12.9329,0.8532
27.52,-0.01553,0.01264,-0.01571,0.40082,-0.00031,1.5077,12.9329,0.8532
27.54,-0.01558,0.01256,-0.01564,0.40093,0.00773,1.5077,12.9329,0.8532
27.56,-0.01561,0.01247,-0.01537,0.40115,0.01788,1.5077,12.9329,0.8532
27.58,-0.01561,0.01237,-0.01493,0.40145,0.02517,1.5077,12.9329,0.8532
27.6,-0.01558,0.01229,-0.01436,0.40182,0.03029,1.5077,12.9329,0.8532
27.62,-0.01553,0.01221,-0.0137,0.40223,0.03263,1.5077,12.9329,0.8532
27.64,-0.01544,0.01215,-0.01303,0.40267,0.03186,1.5077,12.9329,0.8531
27.66,-0.01534,0.01212,-0.01239,0.40313,0.0297,1.5077,12.9329,0.8531
27.68,-0.01519,0.0121,-0.01182,0.40358,0.02456,1.5077,12.9329,0.8531
27.7,-0.01502,0.01209,-0.01139,0.40404,0.01743,1.5077,12.9329,0.8531
27.72,-0.01485,0.0121,-0.01113,0.40451,0.0078,1.5077,12.9329,0.8531
27.74,-0.01468,0.01212,-0.01108,0.40498,9e-05,1.5077,12.9329,0.8531
27.76,-0.01451,0.01214,-0.01124,0.40541,-0.01223,1.5077,12.9329,0.8531
27.78,-0.01429,0.01215,-0.01161,0.40572,-0.02048,1.5076,12.933,0.8531
27.8,-0.01412,0.0122,-0.01215,0.40603,-0.03171,1.5078,12.9329,0.8532
27.82,-0.01401,0.01223,-0.01286,0.40635,-0.03998,1.5079,12.9327,0.8532
27.84,-0.01387,0.01227,-0.01357,0.40644,-0.0366,1.508,12.9327,0.8533
27.86,-0.01373,0.01233,-0.01439,0.4063,-0.04107,1.508,12.9326,0.8533
27.88,-0.01366,0.01237,-0.01526,0.40602,-0.05513,1.508,12.9325,0.8534
27.9,-0.01367,0.01244,-0.01632,0.40575,-0.0461,1.5081,12.9325,0.8535
27.92,-0.0137,0.01248,-0.01765,0.40576,-0.07467,1.5081,12.9324,0.8536
27.94,-0.01373,0.0125,-0.01914,0.40587,-0.07126,1.5082,12.9323,0.8537
27.96,-0.01378,0.0125,-0.02091,0.40627,-0.10414,1.5088,12.9323,0.8539
27.98,-0.01386,0.01247,-0.02298,0.40703,-0.09677,1.5099,12.9325,0.8542
28.0,-0.01393,0.01242,-0.02483,0.40773,-0.08448,1.511,12.9328,0.8544
28.02,-0.01394,0.01234,-0.02643,0.40836,-0.07607,1.5117,12.9328,0.8546
28.04,-0.01396,0.01224,-0.02786,0.40904,-0.06813,1.5126,12.9325,0.8548
28.06,-0.01397,0.01213,-0.02915,0.40974,-0.05617,1.5147,12.932,0.8554
28.08,-0.01395,0.01202,-0.03016,0.41036,-0.04785,1.5159,12.9317,0.8558
28.1,-0.01395,0.01189,-0.03101,0.41101,-0.03986,1.5171,12.9314,0.8562
28.12,-0.01394,0.01176,-0.03165,0.41165,-0.02743,1.5173,12.9314,0.8562
28.14,-0.01387,0.01163,-0.03211,0.41228,-0.02175,1.5174,12.9313,0.8563
28.16,-0.01377,0.01152,-0.03243,0.4129,-0.01885,1.5182,12.9312,0.8566
28.18,-0.01363,0.0114,-0.0326,0.41353,-0.01369,1.5183,12.9312,0.8566
28.2,-0.01348,0.0113,-0.03266,0.41415,-0.01,1.5185,12.9311,0.8567
28.22,-0.01331,0.01119,-0.03266,0.41479,-0.00893,1.5186,12.931,0.8567
28.24,-0.01312,0.01111,-0.03266,0.41546,-0.00718,1.519,12.931,0.8568
28.26,-0.01291,0.01105,-0.03275,0.41613,-0.0083,1.5193,12.9309,0.8569
28.28,-0.01268,0.01099,-0.03293,0.4168,-0.00981,1.5196,12.9308,0.857
28.3,-0.01246,0.01096,-0.03323,0.41746,-0.02517,1.5201,12.9308,0.8572
28.32,-0.01223,0.01093,-0.03366,0.41812,-0.03559,1.5202,12.9308,0.8572
28.34,-0.01199,0.01092,-0.03422,0.41879,-0.04148,1.5203,12.9308,0.8572
28.36,-0.01176,0.01092,-0.03492,0.41942,-0.04508,1.5204,12.9308,0.8573
28.38,-0.01154,0.01093,-0.0358,0.42002,-0.05493,1.5205,12.9308,0.8573
28.4,-0.01132,0.01093,-0.03687,0.42058,-0.06703,1.5205,12.9307,0.8573
28.42,-0.01112,0.01093,-0.03811,0.42112,-0.07334,1.5205,12.9308,0.8573
28.44,-0.01095,0.01094,-0.03946,0.42162,-0.07651,1.5205,12.9308,0.8573
28.46,-0.0108,0.01094,-0.04094,0.4221,-0.08304,1.5205,12.9308,0.8573
28.48,-0.01066,0.01093,-0.0425,0.42254,-0.08506,1.5205,12.9308,0.8572
28.5,-0.01054,0.01091,-0.04408,0.42295,-0.08403,1.5204,12.9308,0.8572
28.52,-0.01048,0.01089,-0.04561,0.42333,-0.08258,1.5205,12.9308,0.8572
28.54,-0.01044,0.01085,-0.04708,0.42368,-0.07976,1.5205,12.9308,0.8572
28.56,-0.01037,0.0108,-0.04846,0.42401,-0.07242,1.5205,12.9308,0.8572
28.58,-0.0103,0.01074,-0.04972,0.42433,-0.06632,1.5205,12.9308,0.8571
28.6,-0.01025,0.01065,-0.05079,0.42464,-0.05498,1.5205,12.9308,0.8571
28.62,-0.01019,0.01057,-0.05167,0.42496,-0.04822,1.5205,12.9308,0.8571
28.64,-0.01014,0.01048,-0.05235,0.42525,-0.03688,1.5205,12.9308,0.8571
28.66,-0.01009,0.01038,-0.05284,0.42556,-0.02817,1.5205,12.9308,0.8571
28.68,-0.01002,0.01027,-0.05313,0.42586,-0.01842,1.5205,12.9308,0.8571
28.7,-0.00995,0.01017,-0.05325,0.42618,-0.01228,1.5206,12.9308,0.8571
28.72,-0.00987,0.01007,-0.05325,0.4265,-0.00757,1.5207,12.9308,0.8571
28.74,-0.00978,0.00998,-0.05311,0.42682,-0.00329,1.5209,12.9308,0.8572
28.76,-0.00969,0.00991,-0.05289,0.42714,-4e-05,1.5209,12.9308,0.8572
28.78,-0.00955,0.00983,-0.05265,0.42746,0.00254,1.521,12.9307,0.8573
28.8,-0.00939,0.00977,-0.05239,0.42778,3e-05,1.521,12.9307,0.8573
28.82,-0.00925,0.00973,-0.05216,0.42809,4e-05,1.5211,12.9307,0.8573
28.84,-0.00911,0.00969,-0.05196,0.42838,-0.0038,1.5211,12.9307,0.8574
28.86,-0.00897,0.00968,-0.05184,0.42866,-0.00827,1.5211,12.9307,0.8574
28.88,-0.00883,0.00967,-0.05182,0.42894,-0.01506,1.5212,12.9307,0.8574
28.9,-0.00869,0.00965,-0.05195,0.42923,-0.02245,1.5212,12.9307,0.8574
28.92,-0.00855,0.00966,-0.05225,0.42951,-0.03061,1.5212,12.9307,0.8574
28.94,-0.00841,0.00968,-0.05272,0.42979,-0.03991,1.5212,12.9307,0.8574
28.96,-0.0083,0.0097,-0.05334,0.43006,-0.04364,1.5212,12.9307,0.8574
28.98,-0.0082,0.00971,-0.05408,0.4303,-0.0492,1.5212,12.9307,0.8574
29.0,-0.00811,0.00973,-0.05493,0.43054,-0.05621,1.5212,12.9307,0.8574
29.02,-0.00802,0.00975,-0.05589,0.43077,-0.0606,1.5211,12.9307,0.8574
29.04,-0.00794,0.00977,-0.05691,0.43098,-0.06347,1.5211,12.9307,0.8574
29.06,-0.00788,0.00978,-0.05798,0.43117,-0.06556,1.5211,12.9307,0.8574
29.08,-0.00783,0.00979,-0.05905,0.43134,-0.05951,1.5211,12.9307,0.8573
29.1,-0.00783,0.00977,-0.06004,0.43144,-0.05689,1.5211,12.9307,0.8573
29.12,-0.00781,0.00975,-0.06095,0.43154,-0.05437,1.5211,12.9307,0.8573
29.14,-0.0078,0.00973,-0.06177,0.43164,-0.04975,1.5211,12.9307,0.8573
29.16,-0.00782,0.00969,-0.06246,0.43172,-0.04069,1.5211,12.9307,0.8573
29.18,-0.00786,0.00965,-0.06302,0.43182,-0.0333,1.5211,12.9308,0.8573
29.2,-0.00788,0.00959,-0.06342,0.43192,-0.02697,1.5211,12.9308,0.8573
29.22,-0.00788,0.00953,-0.06368,0.43201,-0.01924,1.5211,12.9308,0.8573
29.24,-0.00787,0.00945,-0.06379,0.4321,-0.01198,1.5211,12.9307,0.8573
29.26,-0.00784,0.00939,-0.06379,0.43221,-0.0086,1.5211,12.9307,0.8573
29.28,-0.00781,0.00932,-0.06369,0.43233,-0.00552,1.5211,12.9307,0.8573
29.3,-0.00778,0.00926,-0.06351,0.43248,0.00068,1.5211,12.9307,0.8573
29.32,-0.00775,0.0092,-0.06325,0.4326,-9e-05,1.5211,12.9307,0.8573
29.34,-0.0077,0.00914,-0.06295,0.43274,0.00381,1.5211,12.9307,0.8573
29.36,-0.00764,0.00911,-0.06264,0.43287,0.00325,1.5212,12.9307,0.8573
29.38,-0.00758,0.00909,-0.06238,0.433,-5e-05,1.5212,12.9307,0.8573
29.4,-0.00748,0.00908,-0.06215,0.43315,0.00058,1.5212,12.9307,0.8573
29.42,-0.00739,0.00909,-0.06193,0.43325,0.0003,1.5212,12.9307,0.8574
29.44,-0.00731,0.00909,-0.06182,0.43337,-0.00493,1.5212,12.9307,0.8574
29.46,-0.00723,0.0091,-0.06184,0.43353,-0.01131,1.5212,12.9307,0.8574
29.48,-0.00715,0.00911,-0.06196,0.43366,-0.01989,1.5212,12.9307,0.8574
29.5,-0.00707,0.00914,-0.06219,0.43376,-0.02569,1.5212,12.9306,0.8574
29.52,-0.007,0.00916,-0.06254,0.43386,-0.03043,1.5212,12.9307,0.8574
29.54,-0.00694,0.00918,-0.063,0.43397,-0.03521,1.5212,12.9307,0.8574
29.56,-0.00689,0.00921,-0.06353,0.43407,-0.03696,1.5212,12.9307,0.8574
29.58,-0.00684,0.00923,-0.06414,0.43418,-0.04119,1.5212,12.9307,0.8574
29.6,-0.00681,0.00926,-0.06479,0.43428,-0.04455,1.5212,12.9307,0.8574
29.62,-0.00678,0.00926,-0.06547,0.43438,-0.04255,1.5212,12.9307,0.8574
29.64,-0.00679,0.00927,-0.06614,0.43448,-0.04311,1.5212,12.9307,0.8574
29.66,-0.00682,0.00926,-0.06677,0.43458,-0.04076,1.5212,12.9307,0.8573
29.68,-0.00683,0.00924,-0.06737,0.43469,-0.03948,1.5212,12.9307,0.8573
29.7,-0.00683,0.00923,-0.06788,0.43479,-0.03418,1.5212,12.9307,0.8573
29.72,-0.00683,0.0092,-0.06832,0.43489,-0.02892,1.5212,12.9307,0.8573
29.74,-0.00685,0.00917,-0.06867,0.43498,-0.02446,1.5212,12.9307,0.8573
29.76,-0.0069,0.00913,-0.06892,0.43507,-0.02083,1.5212,12.9307,0.8573
29.78,-0.00694,0.00909,-0.06906,0.43516,-0.01511,1.5212,12.9307,0.8573
29.8,-0.00551,0.00901,-0.06618,0.43289,0.2131,1.521,12.9306,0.8574
29.82,-0.00367,0.00892,-0.06106,0.42882,0.24847,1.5207,12.9305,0.8576
29.84,-0.00246,0.00885,-0.05602,0.42492,0.21712,1.5204,12.9304,0.8577
29.86,-0.00184,0.00877,-0.05181,0.42177,0.1784,1.5203,12.9303,0.8578
29.88,-0.00159,0.00872,-0.04845,0.41945,0.13824,1.5202,12.9302,0.8579
29.9,-0.00157,0.00868,-0.04576,0.41786,0.10729,1.5201,12.9302,0.8579
29.92,-0.00168,0.00865,-0.04352,0.41687,0.09353,1.5201,12.9302,0.858
29.94,-0.00188,0.00864,-0.04152,0.41636,0.08238,1.5201,12.9302,0.858
29.96,-0.00213,0.00863,-0.03974,0.4163,0.07094,1.5201,12.9302,0.858
29.98,-0.00242,0.00865,-0.03815,0.41663,0.06214,1.5201,12.9302,0.858
30.0,-0.00279,0.00869,-0.03676,0.41735,0.05111,1.5201,12.9302,0.858
30.02,-0.0033,0.00876,-0.03561,0.41843,0.04136,1.5201,12.9302,0.858
30.04,-0.00387,0.00884,-0.03472,0.41985,0.0249,1.5201,12.9302,0.858
30.06,-0.00448,0.00894,-0.03413,0.42159,0.01091,1.5201,12.9302,0.8579
30.08,-0.00512,0.00904,-0.03385,0.42364,-0.00406,1.5201,12.9302,0.8579
30.1,-0.00576,0.00917,-0.03387,0.426,-0.01696,1.5201,12.9302,0.8578
30.12,-0.00641,0.0093,-0.03417,0.42863,-0.03052,1.5201,12.9302,0.8577
30.14,-0.00707,0.00942,-0.03473,0.43156,-0.04329,1.5201,12.9301,0.8577
30.16,-0.00773,0.00955,-0.03555,0.43479,-0.0563,1.5201,12.9301,0.8576
30.18,-0.00839,0.00967,-0.03662,0.43832,-0.06719,1.52,12.9301,0.8575
30.2,-0.00905,0.00981,-0.03795,0.44215,-0.07978,1.52,12.9301,0.8574
30.22,-0.00972,0.00992,-0.03949,0.4463,-0.0908,1.52,12.93,0.8573
30.24,-0.01036,0.01005,-0.04125,0.45056,-0.10078,1.52,12.93,0.8573
30.26,-0.01093,0.01017,-0.04309,0.4548,-0.10289,1.5199,12.93,0.8574
30.28,-0.01152,0.01029,-0.04515,0.45936,-0.11288,1.5198,12.9299,0.8574
30.3,-0.01215,0.01042,-0.04743,0.46432,-0.12382,1.5198,12.9299,0.8575
30.32,-0.01283,0.01052,-0.04986,0.46969,-0.13141,1.5197,12.9298,0.8575
30.34,-0.01351,0.0106,-0.05239,0.47546,-0.13603,1.5197,12.9298,0.8576
30.36,-0.01419,0.01067,-0.055,0.4816,-0.13947,1.5197,12.9298,0.8577
30.38,-0.01484,0.01074,-0.05768,0.48812,-0.14198,1.5198,12.9297,0.8577
30.4,-0.01546,0.01078,-0.06041,0.49498,-0.14699,1.5199,12.9297,0.8578
30.42,-0.01607,0.01085,-0.06318,0.50219,-0.14606,1.52,12.9296,0.8579
30.44,-0.01665,0.0109,-0.06593,0.50964,-0.14346,1.5202,12.9296,0.8579
30.46,-0.01721,0.01096,-0.0686,0.51735,-0.13975,1.5204,12.9295,0.858
30.48,-0.01777,0.011,-0.07117,0.52526,-0.13467,1.5206,12.9295,0.8581
30.5,-0.01833,0.01107,-0.07361,0.53334,-0.1278,1.5208,12.9294,0.8582
30.52,-0.01889,0.01115,-0.07591,0.54152,-0.12175,1.521,12.9294,0.8583
30.54,-0.01946,0.01122,-0.07812,0.54969,-0.11947,1.5213,12.9293,0.8585
30.56,-0.02004,0.0113,-0.08034,0.55777,-0.12096,1.5214,12.9293,0.8587
30.58,-0.02067,0.0114,-0.0826,0.56574,-0.12425,1.5216,12.9293,0.8591
30.6,-0.02134,0.0115,-0.08494,0.57357,-0.12932,1.5216,12.9293,0.8597
30.62,-0.02204,0.0116,-0.08739,0.58124,-0.13505,1.5217,12.9293,0.8604
30.64,-0.02278,0.0117,-0.08997,0.58872,-0.14244,1.5218,12.9294,0.8613
30.66,-0.02357,0.01182,-0.09273,0.59602,-0.15092,1.5217,12.9294,0.8624
30.68,-0.02439,0.01192,-0.09568,0.60312,-0.15973,1.5216,12.9294,0.8636
30.7,-0.02523,0.01204,-0.09882,0.61004,-0.16877,1.5215,12.9294,0.8649
30.72,-0.02612,0.01213,-0.10213,0.6168,-0.17675,1.5214,12.9294,0.8663
30.74,-0.02702,0.01221,-0.10559,0.62342,-0.18365,1.5213,12.9294,0.8678
30.76,-0.02794,0.0123,-0.10918,0.62992,-0.18952,1.5211,12.9294,0.8694
30.78,-0.02887,0.01235,-0.11287,0.63633,-0.19355,1.5209,12.9294,0.871
30.8,-0.0298,0.01242,-0.11663,0.64266,-0.19701,1.5208,12.9293,0.8726
30.82,-0.03074,0.01249,-0.12045,0.64895,-0.1989,1.5206,12.9293,0.8742
30.84,-0.03169,0.01252,-0.12431,0.65521,-0.20067,1.5204,12.9292,0.8758
30.86,-0.03264,0.01254,-0.12819,0.66147,-0.20033,1.5203,12.9291,0.8774
30.88,-0.0336,0.01257,-0.13204,0.66775,-0.19865,1.5201,12.9289,0.8789
30.9,-0.03456,0.01262,-0.13585,0.67405,-0.19581,1.52,12.9288,0.8804
30.92,-0.03553,0.01265,-0.13958,0.6804,-0.19144,1.5199,12.9287,0.8817
30.94,-0.03651,0.01269,-0.14321,0.68679,-0.18621,1.5198,12.9285,0.8831
30.96,-0.03749,0.01274,-0.14673,0.69322,-0.18048,1.5197,12.9284,0.8843
30.98,-0.03848,0.01275,-0.15012,0.69969,-0.17331,1.5197,12.9283,0.8855
31.0,-0.03947,0.01279,-0.15335,0.70619,-0.16552,1.5196,12.9282,0.8866
31.02,-0.04047,0.01283,-0.15641,0.71272,-0.15676,1.5196,12.9281,0.8877
31.04,-0.04147,0.01286,-0.15928,0.71925,-0.14778,1.5196,12.9281,0.8887
31.06,-0.04247,0.01291,-0.16197,0.72578,-0.13846,1.5196,12.9281,0.8896
31.08,-0.04347,0.01297,-0.16448,0.73229,-0.13007,1.5196,12.9281,0.8906
31.1,-0.04447,0.01302,-0.16681,0.73874,-0.12167,1.5196,12.9282,0.8915
31.12,-0.04547,0.0131,-0.16896,0.74513,-0.11301,1.5196,12.9282,0.8924
31.14,-0.04647,0.01316,-0.17094,0.75142,-0.10433,1.5196,12.9283,0.8933
31.16,-0.04746,0.01323,-0.17275,0.75759,-0.09664,1.5196,12.9284,0.8942
31.18,-0.04845,0.01331,-0.17441,0.76363,-0.0898,1.5196,12.9285,0.8951
31.2,-0.04942,0.01338,-0.17594,0.76952,-0.08375,1.5196,12.9286,0.896
31.22,-0.05039,0.01344,-0.17736,0.77524,-0.0786,1.5196,12.9288,0.8969
31.24,-0.05134,0.01353,-0.17868,0.78078,-0.07469,1.5196,12.9289,0.8978
31.26,-0.05228,0.01361,-0.17995,0.78614,-0.07213,1.5196,12.929,0.8987
31.28,-0.05322,0.01369,-0.18117,0.79132,-0.07077,1.5196,12.9291,0.8996
31.3,-0.05413,0.01379,-0.18239,0.7963,-0.0707,1.5195,12.9291,0.9005
31.32,-0.05504,0.01388,-0.18361,0.80109,-0.07123,1.5195,12.9292,0.9014
31.34,-0.05592,0.01397,-0.18485,0.80569,-0.07303,1.5194,12.9292,0.9022
31.36,-0.05679,0.01407,-0.18615,0.8101,-0.07535,1.5193,12.9292,0.9031
31.38,-0.05765,0.01415,-0.18749,0.81433,-0.07799,1.5193,12.9292,0.9039
31.4,-0.05847,0.01423,-0.18889,0.8184,-0.08029,1.5192,12.9292,0.9047
31.42,-0.05928,0.01432,-0.19033,0.82231,-0.08222,1.5191,12.9291,0.9054
31.44,-0.06006,0.01439,-0.19183,0.82606,-0.08534,1.519,12.929,0.9061
31.46,-0.06082,0.01446,-0.19338,0.82968,-0.08743,1.5189,12.9289,0.9068
31.48,-0.06156,0.01453,-0.19496,0.83314,-0.08758,1.5189,12.9288,0.9074
31.5,-0.06228,0.01459,-0.19654,0.83648,-0.08762,1.5188,12.9287,0.9079
31.52,-0.06298,0.01465,-0.19811,0.8397,-0.08643,1.5187,12.9286,0.9084
31.54,-0.06366,0.0147,-0.19963,0.8428,-0.08296,1.5187,12.9285,0.9088
31.56,-0.0643,0.01473,-0.20108,0.84578,-0.07982,1.5187,12.9284,0.9092
31.58,-0.06487,0.01476,-0.20239,0.84859,-0.06948,1.5187,12.9283,0.9095
31.6,-0.06534,0.01477,-0.20351,0.8512,-0.0614,1.5186,12.9282,0.9098
31.62,-0.06575,0.01478,-0.20449,0.85368,-0.05551,1.5186,12.9281,0.91
31.64,-0.06611,0.01477,-0.20537,0.85605,-0.05053,1.5187,12.9281,0.9101
31.66,-0.06642,0.01477,-0.20614,0.85831,-0.0451,1.5187,12.928,0.9103
31.68,-0.06669,0.01477,-0.20679,0.86045,-0.03897,1.5188,12.928,0.9104
31.7,-0.06693,0.01477,-0.2073,0.86244,-0.03167,1.5188,12.928,0.9104
31.72,-0.06714,0.01478,-0.20765,0.86427,-0.02405,1.5189,12.928,0.9105
31.74,-0.06731,0.01479,-0.20785,0.86591,-0.01566,1.519,12.9281,0.9105
31.76,-0.06747,0.01479,-0.20787,0.86735,-0.00762,1.5191,12.9281,0.9105
31.78,-0.06761,0.01482,-0.20772,0.86855,-0.0002,1.5192,12.9282,0.9105
31.8,-0.06771,0.01483,-0.20744,0.86954,0.00663,1.5194,12.9283,0.9105
31.82,-0.06777,0.01485,-0.20704,0.87031,0.01243,1.5195,12.9284,0.9105
31.84,-0.06783,0.01486,-0.20652,0.87089,0.01738,1.5196,12.9285,0.9105
31.86,-0.0679,0.01489,-0.20593,0.87131,0.021,1.5196,12.9286,0.9104
31.88,-0.06796,0.01492,-0.20527,0.87159,0.02283,1.5197,12.9287,0.9104
31.9,-0.06803,0.01495,-0.2046,0.87175,0.02332,1.5197,12.9288,0.9103
31.92,-0.0681,0.01498,-0.20394,0.87179,0.02197,1.5197,12.9289,0.9103
31.94,-0.06818,0.01503,-0.20332,0.87175,0.01954,1.5197,12.929,0.9102
31.96,-0.06825,0.01507,-0.20277,0.8717,0.01506,1.5197,12.9291,0.9101
31.98,-0.06836,0.01513,-0.20235,0.87165,0.00712,1.5196,12.9291,0.9101
32.0,-0.0685,0.01518,-0.2021,0.87159,-0.00072,1.5196,12.9291,0.91
32.02,-0.06864,0.01523,-0.20192,0.87144,-0.00014,1.5195,12.9291,0.9099
32.04,-0.06875,0.01527,-0.20185,0.87121,-0.00995,1.5194,12.9291,0.9098
32.06,-0.06883,0.01531,-0.20197,0.87099,-0.01965,1.5193,12.929,0.9097
32.08,-0.06891,0.01534,-0.20227,0.8708,-0.0275,1.5192,12.929,0.9097
32.1,-0.06899,0.01536,-0.20272,0.87065,-0.03457,1.5192,12.9289,0.9096
32.12,-0.06907,0.01538,-0.20331,0.87058,-0.04099,1.5191,12.9287,0.9095
32.14,-0.06913,0.01541,-0.204,0.87056,-0.04397,1.519,12.9286,0.9094
32.16,-0.06919,0.01541,-0.20473,0.87055,-0.04641,1.519,12.9285,0.9094
32.18,-0.06925,0.0154,-0.20551,0.87055,-0.04772,1.5189,12.9284,0.9093
32.2,-0.06931,0.0154,-0.2063,0.87056,-0.04781,1.5189,12.9283,0.9093
32.22,-0.06937,0.01538,-0.2071,0.87068,-0.04894,1.5189,12.9282,0.9093
32.24,-0.06942,0.01535,-0.20787,0.87095,-0.04526,1.5189,12.9282,0.9093
32.26,-0.06947,0.01532,-0.20854,0.87128,-0.04,1.519,12.9282,0.9092
32.28,-0.06951,0.01527,-0.20909,0.87165,-0.03389,1.519,12.9282,0.9092
32.3,-0.06952,0.01523,-0.2095,0.87203,-0.02671,1.5191,12.9282,0.9092
32.32,-0.06949,0.01518,-0.20977,0.8724,-0.01915,1.5192,12.9282,0.9092
32.34,-0.06945,0.01512,-0.20987,0.87276,-0.0126,1.5193,12.9283,0.9092
32.36,-0.06943,0.01507,-0.20982,0.87308,-0.00368,1.5194,12.9283,0.9093
32.38,-0.06939,0.01502,-0.20963,0.87337,5e-05,1.5195,12.9284,0.9093
32.4,-0.06933,0.01498,-0.20933,0.87362,0.00756,1.5196,12.9284,0.9094
32.42,-0.06927,0.01496,-0.20891,0.87378,0.0124,1.5196,12.9285,0.9095
32.44,-0.06921,0.01493,-0.20842,0.87387,0.01485,1.5197,12.9286,0.9096
32.46,-0.06915,0.01493,-0.20788,0.87385,0.0165,1.5198,12.9287,0.9097
32.48,-0.0691,0.01493,-0.20734,0.8738,0.01622,1.5198,12.9288,0.9098
32.5,-0.06907,0.01494,-0.20681,0.87374,0.0151,1.5198,12.9288,0.9099
32.52,-0.06906,0.01496,-0.2063,0.87367,0.0137,1.5198,12.9289,0.91
32.54,-0.06906,0.01499,-0.20582,0.8735,0.01329,1.5198,12.929,0.9101
32.56,-0.06907,0.01503,-0.2054,0.8732,0.00916,1.5198,12.929,0.9102
32.58,-0.06912,0.01506,-0.20508,0.87286,0.00346,1.5197,12.9291,0.9102
32.6,-0.06925,0.01503,-0.20155,0.86405,0.2831,1.5194,12.929,0.9099
32.62,-0.06872,0.01491,-0.19133,0.84365,0.64324,1.5187,12.9289,0.9088
32.64,-0.06751,0.01471,-0.17721,0.82062,0.71294,1.5179,12.9287,0.9065
32.66,-0.06601,0.01458,-0.16338,0.80155,0.6405,1.5174,12.9284,0.9034
32.68,-0.06446,0.01452,-0.15178,0.78755,0.50543,1.5171,12.9281,0.8998
32.7,-0.063,0.01452,-0.14304,0.77806,0.36352,1.517,12.9277,0.896
32.72,-0.0617,0.01458,-0.13696,0.77213,0.24092,1.517,12.9274,0.8922
32.74,-0.06061,0.01468,-0.13309,0.76887,0.1426,1.5171,12.9271,0.8887
32.76,-0.05974,0.01483,-0.13102,0.76757,0.06074,1.5173,12.9269,0.8856
32.78,-0.05908,0.01499,-0.13054,0.7677,-0.01453,1.5174,12.9267,0.883
32.8,-0.05861,0.01517,-0.1316,0.7689,-0.09059,1.5176,12.9266,0.881
32.82,-0.05831,0.01533,-0.13421,0.77088,-0.16802,1.5178,12.9266,0.8796
32.84,-0.05813,0.01548,-0.13838,0.77344,-0.24325,1.518,12.9267,0.8789
32.86,-0.058,0.01559,-0.14402,0.77641,-0.31261,1.5182,12.9269,0.8788
32.88,-0.0579,0.01568,-0.15091,0.77966,-0.36914,1.5185,12.9272,0.8794
32.9,-0.05779,0.01571,-0.15878,0.78308,-0.41054,1.5188,12.9274,0.8804
32.92,-0.05766,0.01568,-0.16732,0.7866,-0.43655,1.5192,12.9277,0.8819
32.94,-0.05748,0.01561,-0.17621,0.79017,-0.44772,1.5196,12.928,0.8837
32.96,-0.05724,0.01549,-0.18519,0.79375,-0.44764,1.5201,12.9283,0.8858
32.98,-0.05695,0.01533,-0.19374,0.7971,-0.41175,1.5206,12.9285,0.888
33.0,-0.05661,0.01513,-0.20204,0.80046,-0.41585,1.5213,12.9287,0.8904
33.02,-0.05613,0.0149,-0.21026,0.80399,-0.40586,1.522,12.9288,0.8927
33.04,-0.05554,0.01467,-0.21816,0.80756,-0.38674,1.5228,12.9288,0.8949
33.06,-0.05486,0.01446,-0.22566,0.81112,-0.36639,1.5237,12.9288,0.8971
33.08,-0.05411,0.01425,-0.23276,0.8147,-0.34675,1.5246,12.9286,0.8991
33.1,-0.05331,0.01406,-0.2395,0.8183,-0.32964,1.5255,12.9285,0.9009
33.12,-0.05248,0.01389,-0.24595,0.82197,-0.31795,1.5265,12.9283,0.9025
33.14,-0.05164,0.01376,-0.25225,0.82574,-0.31217,1.5274,12.9281,0.9038
33.16,-0.05081,0.01365,-0.25849,0.82964,-0.31169,1.5284,12.9279,0.9049
33.18,-0.05006,0.01358,-0.26449,0.83352,-0.29144,1.5293,12.9277,0.9057
33.2,-0.04941,0.01354,-0.27026,0.83735,-0.28589,1.5301,12.9275,0.9063
33.22,-0.04884,0.01355,-0.27659,0.84163,-0.33465,1.531,12.9274,0.9067
33.24,-0.04828,0.01358,-0.28376,0.8465,-0.36921,1.5318,12.9272,0.9069
33.26,-0.04773,0.01364,-0.29153,0.85175,-0.39537,1.5326,12.9271,0.9069
33.28,-0.04722,0.0137,-0.29983,0.85731,-0.4206,1.5335,12.9271,0.9069
33.3,-0.04676,0.0138,-0.30866,0.86317,-0.44715,1.5343,12.9271,0.9067
33.32,-0.04636,0.01392,-0.31808,0.86934,-0.47675,1.5351,12.9271,0.9065
33.34,-0.04602,0.01404,-0.32813,0.87584,-0.50818,1.5359,12.9271,0.9063
33.36,-0.04571,0.01416,-0.33883,0.88269,-0.53973,1.5367,12.9272,0.9062
33.38,-0.04543,0.01428,-0.35015,0.88988,-0.56997,1.5375,12.9272,0.906
33.4,-0.04515,0.01436,-0.36203,0.89743,-0.59568,1.5384,12.9273,0.9059
33.42,-0.04487,0.01442,-0.37435,0.90532,-0.6147,1.5393,12.9273,0.9059
33.44,-0.04458,0.01446,-0.38698,0.91355,-0.62678,1.5403,12.9274,0.906
33.46,-0.04426,0.01447,-0.39976,0.92208,-0.63153,1.5414,12.9275,0.9061
33.48,-0.0439,0.01444,-0.41255,0.93088,-0.62958,1.5425,12.9275,0.9064
33.5,-0.0435,0.01439,-0.42521,0.93991,-0.62058,1.5437,12.9276,0.9067
33.52,-0.04303,0.0143,-0.43761,0.94913,-0.60599,1.5449,12.9277,0.9072
33.54,-0.04252,0.01421,-0.44966,0.95846,-0.58779,1.5463,12.9278,0.9078
33.56,-0.04196,0.0141,-0.4613,0.96787,-0.56651,1.5477,12.9278,0.9085
33.58,-0.04136,0.01398,-0.47246,0.97728,-0.54255,1.5491,12.9279,0.9093
33.6,-0.04069,0.01384,-0.48311,0.98664,-0.5178,1.5506,12.9281,0.9102
33.62,-0.03997,0.0137,-0.49325,0.99588,-0.49423,1.5521,12.9282,0.9111
33.64,-0.03923,0.01359,-0.50293,1.00493,-0.47173,1.5536,12.9283,0.9122
33.66,-0.03845,0.01347,-0.51214,1.01374,-0.44958,1.5551,12.9284,0.9133
33.68,-0.03763,0.01337,-0.52092,1.02229,-0.43011,1.5566,12.9285,0.9144
33.7,-0.0368,0.01329,-0.52934,1.03055,-0.41315,1.5581,12.9286,0.9155
33.72,-0.03596,0.01322,-0.53745,1.0385,-0.39987,1.5595,12.9288,0.9167
33.74,-0.03513,0.01319,-0.54533,1.04616,-0.3906,1.5609,12.9289,0.9177
33.76,-0.03431,0.01319,-0.55308,1.05355,-0.38524,1.5622,12.929,0.9187
33.78,-0.03358,0.01321,-0.5605,1.06042,-0.3613,1.5634,12.9292,0.9197
33.8,-0.0329,0.01326,-0.56793,1.06712,-0.37798,1.5645,12.9293,0.9205
33.82,-0.03221,0.01333,-0.57564,1.07387,-0.39006,1.5656,12.9294,0.9212
33.84,-0.03155,0.01339,-0.58357,1.08054,-0.39914,1.5667,12.9295,0.9218
33.86,-0.03092,0.01349,-0.59167,1.08709,-0.40662,1.5676,12.9295,0.9224
33.88,-0.03033,0.01359,-0.59993,1.09352,-0.41446,1.5685,12.9295,0.9228
33.9,-0.02978,0.01371,-0.60837,1.09987,-0.42361,1.5694,12.9295,0.9231
33.92,-0.02928,0.01381,-0.61703,1.10618,-0.43524,1.5702,12.9295,0.9233
33.94,-0.02883,0.01395,-0.62594,1.11249,-0.4482,1.571,12.9294,0.9235
33.96,-0.02839,0.01407,-0.63514,1.11887,-0.46185,1.5717,12.9293,0.9236
33.98,-0.02798,0.01418,-0.64461,1.12533,-0.47581,1.5725,12.9291,0.9236
34.0,-0.02757,0.01426,-0.65435,1.13193,-0.48831,1.5732,12.9289,0.9237
34.02,-0.02718,0.01432,-0.66429,1.13869,-0.4958,1.574,12.9288,0.9237
34.04,-0.02677,0.01436,-0.67429,1.14562,-0.49711,1.5748,12.9286,0.9237
34.06,-0.02634,0.01435,-0.68426,1.15273,-0.49196,1.5756,12.9284,0.9237
34.08,-0.02591,0.01431,-0.69402,1.16001,-0.48035,1.5765,12.9283,0.9237
34.1,-0.02546,0.01424,-0.70345,1.16742,-0.46162,1.5774,12.9282,0.9237
34.12,-0.02499,0.01414,-0.71243,1.17493,-0.43692,1.5783,12.9281,0.9238
34.14,-0.02449,0.01402,-0.72084,1.18249,-0.40779,1.5793,12.9281,0.9239
34.16,-0.02397,0.01389,-0.72862,1.19005,-0.37582,1.5803,12.9282,0.9241
34.18,-0.02348,0.01375,-0.7355,1.19723,-0.32359,1.5813,12.9282,0.9243
34.2,-0.02294,0.0136,-0.74163,1.20436,-0.29925,1.5824,12.9284,0.9246
34.22,-0.02234,0.01346,-0.7472,1.21155,-0.27012,1.5834,12.9285,0.925
34.24,-0.02173,0.01332,-0.75214,1.21853,-0.23938,1.5845,12.9287,0.9254
34.26,-0.02112,0.01318,-0.75644,1.22514,-0.20867,1.5855,12.9289,0.9259
34.28,-0.02053,0.01308,-0.76012,1.23128,-0.17805,1.5865,12.9292,0.9264
34.3,-0.01994,0.01299,-0.76321,1.23692,-0.15075,1.5874,12.9294,0.927
34.32,-0.01936,0.01293,-0.76577,1.24202,-0.12675,1.5883,12.9296,0.9276
34.34,-0.01881,0.0129,-0.76789,1.24657,-0.10687,1.5891,12.9299,0.9282
34.36,-0.01829,0.01292,-0.76966,1.25058,-0.09069,1.5898,12.9301,0.9287
34.38,-0.01781,0.01298,-0.77114,1.25407,-0.07882,1.5904,12.9303,0.9292
34.4,-0.01739,0.01306,-0.77244,1.25707,-0.07068,1.5909,12.9305,0.9295
34.42,-0.01707,0.01317,-0.77357,1.25957,-0.06292,1.5913,12.9306,0.9298
34.44,-0.01684,0.01328,-0.77459,1.26159,-0.05822,1.5916,12.9307,0.93
34.46,-0.0167,0.0134,-0.77554,1.26322,-0.0561,1.5918,12.9308,0.9301
34.48,-0.01664,0.01355,-0.77648,1.26449,-0.05584,1.5919,12.9308,0.9301
34.5,-0.01664,0.01371,-0.77744,1.26544,-0.05717,1.5919,12.9308,0.93
34.52,-0.0167,0.01386,-0.77846,1.26609,-0.06139,1.5919,12.9307,0.9298
34.54,-0.01677,0.01402,-0.77962,1.26644,-0.07025,1.5918,12.9306,0.9295
34.56,-0.01685,0.01418,-0.78096,1.26655,-0.078,1.5916,12.9305,0.9291
34.58,-0.01692,0.01434,-0.78248,1.26651,-0.08761,1.5914,12.9303,0.9287
34.6,-0.017,0.01448,-0.78421,1.26645,-0.09775,1.5912,12.93,0.9283
34.62,-0.01707,0.0146,-0.78614,1.26641,-0.1074,1.591,12.9298,0.9278
34.64,-0.01715,0.0147,-0.78826,1.26639,-0.11619,1.5908,12.9295,0.9273
34.66,-0.01722,0.01475,-0.79054,1.26658,-0.12441,1.5907,12.9292,0.9268
34.68,-0.01728,0.01477,-0.79293,1.26704,-0.12748,1.5906,12.929,0.9263
34.7,-0.01734,0.01475,-0.7953,1.26776,-0.12479,1.5905,12.9288,0.9259
34.72,-0.01734,0.0147,-0.79755,1.26874,-0.11695,1.5905,12.9287,0.9255
34.74,-0.0173,0.01462,-0.79957,1.26995,-0.10439,1.5905,12.9286,0.9251
34.76,-0.01722,0.01452,-0.80125,1.27127,-0.08409,1.5906,12.9285,0.9249
34.78,-0.01711,0.01439,-0.80251,1.27262,-0.06359,1.5908,12.9285,0.9247
34.8,-0.01698,0.01426,-0.80334,1.27407,-0.04323,1.591,12.9286,0.9246
34.82,-0.0168,0.01412,-0.80377,1.27572,-0.02457,1.5913,12.9287,0.9246
34.84,-0.01658,0.01398,-0.80379,1.27749,-0.00435,1.5916,12.9289,0.9247
34.86,-0.01635,0.01385,-0.80338,1.27919,0.01656,1.5919,12.9291,0.9249
34.88,-0.01613,0.01373,-0.80256,1.28071,0.03552,1.5922,12.9293,0.9252
34.9,-0.01588,0.01363,-0.80138,1.28198,0.05269,1.5925,12.9295,0.9255
34.92,-0.01562,0.01354,-0.79989,1.28296,0.06496,1.5928,12.9297,0.926
34.94,-0.01536,0.01349,-0.79819,1.28362,0.07458,1.5931,12.93,0.9264
34.96,-0.01511,0.01346,-0.79633,1.28396,0.08045,1.5933,12.9302,0.9269
34.98,-0.01488,0.01347,-0.79439,1.28396,0.08215,1.5935,12.9304,0.9273
35.0,-0.01465,0.01297,-0.79241,1.28382,0.09332,1.5937,12.9306,0.9277
35.02,-0.01417,0.01156,-0.79048,1.28341,0.07597,1.5941,12.931,0.9279
35.04,-0.01348,0.00928,-0.78886,1.28286,0.06285,1.5947,12.9317,0.9279
35.06,-0.01277,0.00628,-0.78722,1.28259,0.07599,1.5957,12.9327,0.9276
35.08,-0.0122,0.00281,-0.78515,1.283,0.0987,1.597,12.934,0.9273
35.1,-0.01188,-0.00089,-0.78273,1.28421,0.11096,1.5986,12.9356,0.927
35.12,-0.01178,-0.00445,-0.78042,1.2859,0.09029,1.6005,12.9373,0.9273
35.14,-0.01184,-0.00739,-0.77888,1.28757,0.03553,1.6026,12.939,0.9281
35.16,-0.01191,-0.00819,-0.77867,1.28869,-0.03864,1.605,12.9407,0.9294
35.18,-0.0119,-0.00585,-0.77985,1.28896,-0.09961,1.6074,12.9422,0.9313
35.2,-0.01173,0.00026,-0.78194,1.28833,-0.12965,1.6101,12.9437,0.9335
35.22,-0.01126,0.00825,-0.78437,1.28695,-0.13233,1.613,12.9451,0.9357
35.24,-0.01049,0.01631,-0.78675,1.28507,-0.12593,1.6162,12.9468,0.9379
35.26,-0.00953,0.02378,-0.78894,1.28298,-0.11422,1.6196,12.9489,0.9398
35.28,-0.00856,0.02956,-0.79083,1.28095,-0.0968,1.6233,12.9516,0.9413
35.3,-0.0077,0.0338,-0.79237,1.27913,-0.07982,1.6272,12.9549,0.9424
35.32,-0.00708,0.03677,-0.79361,1.27761,-0.0661,1.6312,12.9591,0.9431
35.34,-0.0068,0.03811,-0.79461,1.2764,-0.05385,1.6353,12.9641,0.9433
35.36,-0.00691,0.03734,-0.79535,1.27544,-0.03825,1.6395,12.97,0.9431
35.38,-0.00735,0.03543,-0.79577,1.27464,-0.02502,1.6437,12.9766,0.9425
35.4,-0.00828,0.03198,-0.79607,1.27416,-0.02017,1.6479,12.9839,0.9414
35.42,-0.0098,0.02591,-0.79611,1.27413,0.00016,1.652,12.9917,0.94
35.44,-0.0122,0.00563,-0.79554,1.27433,0.0413,1.656,12.9998,0.9383
35.46,-0.01497,-0.00806,-0.79404,1.27477,0.09718,1.6602,13.0081,0.9363
35.48,-0.01771,-0.01199,-0.79127,1.27561,0.1667,1.6645,13.0163,0.9339
35.5,-0.01983,-0.01566,-0.78686,1.27734,0.25832,1.6694,13.0241,0.9314
35.52,-0.02133,-0.0135,-0.78068,1.28067,0.33222,1.6747,13.0313,0.9292
35.54,-0.0224,-0.00079,-0.77357,1.28567,0.34176,1.6806,13.0377,0.9278
35.56,-0.02298,0.02197,-0.76711,1.29157,0.26144,1.687,13.043,0.9276
35.58,-0.02149,0.04839,-0.7622,1.29692,0.22037,1.6937,13.047,0.9289
35.6,-0.01934,0.07534,-0.75883,1.30213,0.07765,1.7009,13.0497,0.9316
35.62,-0.01801,0.10235,-0.75907,1.30671,-0.13209,1.708,13.0511,0.9362
35.64,-0.0166,0.12785,-0.76368,1.30905,-0.34642,1.7145,13.0512,0.9424
35.66,-0.01524,0.13855,-0.77182,1.30824,-0.48233,1.7204,13.0503,0.9498
35.68,-0.014,0.1419,-0.78221,1.30422,-0.56756,1.726,13.0485,0.9577
35.7,-0.01265,0.14186,-0.79353,1.29757,-0.57707,1.7311,13.0463,0.9653
35.72,-0.01129,0.13942,-0.80443,1.28922,-0.53378,1.7359,13.0442,0.9719
35.74,-0.01027,0.13284,-0.81423,1.28001,-0.46678,1.7403,13.0426,0.977
35.76,-0.00982,0.11917,-0.82266,1.27054,-0.3924,1.7445,13.0415,0.9803
35.78,-0.00968,0.10332,-0.82975,1.26115,-0.32867,1.7484,13.0411,0.9812
35.8,-0.00967,0.06587,-0.83565,1.25142,-0.2279,1.7521,13.0414,0.9795
35.82,-0.01339,0.00023,-0.83877,1.24073,-0.098,1.7562,13.0428,0.9743
35.84,-0.014,-0.00167,-0.83751,1.23619,0.22229,1.7599,13.0452,0.966
35.86,-0.01405,-0.00312,-0.82957,1.23913,0.53417,1.7627,13.0485,0.956
35.88,-0.01466,-0.00392,-0.81659,1.2472,0.7186,1.765,13.0524,0.9455
35.9,-0.01582,-0.00427,-0.80132,1.25835,0.76072,1.7669,13.0566,0.9356
35.92,-0.01733,-0.00433,-0.78658,1.27082,0.67077,1.7686,13.0607,0.927
35.94,-0.01889,-0.00421,-0.77464,1.28298,0.48658,1.77,13.0642,0.9204
35.96,-0.02012,-0.00395,-0.76685,1.2934,0.26226,1.7709,13.0669,0.9161
35.98,-0.02087,-0.00383,-0.76351,1.30107,0.04501,1.7715,13.0685,0.9138
36.0,-0.01998,-0.0035,-0.76379,1.30506,-0.07048,1.7719,13.0689,0.9129
36.02,-0.0191,-0.00308,-0.76536,1.3076,-0.10175,1.7721,13.0678,0.9135
36.04,-0.01857,-0.00295,-0.76758,1.30967,-0.14171,1.7719,13.0655,0.9155
36.06,-0.01789,-0.00317,-0.77055,1.31045,-0.17585,1.7713,13.0619,0.9189
36.08,-0.01683,-0.00383,-0.77412,1.30936,-0.20183,1.7703,13.0574,0.9232
36.1,-0.01544,-0.00486,-0.77809,1.30634,-0.21638,1.7692,13.0522,0.928
36.12,-0.0139,-0.00596,-0.78218,1.30185,-0.2156,1.7684,13.0466,0.9328
36.14,-0.01243,-0.00653,-0.78615,1.29653,-0.20446,1.7679,13.0411,0.9373
36.16,-0.01115,-0.00629,-0.78976,1.29106,-0.17945,1.7678,13.0357,0.9413
36.18,-0.00995,-0.0053,-0.79241,1.28595,-0.11067,1.7681,13.0308,0.9447
36.2,-0.00882,-0.00463,-0.7938,1.28152,-0.05352,1.7691,13.0266,0.9475
36.22,-0.0078,-0.00452,-0.79423,1.278,-0.01398,1.7705,13.0234,0.9496
36.24,-0.00692,-0.00463,-0.79405,1.2755,0.0099,1.7723,13.0212,0.9511
36.26,-0.00631,-0.00459,-0.79353,1.27401,0.02211,1.7745,13.0203,0.9521
36.28,-0.00607,-0.00449,-0.79281,1.27343,0.02931,1.7769,13.0205,0.9527
36.3,-0.00613,-0.00437,-0.7919,1.27378,0.04036,1.7794,13.0219,0.953
36.32,-0.00653,-0.00427,-0.79079,1.27486,0.04876,1.782,13.0242,0.9531
36.34,-0.00721,-0.00414,-0.78957,1.27648,0.05129,1.7845,13.0272,0.9531
36.36,-0.0081,-0.00401,-0.78837,1.27842,0.04616,1.787,13.0308,0.9533
36.38,-0.0091,-0.00387,-0.78735,1.28047,0.03291,1.7894,13.0346,0.9537
36.4,-0.01011,-0.00368,-0.78668,1.2824,0.01256,1.7917,13.0386,0.9543
36.42,-0.01108,-0.00347,-0.78647,1.28406,-0.01225,1.7939,13.0425,0.9552
36.44,-0.01196,-0.00324,-0.78676,1.2853,-0.03799,1.796,13.0462,0.9564
36.46,-0.01272,-0.00299,-0.78756,1.28604,-0.06177,1.7979,13.0496,0.9578
36.48,-0.01334,-0.00273,-0.78878,1.28628,-0.08045,1.7996,13.0526,0.9594
36.5,-0.01383,-0.00248,-0.7903,1.28602,-0.09133,1.8012,13.0552,0.961
36.52,-0.01418,-0.00224,-0.79195,1.2854,-0.09401,1.8025,13.0573,0.9625
36.54,-0.01441,-0.00198,-0.79357,1.28451,-0.0886,1.8037,13.0591,0.964
36.56,-0.01452,-0.00174,-0.79501,1.28347,-0.07676,1.8046,13.0604,0.9652
36.58,-0.01454,-0.0015,-0.79617,1.2824,-0.06055,1.8054,13.0613,0.9662
36.6,-0.01449,-0.00124,-0.79699,1.28139,-0.04324,1.8059,13.062,0.9669
36.62,-0.01433,-0.00095,-0.79745,1.28054,-0.02591,1.8063,13.0623,0.9673
36.64,-0.0141,-0.00063,-0.79759,1.27987,-0.01049,1.8065,13.0625,0.9675
36.66,-0.01384,-0.00027,-0.79745,1.27941,-0.00039,1.8066,13.0624,0.9673
36.68,-0.01357,0.00014,-0.79713,1.27914,0.00975,1.8065,13.0622,0.967
36.7,-0.01328,0.00059,-0.79665,1.27903,0.01639,1.8063,13.0619,0.9664
36.72,-0.013,0.0011,-0.79606,1.27899,0.02087,1.8059,13.0616,0.9656
36.74,-0.01273,0.00165,-0.79541,1.27895,0.02357,1.8054,13.0612,0.9647
36.76,-0.01246,0.0022,-0.79471,1.27895,0.02326,1.8049,13.0609,0.9636
36.78,-0.01223,0.00278,-0.79401,1.27911,0.0257,1.8043,13.0605,0.9623
36.8,-0.01201,0.00336,-0.79324,1.27938,0.03002,1.8038,13.0603,0.9609
36.82,-0.01183,0.00391,-0.79238,1.27974,0.03439,1.8032,13.0601,0.9594
36.84,-0.01168,0.00442,-0.79142,1.28017,0.04057,1.8027,13.06,0.9578
36.86,-0.01154,0.00491,-0.79033,1.2807,0.04656,1.8023,13.0599,0.9561
36.88,-0.01143,0.00535,-0.78915,1.28132,0.05059,1.802,13.0599,0.9545
36.9,-0.01133,0.00574,-0.78789,1.28202,0.05308,1.8019,13.06,0.9529
36.92,-0.01127,0.00609,-0.78662,1.28282,0.05308,1.8019,13.0601,0.9514
36.94,-0.01123,0.00641,-0.78537,1.28368,0.051,1.8022,13.0602,0.9501
36.96,-0.0112,0.00669,-0.78419,1.2846,0.04576,1.8026,13.0604,0.949
36.98,-0.01118,0.00696,-0.78313,1.28553,0.03837,1.8032,13.0607,0.9481
37.0,-0.01117,0.0072,-0.78225,1.28645,0.02855,1.8041,13.0609,0.9476
37.02,-0.0112,0.00745,-0.78158,1.28731,0.01704,1.8051,13.0612,0.9473
37.04,-0.01124,0.00767,-0.78116,1.28807,0.00485,1.8064,13.0615,0.9473
37.06,-0.0113,0.00791,-0.781,1.28871,-0.00935,1.8078,13.0618,0.9477
37.08,-0.01136,0.00817,-0.78111,1.2892,-0.0224,1.8093,13.0621,0.9484
37.1,-0.01142,0.00841,-0.78149,1.28951,-0.03549,1.8109,13.0624,0.9494
37.12,-0.01148,0.00866,-0.78213,1.28965,-0.04804,1.8126,13.0627,0.9507
37.14,-0.01155,0.00894,-0.78303,1.28959,-0.0621,1.8143,13.0629,0.9522
37.16,-0.01166,0.00922,-0.78419,1.28939,-0.07353,1.8161,13.0631,0.9539
37.18,-0.01183,0.00954,-0.78557,1.28892,-0.08291,1.8178,13.0633,0.9557
37.2,-0.01201,0.00989,-0.78711,1.28824,-0.08981,1.8195,13.0634,0.9576
37.22,-0.01217,0.01029,-0.78875,1.28738,-0.09352,1.821,13.0634,0.9595
37.24,-0.01231,0.01073,-0.79042,1.28638,-0.09272,1.8224,13.0633,0.9613
37.26,-0.01242,0.0112,-0.79203,1.28527,-0.08771,1.8237,13.0632,0.963
37.28,-0.01248,0.01172,-0.79348,1.28413,-0.07723,1.8248,13.0629,0.9646
37.3,-0.01252,0.01228,-0.79469,1.28299,-0.0641,1.8258,13.0625,0.9659
37.32,-0.01255,0.01289,-0.79561,1.28195,-0.04789,1.8266,13.062,0.9669
37.34,-0.01249,0.01352,-0.79619,1.28104,-0.03176,1.8273,13.0614,0.9677
37.36,-0.01236,0.01417,-0.79646,1.28033,-0.01628,1.8278,13.0608,0.9682
37.38,-0.01221,0.01487,-0.79644,1.27983,-0.00383,1.8282,13.06,0.9685
37.4,-0.01204,0.01558,-0.79619,1.27955,0.00677,1.8285,13.0593,0.9685
37.42,-0.01186,0.0163,-0.79577,1.27948,0.01443,1.8287,13.0585,0.9684
37.44,-0.01169,0.01705,-0.79523,1.27945,0.01795,1.8287,13.0577,0.9681
37.46,-0.01151,0.0178,-0.79467,1.27957,0.01691,1.8287,13.0569,0.9677
37.48,-0.01133,0.01856,-0.79413,1.27983,0.01616,1.8286,13.0561,0.9671
37.5,-0.01117,0.01932,-0.79363,1.28011,0.01321,1.8284,13.0554,0.9665
37.52,-0.01101,0.02009,-0.79319,1.28038,0.0111,1.8282,13.0548,0.9657
37.54,-0.01085,0.02084,-0.79277,1.28064,0.00994,1.8279,13.0542,0.9649
37.56,-0.01072,0.02155,-0.79238,1.28087,0.00938,1.8275,13.0537,0.964
37.58,-0.01061,0.02223,-0.79197,1.28108,0.01029,1.8272,13.0534,0.9631
37.6,-0.01052,0.02288,-0.79153,1.28128,0.01322,1.8269,13.0531,0.962
37.62,-0.01045,0.02348,-0.79102,1.2815,0.01682,1.8265,13.053,0.9609
37.64,-0.01041,0.02402,-0.79043,1.28176,0.02129,1.8263,13.053,0.9598
37.66,-0.0104,0.0245,-0.78976,1.28207,0.02485,1.8261,13.0531,0.9586
37.68,-0.0104,0.0249,-0.78903,1.28246,0.028,1.826,13.0533,0.9574
37.7,-0.01043,0.02524,-0.78823,1.28294,0.03034,1.8261,13.0536,0.9563
37.72,-0.01048,0.02552,-0.78739,1.28349,0.03239,1.8262,13.0539,0.9553
37.74,-0.01053,0.02572,-0.78654,1.2841,0.03158,1.8265,13.0544,0.9544
37.76,-0.01059,0.02588,-0.78573,1.28475,0.02789,1.8269,13.0548,0.9536
37.78,-0.01065,0.02598,-0.78503,1.28542,0.02192,1.8274,13.0553,0.953
37.8,-0.01071,0.02603,-0.78445,1.28607,0.01493,1.8281,13.0558,0.9526
37.82,-0.01077,0.02606,-0.78402,1.28668,0.00667,1.8289,13.0563,0.9525
37.84,-0.01084,0.02607,-0.78378,1.2872,-0.00264,1.8298,13.0568,0.9526
37.86,-0.01091,0.02605,-0.78373,1.28762,-0.01273,1.8308,13.0572,0.9529
37.88,-0.01099,0.02602,-0.78389,1.2879,-0.02338,1.8319,13.0577,0.9534
37.9,-0.01111,0.026,-0.78426,1.28805,-0.03333,1.833,13.0581,0.9541
37.92,-0.01128,0.02599,-0.78482,1.28804,-0.04275,1.8342,13.0585,0.955
37.94,-0.01144,0.02598,-0.78557,1.28792,-0.05238,1.8354,13.0588,0.956
37.96,-0.01161,0.02599,-0.78648,1.28764,-0.05793,1.8366,13.0591,0.9572
37.98,-0.01176,0.02605,-0.78749,1.28718,-0.06134,1.8378,13.0592,0.9584
38.0,-0.01189,0.02611,-0.78853,1.28661,-0.06228,1.8389,13.0593,0.9596
38.02,-0.01201,0.02621,-0.78956,1.28595,-0.06098,1.84,13.0593,0.9608
38.04,-0.01211,0.02634,-0.79054,1.28524,-0.05716,1.841,13.0592,0.9619
38.06,-0.01217,0.0265,-0.79142,1.28452,-0.05092,1.8419,13.059,0.9629
38.08,-0.01222,0.0267,-0.79215,1.28381,-0.04228,1.8427,13.0587,0.9638
38.1,-0.01226,0.02694,-0.79269,1.28317,-0.03273,1.8435,13.0583,0.9646
38.12,-0.01227,0.02722,-0.79304,1.28263,-0.02269,1.8441,13.0578,0.9652
38.14,-0.01218,0.02754,-0.79319,1.28222,-0.01307,1.8447,13.0571,0.9656
38.16,-0.01205,0.02789,-0.79317,1.28192,-0.00574,1.8453,13.0564,0.966
38.18,-0.01189,0.02827,-0.793,1.28177,-0.00016,1.8458,13.0557,0.9662
38.2,-0.01172,0.02869,-0.79278,1.28172,0.00034,1.8462,13.0549,0.9663
38.22,-0.01153,0.02913,-0.79252,1.28167,0.00511,1.8466,13.0541,0.9664
38.24,-0.01134,0.02959,-0.7922,1.28163,0.00701,1.847,13.0532,0.9664
38.26,-0.01114,0.03006,-0.79187,1.28159,0.00546,1.8473,13.0524,0.9664
38.28,-0.01093,0.03052,-0.7916,1.28168,-0.0002,1.8476,13.0516,0.9663
38.3,-0.01073,0.03097,-0.7914,1.28184,-0.00017,1.8479,13.0508,0.9661
38.32,-0.01054,0.03139,-0.79121,1.282,-0.00017,1.8481,13.0502,0.9659
38.34,-0.01038,0.03177,-0.79102,1.28215,-0.00013,1.8483,13.0496,0.9657
38.36,-0.01025,0.03214,-0.79083,1.28228,-0.00012,1.8485,13.0492,0.9654
38.38,-0.01016,0.03248,-0.79065,1.28238,-0.0003,1.8487,13.0489,0.9651
38.4,-0.01009,0.03278,-0.79052,1.2825,-0.00575,1.8489,13.0487,0.9647
38.42,-0.01005,0.03304,-0.79046,1.28262,-0.00738,1.8491,13.0486,0.9644
38.44,-0.01005,0.03328,-0.79041,1.28273,-0.00839,1.8493,13.0487,0.964
38.46,-0.0101,0.03348,-0.79038,1.28281,-0.00888,1.8494,13.0488,0.9635
38.48,-0.01015,0.03367,-0.79034,1.28289,-0.00685,1.8496,13.0491,0.9631
38.5,-0.01021,0.03385,-0.79024,1.28297,-0.00406,1.8498,13.0494,0.9626
38.52,-0.01026,0.03399,-0.79007,1.28306,2e-05,1.85,13.0498,0.9621
38.54,-0.01033,0.03411,-0.78986,1.28318,-1e-05,1.8502,13.0503,0.9616
38.56,-0.01039,0.03421,-0.78965,1.28334,6e-05,1.8504,13.0508,0.9611
38.58,-0.01046,0.03428,-0.78943,1.28353,-0.00014,1.8507,13.0513,0.9607
38.6,-0.01053,0.03433,-0.78921,1.28374,-0.00016,1.851,13.0518,0.9602
38.62,-0.0106,0.03437,-0.789,1.28397,-0.00021,1.8513,13.0524,0.9598
38.64,-0.01067,0.03439,-0.78879,1.28421,-0.00016,1.8517,13.0529,0.9594
38.66,-0.01074,0.0344,-0.78858,1.28444,0.0,1.8521,13.0535,0.9591
38.68,-0.01081,0.0344,-0.78837,1.28465,-3e-05,1.8525,13.054,0.9588
38.7,-0.01087,0.03438,-0.78817,1.28483,-6e-05,1.853,13.0545,0.9587
38.72,-0.01094,0.03437,-0.78799,1.28498,-4e-05,1.8534,13.055,0.9585
38.74,-0.01101,0.03435,-0.78784,1.28512,-0.00598,1.8539,13.0554,0.9585
38.76,-0.01108,0.03434,-0.7878,1.28524,-0.01134,1.8544,13.0558,0.9585
38.78,-0.01114,0.03433,-0.78786,1.28534,-0.01421,1.855,13.0561,0.9586
38.8,-0.0112,0.03433,-0.78797,1.28538,-0.0175,1.8555,13.0564,0.9587
38.82,-0.01126,0.03434,-0.78812,1.28536,-0.01814,1.8561,13.0566,0.9589
38.84,-0.01132,0.03435,-0.7883,1.28529,-0.02021,1.8567,13.0567,0.9592
38.86,-0.01138,0.03438,-0.7885,1.28521,-0.02089,1.8573,13.0568,0.9594
38.88,-0.01142,0.03442,-0.78871,1.28514,-0.02123,1.8578,13.0568,0.9598
38.9,-0.01147,0.03446,-0.78891,1.28506,-0.02108,1.8584,13.0567,0.9601
38.92,-0.01151,0.03452,-0.78911,1.28498,-0.0201,1.859,13.0566,0.9604
38.94,-0.01154,0.03458,-0.78928,1.28489,-0.01869,1.8596,13.0564,0.9608
38.96,-0.01149,0.03466,-0.78943,1.28479,-0.01734,1.8603,13.0561,0.9611
38.98,-0.01141,0.03476,-0.78955,1.2847,-0.01612,1.8609,13.0558,0.9615
39.0,-0.01134,0.03488,-0.78964,1.28461,-0.01377,1.8615,13.0555,0.9618
39.02,-0.01126,0.035,-0.78968,1.28452,-0.01132,1.8621,13.0552,0.9621
39.04,-0.01118,0.03513,-0.78968,1.28442,-0.01009,1.8627,13.0549,0.9624
39.06,-0.01111,0.03527,-0.78967,1.28433,-0.0097,1.8634,13.0545,0.9627
39.08,-0.01106,0.03539,-0.78966,1.28425,-0.01016,1.8641,13.0541,0.963
39.1,-0.01099,0.03551,-0.78964,1.28416,-0.00847,1.8648,13.0538,0.9632
39.12,-0.01092,0.03561,-0.78959,1.28409,-0.00745,1.8655,13.0534,0.9635
39.14,-0.01084,0.03569,-0.78953,1.28401,-0.00753,1.8662,13.0531,0.9637
39.16,-0.01076,0.03574,-0.78949,1.28394,-0.00836,1.867,13.0527,0.964
39.18,-0.0107,0.03577,-0.78946,1.28387,-0.00995,1.8678,13.0524,0.9642
39.2,-0.01063,0.03578,-0.78947,1.2838,-0.01141,1.8686,13.0522,0.9644
39.22,-0.01056,0.03575,-0.7895,1.28373,-0.01248,1.8694,13.0519,0.9647
39.24,-0.01049,0.0357,-0.78955,1.28366,-0.01302,1.8703,13.0517,0.9649
39.26,-0.01042,0.0356,-0.7896,1.28359,-0.01317,1.8712,13.0516,0.9651
39.28,-0.01036,0.03547,-0.78966,1.28352,-0.01277,1.8721,13.0515,0.9653
39.3,-0.0103,0.03531,-0.78971,1.28346,-0.0124,1.8731,13.0515,0.9655
39.32,-0.01024,0.03508,-0.78975,1.28339,-0.01204,1.874,13.0515,0.9656
39.34,-0.01019,0.03482,-0.78978,1.28333,-0.01168,1.875,13.0516,0.9658
39.36,-0.01015,0.0345,-0.7898,1.28327,-0.01095,1.8761,13.0518,0.9659
39.38,-0.01012,0.03413,-0.78981,1.28322,-0.01078,1.8771,13.0521,0.966
39.4,-0.01009,0.03371,-0.78981,1.28316,-0.01007,1.8782,13.0524,0.966
39.42,-0.01007,0.03322,-0.78981,1.28311,-0.01054,1.8794,13.0528,0.9661
39.44,-0.01005,0.03269,-0.78983,1.28305,-0.01167,1.8805,13.0533,0.9661
39.46,-0.01003,0.03207,-0.78987,1.283,-0.01283,1.8818,13.0539,0.9661
39.48,-0.01,0.03139,-0.78993,1.28294,-0.0137,1.883,13.0545,0.966
39.5,-0.00998,0.03173,-0.79001,1.28288,-0.01459,1.8843,13.0552,0.966
39.52,-0.00995,0.03398,-0.7901,1.28283,-0.01443,1.8856,13.056,0.9658
39.54,-0.00991,0.03784,-0.79021,1.28277,-0.01683,1.887,13.0569,0.9657
39.56,-0.00984,0.04273,-0.79036,1.2827,-0.01881,1.8884,13.0577,0.9654
39.58,-0.00973,0.0483,-0.79053,1.28263,-0.01886,1.8898,13.0587,0.9651
39.6,-0.00956,0.05464,-0.7907,1.28256,-0.02036,1.8913,13.0598,0.9648
39.62,-0.00935,0.06183,-0.79091,1.28247,-0.02208,1.8928,13.0609,0.9643
39.64,-0.00908,0.06987,-0.79116,1.28234,-0.02492,1.8944,13.0621,0.9638
39.66,-0.00874,0.07859,-0.79151,1.28201,-0.03116,1.896,13.0634,0.9631
39.68,-0.00833,0.08917,-0.79203,1.28148,-0.04157,1.8978,13.0648,0.9623
39.7,-0.00779,0.10139,-0.7928,1.28084,-0.053,1.8996,13.0664,0.9613
39.72,-0.00724,0.1108,-0.79387,1.28008,-0.0731,1.9014,13.0682,0.9601
39.74,-0.00689,0.11463,-0.79548,1.27904,-0.10559,1.9032,13.0702,0.9587
39.76,-0.00713,0.10567,-0.79775,1.27738,-0.13526,1.905,13.0726,0.9569
39.78,-0.00801,0.08364,-0.80018,1.27488,-0.11253,1.9068,13.0754,0.9544
39.8,-0.00895,0.05929,-0.80183,1.27228,-0.05436,1.9088,13.0786,0.951
39.82,-0.0101,0.0319,-0.80154,1.27106,0.06975,1.9109,13.0822,0.9468
39.84,-0.01129,0.00303,-0.79873,1.27196,0.18948,1.9129,13.0863,0.942
39.86,-0.013,-0.0098,-0.79374,1.2747,0.29197,1.915,13.0907,0.937
39.88,-0.0148,-0.01242,-0.78686,1.27893,0.37695,1.9172,13.0952,0.9322
39.9,-0.01619,-0.01486,-0.77869,1.28452,0.41779,1.9196,13.0995,0.9282
39.92,-0.01718,-0.01691,-0.77026,1.29125,0.39392,1.9222,13.1033,0.9254
39.94,-0.01804,-0.01853,-0.76311,1.29855,0.28244,1.9249,13.1064,0.9244
39.96,-0.01889,-0.02005,-0.75898,1.30515,0.08936,1.9274,13.1086,0.9254
39.98,-0.01973,-0.02189,-0.75938,1.3093,-0.16369,1.9294,13.1098,0.9283
40.0,-0.01793,-0.02325,-0.76385,1.30899,-0.28054,1.9314,13.1097,0.9322
40.02,-0.01645,-0.02396,-0.76988,1.30772,-0.34135,1.9332,13.1083,0.9368
40.04,-0.01597,-0.01979,-0.77692,1.30614,-0.37962,1.9343,13.1058,0.9422
40.06,-0.01534,-0.01088,-0.78434,1.30314,-0.37784,1.9347,13.1023,0.948
40.08,-0.01411,0.00179,-0.79129,1.29858,-0.33608,1.9346,13.0982,0.9539
40.1,-0.01235,0.0162,-0.79705,1.29308,-0.26318,1.9343,13.0937,0.9592
40.12,-0.01034,0.03072,-0.80122,1.28748,-0.17931,1.934,13.0894,0.9638
40.14,-0.00836,0.04494,-0.80379,1.28251,-0.10523,1.9337,13.0854,0.9675
40.16,-0.00665,0.05562,-0.80512,1.2785,-0.05528,1.9335,13.0821,0.9704
40.18,-0.00534,0.06186,-0.80578,1.27537,-0.03759,1.9333,13.0796,0.9726
40.2,-0.00444,0.06223,-0.80634,1.2728,-0.04113,1.9331,13.0782,0.974
40.22,-0.00393,0.05716,-0.80702,1.27039,-0.04533,1.933,13.0778,0.9747
40.24,-0.00363,0.04886,-0.80763,1.26806,-0.03158,1.933,13.0786,0.9745
40.26,-0.00344,0.04086,-0.80796,1.26613,-0.01894,1.9331,13.0807,0.9734
40.28,-0.00378,0.02246,-0.80777,1.26496,0.02066,1.9332,13.0839,0.9714
40.3,-0.00468,0.00309,-0.80654,1.26481,0.08222,1.9334,13.0882,0.9686
40.32,-0.0058,-0.01423,-0.80411,1.26574,0.13725,1.9336,13.0933,0.9652
40.34,-0.00715,-0.02784,-0.80075,1.26754,0.17577,1.9338,13.0992,0.9614
40.36,-0.00868,-0.02748,-0.79682,1.26995,0.19469,1.9341,13.1054,0.9573
40.38,-0.01015,-0.02705,-0.79265,1.27288,0.19959,1.9345,13.1117,0.9532
40.4,-0.01159,-0.02658,-0.78857,1.27612,0.18629,1.9351,13.1179,0.9493
40.42,-0.01293,-0.02611,-0.78491,1.27943,0.15836,1.9359,13.1236,0.9458
40.44,-0.0141,-0.02567,-0.78188,1.28262,0.12425,1.9367,13.1287,0.9427
40.46,-0.01502,-0.02529,-0.77956,1.28555,0.08893,1.9376,13.133,0.9401
40.48,-0.01567,-0.02496,-0.77791,1.28812,0.05706,1.9386,13.1364,0.9382
40.5,-0.01601,-0.02474,-0.77684,1.2903,0.02978,1.9395,13.1389,0.9369
40.52,-0.0161,-0.02461,-0.77627,1.29207,0.00693,1.9404,13.1405,0.9362
40.54,-0.01595,-0.02457,-0.7761,1.29341,-0.01142,1.9413,13.1413,0.9362
40.56,-0.0156,-0.02459,-0.77631,1.29433,-0.03029,1.9422,13.1413,0.9367
40.58,-0.0151,-0.02465,-0.77687,1.29485,-0.04718,1.9431,13.1406,0.9378
40.6,-0.0145,-0.0247,-0.77776,1.29496,-0.06297,1.944,13.1393,0.9394
40.62,-0.01386,-0.02472,-0.77899,1.29468,-0.07953,1.9449,13.1377,0.9415
40.64,-0.01321,-0.02377,-0.78052,1.29403,-0.09355,1.9458,13.1358,0.9438
40.66,-0.01258,-0.02047,-0.78231,1.29305,-0.10505,1.9467,13.1337,0.9464
40.68,-0.01199,-0.01532,-0.78429,1.29181,-0.11287,1.9476,13.1315,0.9492
40.7,-0.01144,-0.00907,-0.78639,1.29037,-0.11642,1.9485,13.1294,0.9519
40.72,-0.01097,-0.00225,-0.78852,1.28878,-0.1156,1.9493,13.1273,0.9546
40.74,-0.01058,0.00478,-0.79059,1.28711,-0.11057,1.9502,13.1254,0.9572
40.76,-0.01026,0.01165,-0.79251,1.28542,-0.10114,1.9509,13.1237,0.9595
40.78,-0.01001,0.01829,-0.79422,1.28376,-0.089,1.9516,13.1223,0.9616
40.8,-0.00982,0.02444,-0.79566,1.28221,-0.07386,1.9522,13.121,0.9634
40.82,-0.00967,0.02986,-0.79677,1.28081,-0.05809,1.9527,13.1199,0.9648
40.84,-0.00956,0.03448,-0.79756,1.27961,-0.04147,1.9532,13.1191,0.9658
40.86,-0.00948,0.03821,-0.79802,1.27863,-0.02615,1.9536,13.1184,0.9665
40.88,-0.00942,0.04099,-0.79819,1.27787,-0.01164,1.9539,13.1179,0.9668
40.9,-0.00937,0.04278,-0.79807,1.27734,0.00302,1.9542,13.1176,0.9669
40.92,-0.00934,0.04361,-0.7977,1.27705,0.01315,1.9544,13.1174,0.9665
40.94,-0.00932,0.0435,-0.79714,1.27698,0.02286,1.9546,13.1175,0.966
40.96,-0.00931,0.04242,-0.79641,1.27706,0.02918,1.9548,13.1177,0.9651
40.98,-0.00936,0.04048,-0.79557,1.2774,0.03453,1.955,13.118,0.9641
41.0,-0.00941,0.03789,-0.79463,1.27792,0.03873,1.9552,13.1185,0.9629
41.02,-0.00947,0.03478,-0.79361,1.27858,0.04216,1.9554,13.1192,0.9617
41.04,-0.00957,0.03128,-0.79255,1.27934,0.04369,1.9556,13.1199,0.9603
41.06,-0.00975,0.02751,-0.79147,1.28018,0.043,1.9559,13.1207,0.959
41.08,-0.00995,0.0236,-0.79043,1.28106,0.04031,1.9561,13.1216,0.9576
41.1,-0.01016,0.01966,-0.78946,1.28195,0.03659,1.9565,13.1225,0.9563
41.12,-0.01037,0.01575,-0.78857,1.28281,0.03156,1.9568,13.1235,0.9552
41.14,-0.0106,0.01218,-0.78779,1.28364,0.02605,1.9572,13.1244,0.9541
41.16,-0.01082,0.00904,-0.78712,1.2844,0.02019,1.9577,13.1253,0.9532
41.18,-0.01104,0.00624,-0.78657,1.28509,0.01463,1.9581,13.1261,0.9524
41.2,-0.01124,0.00392,-0.78613,1.2857,0.00897,1.9586,13.1267,0.9518
41.22,-0.01142,0.00222,-0.78581,1.28623,0.00316,1.9591,13.1273,0.9514
41.24,-0.01158,0.00117,-0.7856,1.28668,-6e-05,1.9597,13.1277,0.9511
41.26,-0.0117,0.00084,-0.78543,1.28702,-0.00444,1.9602,13.1279,0.9511
41.28,-0.01178,0.00114,-0.78538,1.2873,-0.01186,1.9608,13.128,0.9512
41.3,-0.01183,0.00215,-0.78548,1.2875,-0.0181,1.9614,13.1279,0.9514
41.32,-0.01187,0.00381,-0.78568,1.28761,-0.0234,1.9619,13.1277,0.9519
41.34,-0.01191,0.00609,-0.78598,1.28764,-0.02648,1.9625,13.1272,0.9524
41.36,-0.01188,0.00887,-0.78636,1.28756,-0.03169,1.963,13.1267,0.9531
41.38,-0.01177,0.01201,-0.78683,1.28746,-0.03591,1.9635,13.1259,0.9539
41.4,-0.01164,0.01546,-0.78738,1.28734,-0.03916,1.964,13.1251,0.9548
41.42,-0.01148,0.01908,-0.78797,1.28706,-0.04,1.9644,13.1241,0.9557
41.44,-0.0113,0.02278,-0.78857,1.28664,-0.04074,1.9648,13.1231,0.9567
41.46,-0.01111,0.0265,-0.78919,1.28613,-0.04121,1.9651,13.122,0.9577
41.48,-0.01092,0.03012,-0.78981,1.28557,-0.04086,1.9654,13.1209,0.9586
41.5,-0.01072,0.03343,-0.7904,1.28497,-0.03843,1.9657,13.1197,0.9595
41.52,-0.0105,0.03645,-0.79093,1.28435,-0.03406,1.966,13.1185,0.9604
41.54,-0.01025,0.03922,-0.79137,1.28371,-0.02973,1.9663,13.1174,0.9611
41.56,-0.00998,0.04173,-0.79173,1.2831,-0.02574,1.9666,13.1163,0.9617
41.58,-0.00971,0.04394,-0.792,1.28255,-0.02165,1.967,13.1154,0.9622
41.6,-0.00945,0.04589,-0.7922,1.28208,-0.01792,1.9674,13.1146,0.9625
41.62,-0.00923,0.04755,-0.79233,1.28173,-0.01465,1.9679,13.114,0.9627
41.64,-0.00906,0.04896,-0.7924,1.28148,-0.01143,1.9684,13.1137,0.9627
41.66,-0.00894,0.05012,-0.79243,1.28136,-0.01063,1.969,13.1135,0.9627
41.68,-0.00888,0.05107,-0.79242,1.2813,-0.00865,1.9695,13.1135,0.9625
41.7,-0.00886,0.05175,-0.79238,1.28124,-0.00688,1.9701,13.1138,0.9622
41.72,-0.00892,0.05216,-0.79231,1.2812,-0.00609,1.9708,13.1143,0.9618
41.74,-0.00898,0.05238,-0.79221,1.28117,-0.00406,1.9714,13.1149,0.9614
41.76,-0.00906,0.05246,-0.79208,1.2812,-0.0028,1.972,13.1157,0.9609
41.78,-0.00924,0.05239,-0.79189,1.28137,-1e-05,1.9726,13.1167,0.9603
41.8,-0.00947,0.05204,-0.79168,1.28164,-5e-05,1.9732,13.1177,0.9596
41.82,-0.00972,0.05129,-0.79145,1.28197,0.00244,1.9738,13.1188,0.9589
41.84,-0.00997,0.05041,-0.79112,1.28232,0.01052,1.9744,13.1199,0.9582
41.86,-0.01021,0.04956,-0.79065,1.28267,0.01572,1.975,13.1211,0.9576
41.88,-0.01044,0.04869,-0.7901,1.28305,0.01817,1.9756,13.1223,0.9569
41.9,-0.01065,0.04788,-0.78952,1.28348,0.01923,1.9761,13.1234,0.9562
41.92,-0.01085,0.04707,-0.78894,1.28393,0.01816,1.9767,13.1245,0.9556
41.94,-0.01103,0.04639,-0.78841,1.2844,0.01496,1.9773,13.1255,0.9551
41.96,-0.0112,0.04581,-0.78794,1.28486,0.01066,1.9779,13.1264,0.9548
41.98,-0.01134,0.0454,-0.78758,1.28529,0.00466,1.9784,13.1272,0.9545
42.0,-0.01145,0.04521,-0.78735,1.28566,-4e-05,1.979,13.1278,0.9543
42.02,-0.01151,0.0451,-0.78718,1.28592,-0.00523,1.9795,13.1284,0.9543
42.04,-0.01156,0.04516,-0.78715,1.28612,-0.01239,1.98,13.1287,0.9544
42.06,-0.0116,0.04535,-0.78725,1.28621,-0.01867,1.9805,13.129,0.9546
42.08,-0.01164,0.04583,-0.78744,1.28619,-0.02092,1.981,13.1291,0.9548
42.1,-0.01159,0.04655,-0.78767,1.28611,-0.02284,1.9815,13.129,0.9552
42.12,-0.01149,0.04749,-0.78794,1.28603,-0.02481,1.9819,13.1289,0.9556
42.14,-0.01138,0.0486,-0.78824,1.28593,-0.02607,1.9824,13.1286,0.956
42.16,-0.01126,0.04992,-0.78855,1.28581,-0.02632,1.9828,13.1283,0.9565
42.18,-0.01113,0.05147,-0.78886,1.2857,-0.02532,1.9833,13.1279,0.957
42.2,-0.011,0.05317,-0.78914,1.28556,-0.0227,1.9837,13.1275,0.9574
42.22,-0.01087,0.055,-0.78937,1.28528,-0.02072,1.9842,13.127,0.9579
42.24,-0.01074,0.05697,-0.78958,1.28495,-0.02012,1.9847,13.1265,0.9584
42.26,-0.01061,0.05902,-0.78978,1.28462,-0.02018,1.9852,13.126,0.9588
42.28,-0.01048,0.06118,-0.78999,1.28431,-0.02021,1.9857,13.1255,0.9592
42.3,-0.01036,0.06339,-0.79019,1.28402,-0.01967,1.9862,13.125,0.9596
42.32,-0.01024,0.06562,-0.79037,1.28375,-0.01796,1.9868,13.1246,0.9599
42.34,-0.01014,0.06786,-0.79051,1.2835,-0.01556,1.9874,13.1242,0.9602
42.36,-0.01003,0.07012,-0.7906,1.28327,-0.0133,1.988,13.1238,0.9604
42.38,-0.00991,0.07246,-0.79065,1.28307,-0.0116,1.9886,13.1236,0.9606
42.4,-0.0098,0.07487,-0.79067,1.2829,-0.01055,1.9894,13.1234,0.9606
42.42,-0.00969,0.07735,-0.79069,1.2828,-0.01056,1.9901,13.1234,0.9607
42.44,-0.0096,0.07995,-0.7907,1.28272,-0.00998,1.991,13.1234,0.9606
42.46,-0.00953,0.08264,-0.79071,1.28265,-0.01055,1.9918,13.1236,0.9605
42.48,-0.00948,0.08542,-0.79076,1.28258,-0.01261,1.9927,13.1238,0.9603
42.5,-0.00944,0.08835,-0.79084,1.28251,-0.0156,1.9937,13.1242,0.9601
42.52,-0.00943,0.09144,-0.79098,1.28244,-0.01851,1.9947,13.1248,0.9598
42.54,-0.00942,0.09463,-0.79117,1.28237,-0.02097,1.9957,13.1254,0.9595
42.56,-0.00941,0.09798,-0.7914,1.2823,-0.02268,1.9967,13.1261,0.959
42.58,-0.00941,0.10124,-0.79165,1.28222,-0.02264,1.9977,13.1269,0.9585
42.6,-0.0094,0.1045,-0.79189,1.28214,-0.02221,1.9988,13.1279,0.9578
42.62,-0.00939,0.1078,-0.79212,1.28206,-0.02134,1.9999,13.1289,0.9571
42.64,-0.00941,0.11117,-0.79232,1.28197,-0.01944,2.001,13.13,0.9562
42.66,-0.00946,0.11455,-0.79249,1.28188,-0.01776,2.0021,13.1312,0.9552
42.68,-0.00951,0.11802,-0.79262,1.28179,-0.01544,2.0032,13.1326,0.9541
42.7,-0.00956,0.12151,-0.7927,1.28171,-0.01246,2.0043,13.1339,0.9528
42.72,-0.00962,0.12498,-0.79272,1.28162,-0.00969,2.0054,13.1354,0.9514
42.74,-0.0097,0.12839,-0.7927,1.28154,-0.00709,2.0065,13.1369,0.9499
42.76,-0.00983,0.1318,-0.7926,1.28148,1e-05,2.0076,13.1385,0.9482
42.78,-0.01002,0.13516,-0.79236,1.28143,0.00618,2.0087,13.1401,0.9465
42.8,-0.01027,0.13684,-0.79191,1.28142,0.01919,2.0099,13.1417,0.9446
42.82,-0.01056,0.13868,-0.79118,1.28164,0.03494,2.011,13.1434,0.9427
42.84,-0.01081,0.14123,-0.79008,1.28219,0.05356,2.0123,13.1451,0.9407
42.86,-0.01103,0.1446,-0.78862,1.28308,0.07064,2.0135,13.1467,0.9388
42.88,-0.01124,0.14896,-0.78688,1.28431,0.08074,2.0149,13.1483,0.937
42.9,-0.01142,0.15457,-0.78504,1.28579,0.08048,2.0163,13.1498,0.9356
42.92,-0.01156,0.16153,-0.78335,1.2874,0.06591,2.0177,13.1511,0.9345
42.94,-0.01162,0.16997,-0.78211,1.28892,0.03593,2.0191,13.1522,0.9338
42.96,-0.01158,0.17914,-0.78161,1.29011,-0.00699,2.0204,13.1531,0.9337
42.98,-0.01147,0.18851,-0.78206,1.29067,-0.05797,2.0217,13.1537,0.9339
43.0,-0.01117,0.19834,-0.78358,1.29037,-0.11379,2.0229,13.1541,0.9345
43.02,-0.01065,0.20855,-0.78627,1.28911,-0.17156,2.024,13.1543,0.9353
43.04,-0.00994,0.21976,-0.79029,1.28693,-0.24581,2.0251,13.1543,0.9359
43.06,-0.00943,0.22196,-0.79558,1.28395,-0.29501,2.0259,13.1542,0.9362
43.08,-0.00914,0.21472,-0.80148,1.28016,-0.30576,2.0265,13.1541,0.936
43.1,-0.00893,0.20129,-0.80727,1.27571,-0.28517,2.0268,13.154,0.9348
43.12,-0.00883,0.18297,-0.81243,1.27086,-0.2013,2.0269,13.1542,0.9324
43.14,-0.01057,0.13086,-0.81461,1.26457,-0.04136,2.0275,13.1545,0.9282
43.16,-0.01107,0.10067,-0.81311,1.26045,0.18066,2.0287,13.1552,0.922
43.18,-0.0114,0.07277,-0.80675,1.26124,0.42916,2.0303,13.1566,0.9146
43.2,-0.01215,0.04427,-0.79609,1.26645,0.60166,2.0323,13.1584,0.907
43.22,-0.01322,0.01537,-0.78305,1.27477,0.6663,2.0347,13.1607,0.9
43.24,-0.01433,-0.01187,-0.76997,1.28484,0.60418,2.0374,13.1633,0.8946
43.26,-0.01548,-0.02313,-0.75918,1.2952,0.44236,2.0403,13.1659,0.8912
43.28,-0.01642,-0.02482,-0.75222,1.30462,0.22621,2.043,13.1684,0.8901
43.3,-0.01634,-0.02597,-0.74938,1.31177,0.03352,2.0455,13.1703,0.8914
43.32,-0.01631,-0.02671,-0.7503,1.31675,-0.14893,2.0475,13.1715,0.8949
43.34,-0.01654,-0.02709,-0.75478,1.31948,-0.31894,2.0486,13.1719,0.9004
43.36,-0.01689,-0.027,-0.76217,1.31949,-0.43255,2.0486,13.1714,0.9075
43.38,-0.017,-0.02653,-0.77108,1.31663,-0.47168,2.0477,13.1698,0.9157
43.4,-0.01661,-0.02586,-0.78019,1.3113,-0.4556,2.046,13.1673,0.9243
43.42,-0.01573,-0.02515,-0.78852,1.30434,-0.39866,2.044,13.164,0.9326
43.44,-0.01453,-0.02443,-0.79547,1.29672,-0.32005,2.0418,13.1601,0.9403
43.46,-0.01322,-0.02374,-0.80081,1.28927,-0.23918,2.0396,13.1558,0.9469
43.48,-0.01195,-0.02303,-0.80461,1.28254,-0.16685,2.0376,13.1516,0.9524
43.5,-0.01084,-0.02226,-0.8071,1.27683,-0.10731,2.0359,13.1474,0.9567
43.52,-0.00991,-0.02132,-0.80853,1.27227,-0.06032,2.0343,13.1436,0.9599
43.54,-0.00915,-0.0202,-0.80911,1.26887,-0.02101,2.033,13.1403,0.9619
43.56,-0.00856,-0.01892,-0.80893,1.26658,0.01623,2.0318,13.1375,0.9629
43.58,-0.0081,-0.01749,-0.80806,1.26534,0.0481,2.0309,13.1353,0.9629
43.6,-0.00779,-0.01594,-0.80658,1.26505,0.07737,2.0301,13.1338,0.9622
43.62,-0.0076,-0.01433,-0.80455,1.2656,0.10256,2.0295,13.1328,0.9609
43.64,-0.00754,-0.01268,-0.80209,1.26684,0.12117,2.029,13.1323,0.9591
43.66,-0.00759,-0.01105,-0.79933,1.26862,0.13152,2.0287,13.1323,0.9569
43.68,-0.00773,-0.00945,-0.79645,1.27079,0.13339,2.0286,13.1326,0.9546
43.7,-0.00796,-0.00789,-0.79361,1.27319,0.1279,2.0286,13.1332,0.9523
43.72,-0.00823,-0.00639,-0.79093,1.27568,0.11702,2.0288,13.134,0.9501
43.74,-0.00853,-0.00493,-0.78852,1.27814,0.10217,2.0291,13.1349,0.948
43.76,-0.00881,-0.00354,-0.78644,1.28047,0.08454,2.0295,13.1358,0.9462
43.78,-0.00907,-0.0022,-0.78471,1.2826,0.06622,2.03,13.1366,0.9447
43.8,-0.00931,-0.00094,-0.78335,1.28449,0.04854,2.0307,13.1374,0.9435
43.82,-0.00951,0.00027,-0.78233,1.28611,0.03168,2.0314,13.1381,0.9427
43.84,-0.00967,0.00141,-0.78164,1.28745,0.01594,2.0323,13.1386,0.9423
43.86,-0.00981,0.00249,-0.78126,1.2885,-0.00021,2.0332,13.1391,0.9423
43.88,-0.00992,0.00353,-0.78117,1.28929,-0.01286,2.0343,13.1394,0.9426
43.9,-0.00999,0.00451,-0.78135,1.28981,-0.02618,2.0354,13.1395,0.9433
43.92,-0.01005,0.00544,-0.78177,1.29008,-0.03743,2.0367,13.1396,0.9442
43.94,-0.01011,0.00637,-0.78241,1.2901,-0.0479,2.0379,13.1396,0.9455
43.96,-0.01018,0.00726,-0.78327,1.28996,-0.05824,2.0392,13.1395,0.9469
43.98,-0.01027,0.00813,-0.78431,1.2896,-0.0648,2.0406,13.1394,0.9486
44.0,-0.0104,0.00899,-0.78545,1.28901,-0.06783,2.042,13.1392,0.9503
44.02,-0.01048,0.00981,-0.78664,1.28823,-0.07025,2.0433,13.139,0.9521
44.04,-0.01051,0.01054,-0.78786,1.2873,-0.07099,2.0448,13.1389,0.9539
44.06,-0.01054,0.01117,-0.78907,1.28629,-0.06919,2.0462,13.1388,0.9557
44.08,-0.01058,0.01223,-0.79022,1.28527,-0.06516,2.0477,13.1387,0.9573
44.1,-0.01063,0.01499,-0.79127,1.28432,-0.05995,2.0491,13.1387,0.9587
44.12,-0.01067,0.01903,-0.79217,1.28351,-0.05103,2.0505,13.1387,0.96
44.14,-0.01071,0.02393,-0.79289,1.28285,-0.04172,2.0518,13.1388,0.961
44.16,-0.01076,0.02937,-0.79343,1.28233,-0.03324,2.0531,13.1389,0.962
44.18,-0.01079,0.03519,-0.79381,1.28189,-0.02617,2.0542,13.1389,0.9627
44.2,-0.01075,0.04104,-0.79406,1.28154,-0.01932,2.0552,13.139,0.9633
44.22,-0.0106,0.04671,-0.79418,1.28125,-0.01429,2.0562,13.139,0.9637
44.24,-0.01038,0.0521,-0.79423,1.281,-0.01165,2.057,13.139,0.964
44.26,-0.01011,0.05705,-0.79425,1.28076,-0.01054,2.0579,13.1391,0.9641
44.28,-0.0098,0.06154,-0.79425,1.28054,-0.01039,2.0586,13.1392,0.9641
44.3,-0.00947,0.06537,-0.79427,1.28033,-0.01123,2.0594,13.1393,0.9639
44.32,-0.00914,0.06836,-0.79431,1.28012,-0.01252,2.0601,13.1396,0.9635
44.34,-0.00882,0.07064,-0.79436,1.27992,-0.01298,2.0609,13.14,0.963
44.36,-0.00852,0.07229,-0.79442,1.27978,-0.01327,2.0617,13.1407,0.9622
44.38,-0.00828,0.0733,-0.79447,1.2797,-0.01191,2.0626,13.1415,0.9614
44.4,-0.00811,0.07367,-0.79447,1.27963,-0.00847,2.0635,13.1426,0.9603
44.42,-0.00806,0.07253,-0.79441,1.27957,-0.00421,2.0644,13.1441,0.9591
44.44,-0.00812,0.07029,-0.79422,1.27954,-2e-05,2.0655,13.1458,0.9578
44.46,-0.00831,0.06684,-0.7939,1.2797,0.01239,2.0665,13.1477,0.9563
44.48,-0.00867,0.06265,-0.79328,1.28008,0.02885,2.0676,13.15,0.9547
44.5,-0.00911,0.05844,-0.79235,1.28066,0.04349,2.0688,13.1525,0.953
44.52,-0.00961,0.05458,-0.79115,1.28143,0.05537,2.0699,13.1551,0.9513
44.54,-0.01015,0.05118,-0.78974,1.28242,0.06357,2.0712,13.1579,0.9497
44.56,-0.01071,0.04812,-0.78823,1.28358,0.06557,2.0724,13.1606,0.9482
44.58,-0.01127,0.04535,-0.78675,1.28486,0.06007,2.0736,13.1633,0.9469
44.6,-0.01183,0.04263,-0.78547,1.28615,0.047,2.0748,13.1659,0.9459
44.62,-0.01234,0.03983,-0.7845,1.28732,0.02828,2.0758,13.1682,0.9452
44.64,-0.01278,0.03692,-0.78395,1.28826,0.00688,2.0768,13.1703,0.9448
44.66,-0.01314,0.0339,-0.78384,1.28891,-0.01533,2.0776,13.172,0.9448
44.68,-0.0134,0.03097,-0.78413,1.28921,-0.03279,2.0782,13.1733,0.945
44.7,-0.01355,0.02825,-0.78472,1.28918,-0.04637,2.0787,13.1743,0.9455
44.72,-0.0136,0.02583,-0.78551,1.28888,-0.05278,2.0791,13.1748,0.9461
44.74,-0.01355,0.02382,-0.78637,1.28835,-0.05288,2.0793,13.175,0.9468
44.76,-0.0134,0.02225,-0.78718,1.2877,-0.04906,2.0794,13.1749,0.9476
44.78,-0.01318,0.02121,-0.78788,1.287,-0.0423,2.0794,13.1745,0.9484
44.8,-0.01291,0.02075,-0.78844,1.28634,-0.03399,2.0794,13.1738,0.9491
44.82,-0.01262,0.02077,-0.78883,1.28575,-0.02594,2.0794,13.1729,0.9499
44.84,-0.01231,0.0212,-0.78908,1.28527,-0.01954,2.0793,13.1719,0.9506
44.86,-0.012,0.02216,-0.78922,1.28491,-0.0153,2.0792,13.1708,0.9512
44.88,-0.01169,0.02351,-0.78929,1.28465,-0.01265,2.0791,13.1695,0.9519
44.9,-0.01139,0.02524,-0.78933,1.28446,-0.01244,2.079,13.1682,0.9525
44.92,-0.0111,0.02727,-0.78936,1.28437,-0.01287,2.079,13.1669,0.9532
44.94,-0.01083,0.0296,-0.78941,1.28429,-0.01311,2.0789,13.1656,0.9538
44.96,-0.01057,0.0321,-0.78948,1.28422,-0.01462,2.0789,13.1643,0.9544
44.98,-0.01033,0.03487,-0.78959,1.28413,-0.01703,2.0789,13.1631,0.9551
45.0,-0.0101,0.0378,-0.78976,1.28405,-0.02006,2.0789,13.1619,0.9557
45.02,-0.00988,0.04079,-0.78998,1.28395,-0.02301,2.079,13.1608,0.9563
45.04,-0.00967,0.04384,-0.79025,1.28385,-0.02524,2.0791,13.1598,0.9569
45.06,-0.00948,0.04682,-0.79056,1.28373,-0.0265,2.0792,13.1589,0.9574
45.08,-0.00931,0.0497,-0.79088,1.28361,-0.02657,2.0794,13.158,0.9579
45.1,-0.00915,0.0524,-0.79118,1.28341,-0.02358,2.0797,13.1573,0.9583
45.12,-0.00902,0.05484,-0.79143,1.28309,-0.02175,2.08,13.1568,0.9586
45.14,-0.00892,0.05694,-0.79163,1.28275,-0.01878,2.0804,13.1563,0.9589
45.16,-0.00885,0.05873,-0.79178,1.28243,-0.01503,2.0808,13.156,0.959
45.18,-0.00881,0.0602,-0.79183,1.28214,-0.0103,2.0813,13.1559,0.9591
45.2,-0.00879,0.06138,-0.79179,1.28191,-0.00577,2.082,13.1559,0.959
45.22,-0.00883,0.06226,-0.79167,1.28181,8e-05,2.0827,13.1562,0.9588
45.24,-0.00889,0.06289,-0.79145,1.28176,0.00075,2.0836,13.1565,0.9586
45.26,-0.00901,0.0633,-0.79122,1.28179,8e-05,2.0845,13.157,0.9583
45.28,-0.0092,0.06347,-0.79099,1.28201,2e-05,2.0855,13.1577,0.9579
45.3,-0.00946,0.06354,-0.79075,1.28234,0.00459,2.0866,13.1584,0.9575
45.32,-0.00975,0.06357,-0.79039,1.28272,0.01069,2.0877,13.1592,0.9571
45.34,-0.01006,0.06359,-0.78993,1.28312,0.01371,2.0888,13.1601,0.9568
45.36,-0.01036,0.06368,-0.78944,1.28354,0.01501,2.0899,13.1609,0.9564
45.38,-0.01065,0.06384,-0.78894,1.28397,0.014,2.091,13.1618,0.9562
45.4,-0.0109,0.06419,-0.78848,1.2844,0.01208,2.0921,13.1625,0.956
45.42,-0.01112,0.06462,-0.78806,1.28482,0.00878,2.0932,13.1631,0.9559
45.44,-0.0113,0.06526,-0.78772,1.2852,0.00446,2.0942,13.1636,0.9559
45.46,-0.01144,0.06606,-0.78748,1.28553,-5e-05,2.0952,13.1639,0.956
45.48,-0.01152,0.06701,-0.7873,1.28578,-0.00264,2.0961,13.164,0.9562
45.5,-0.01156,0.0682,-0.78723,1.28595,-0.01099,2.097,13.164,0.9565
45.52,-0.0116,0.06958,-0.7873,1.28602,-0.01671,2.0978,13.1638,0.9569
45.54,-0.01157,0.07121,-0.78747,1.286,-0.02019,2.0987,13.1635,0.9574
45.56,-0.01145,0.07309,-0.78771,1.2859,-0.0245,2.0995,13.163,0.958
45.58,-0.01129,0.07533,-0.78803,1.28577,-0.02746,2.1003,13.1624,0.9586
45.6,-0.01108,0.07794,-0.78839,1.28558,-0.02671,2.1011,13.1617,0.9592
45.62,-0.01082,0.08104,-0.78872,1.28522,-0.02634,2.1019,13.161,0.9598
45.64,-0.01053,0.0847,-0.78907,1.28476,-0.02767,2.1029,13.1602,0.9604
45.66,-0.01019,0.08908,-0.78946,1.28426,-0.03012,2.1039,13.1593,0.9609
45.68,-0.00984,0.09364,-0.78991,1.28371,-0.03375,2.105,13.1586,0.9613
45.7,-0.00946,0.09861,-0.79045,1.28312,-0.03834,2.1062,13.1579,0.9616
45.72,-0.00906,0.10426,-0.79106,1.28251,-0.04332,2.1075,13.1573,0.9618
45.74,-0.00861,0.11077,-0.79179,1.28185,-0.04857,2.109,13.1568,0.9618
45.76,-0.00812,0.11806,-0.79265,1.2811,-0.05757,2.1106,13.1565,0.9616
45.78,-0.00759,0.12659,-0.79374,1.28021,-0.07082,2.1123,13.1565,0.9612
45.8,-0.00699,0.13726,-0.79519,1.27919,-0.09137,2.1142,13.1566,0.9605
45.82,-0.00651,0.14295,-0.79704,1.27805,-0.11149,2.1161,13.1571,0.9594
45.84,-0.00626,0.14358,-0.79935,1.27665,-0.13484,2.118,13.1578,0.958
45.86,-0.00624,0.14057,-0.80212,1.27479,-0.15557,2.1199,13.159,0.956
45.88,-0.00682,0.11872,-0.80495,1.27212,-0.12786,2.1219,13.1607,0.9533
45.9,-0.00809,0.08115,-0.80659,1.26833,-0.05148,2.1244,13.1627,0.9493
45.92,-0.00912,0.05223,-0.80626,1.26586,0.07636,2.1273,13.1652,0.9439
45.94,-0.01028,0.0239,-0.80287,1.26645,0.24373,2.1305,13.1682,0.9377
45.96,-0.01187,-0.00493,-0.79632,1.26991,0.38849,2.1339,13.1716,0.9311
45.98,-0.01372,-0.02357,-0.78727,1.27557,0.49203,2.1376,13.1752,0.9249
46.0,-0.0153,-0.02587,-0.7769,1.28281,0.51636,2.1415,13.1786,0.9195
46.02,-0.01642,-0.02798,-0.76679,1.29122,0.46016,2.1456,13.1817,0.9157
46.04,-0.01742,-0.02988,-0.75863,1.30004,0.31807,2.1496,13.1841,0.914
46.06,-0.01844,-0.03175,-0.75411,1.30789,0.09558,2.1529,13.186,0.9146
46.08,-0.01838,-0.03206,-0.75416,1.31269,-0.10668,2.1555,13.1869,0.9173
46.1,-0.01739,-0.02988,-0.75746,1.31453,-0.24071,2.1575,13.1867,0.9215
46.12,-0.01712,-0.02467,-0.7634,1.31482,-0.36916,2.1584,13.1856,0.9272
46.14,-0.01701,-0.01519,-0.7713,1.31309,-0.43358,2.1581,13.1836,0.934
46.16,-0.01639,-0.00297,-0.77984,1.3091,-0.43681,2.1568,13.1808,0.9413
46.18,-0.01514,0.0103,-0.78797,1.30328,-0.39305,2.1548,13.1773,0.9485
46.2,-0.01342,0.0233,-0.79488,1.29651,-0.31905,2.1525,13.1735,0.9551
46.22,-0.01152,0.03523,-0.80016,1.28973,-0.23455,2.1503,13.1696,0.9609
46.24,-0.0097,0.04533,-0.80381,1.28359,-0.15771,2.1482,13.1659,0.9657
46.26,-0.00811,0.05345,-0.80614,1.27838,-0.10132,2.1465,13.1625,0.9695
46.28,-0.00682,0.0595,-0.80757,1.27412,-0.06619,2.1451,13.1598,0.9723
46.3,-0.00582,0.06341,-0.80848,1.27072,-0.04699,2.1442,13.1578,0.974
46.32,-0.00508,0.06511,-0.8091,1.26806,-0.0346,2.1436,13.1567,0.9749
46.34,-0.00461,0.0647,-0.80948,1.26605,-0.02186,2.1435,13.1565,0.9748
46.36,-0.00441,0.06246,-0.80956,1.26466,-0.00334,2.1438,13.1573,0.9738
46.38,-0.00448,0.05909,-0.8092,1.26391,0.02237,2.1444,13.1591,0.9719
46.4,-0.00497,0.04823,-0.8082,1.26381,0.05919,2.1454,13.1618,0.9693
46.42,-0.00579,0.03831,-0.80628,1.26452,0.11296,2.1466,13.1653,0.9659
46.44,-0.0067,0.03011,-0.80327,1.2662,0.16453,2.1481,13.1695,0.9621
46.46,-0.00773,0.02311,-0.79939,1.26872,0.19906,2.1498,13.1741,0.9579
46.48,-0.00885,0.01692,-0.79504,1.27187,0.21146,2.1516,13.1789,0.9537
46.5,-0.01001,0.01083,-0.79068,1.27537,0.19993,2.1535,13.1837,0.9497
46.52,-0.01115,0.00452,-0.78677,1.2789,0.16798,2.1554,13.1883,0.9461
46.54,-0.01221,-0.0022,-0.78365,1.28218,0.12346,2.1571,13.1926,0.9429
46.56,-0.01311,-0.00923,-0.78145,1.28498,0.07692,2.1587,13.1963,0.9402
46.58,-0.01382,-0.01625,-0.78014,1.28718,0.03588,2.1601,13.1994,0.938
46.6,-0.01432,-0.02302,-0.77952,1.28878,0.00726,2.1613,13.2018,0.9364
46.62,-0.01459,-0.02944,-0.77934,1.28986,-0.00767,2.1622,13.2036,0.9352
46.64,-0.01467,-0.03485,-0.77936,1.29055,-0.01377,2.1629,13.2046,0.9344
46.66,-0.01461,-0.03868,-0.77943,1.29097,-0.01377,2.1634,13.2051,0.934
46.68,-0.01441,-0.04045,-0.77946,1.29126,-0.00948,2.1639,13.2049,0.9339
46.7,-0.01412,-0.03946,-0.7794,1.29149,-0.00779,2.1642,13.2042,0.9342
46.72,-0.01374,-0.03842,-0.77931,1.29173,-0.00577,2.1646,13.2031,0.9349
46.74,-0.01333,-0.03577,-0.77926,1.29196,-0.01116,2.1649,13.2016,0.9359
46.76,-0.0129,-0.03109,-0.77936,1.29216,-0.02027,2.1653,13.1998,0.9373
46.78,-0.01248,-0.02452,-0.77969,1.29229,-0.03379,2.1656,13.1978,0.9391
46.8,-0.01207,-0.01638,-0.78033,1.29229,-0.05078,2.166,13.1956,0.9412
46.82,-0.01167,-0.00695,-0.78133,1.29216,-0.06939,2.1664,13.1934,0.9437
46.84,-0.0113,0.00318,-0.78268,1.29184,-0.08689,2.1668,13.1911,0.9463
46.86,-0.01096,0.01364,-0.78438,1.29122,-0.10344,2.1671,13.1889,0.9492
46.88,-0.01065,0.02413,-0.78638,1.29029,-0.11658,2.1673,13.1867,0.9521
46.9,-0.01035,0.03452,-0.7886,1.28905,-0.12564,2.1675,13.1846,0.9551
46.92,-0.01005,0.04464,-0.79094,1.28752,-0.12781,2.1675,13.1827,0.9579
46.94,-0.00976,0.05403,-0.79324,1.28575,-0.12122,2.1675,13.1808,0.9606
46.96,-0.00944,0.06275,-0.79534,1.28381,-0.10779,2.1674,13.1791,0.963
46.98,-0.00906,0.07034,-0.79714,1.28176,-0.09168,2.1673,13.1776,0.965
47.0,-0.0086,0.07648,-0.79861,1.27971,-0.07488,2.1673,13.1763,0.9665
47.02,-0.00811,0.08137,-0.79973,1.27785,-0.05675,2.1674,13.1753,0.9675
47.04,-0.00763,0.08501,-0.80048,1.27629,-0.03887,2.1677,13.1746,0.968
47.06,-0.00722,0.08752,-0.8009,1.27509,-0.0237,2.1681,13.1743,0.968
47.08,-0.00692,0.0889,-0.80105,1.27422,-0.01177,2.1688,13.1744,0.9675
47.1,-0.00676,0.08905,-0.801,1.27365,-0.00286,2.1696,13.1749,0.9665
47.12,-0.00675,0.0879,-0.80079,1.27333,0.00295,2.1706,13.1759,0.9651
47.14,-0.00691,0.08546,-0.80047,1.27326,0.01152,2.1718,13.1774,0.9633
47.16,-0.0072,0.08196,-0.79997,1.27333,0.02099,2.1732,13.1793,0.9612
47.18,-0.00777,0.07239,-0.79918,1.27361,0.04102,2.1747,13.1815,0.9586
47.2,-0.00857,0.06246,-0.79784,1.27422,0.07459,2.1763,13.1841,0.9557
47.22,-0.0093,0.05438,-0.79576,1.27541,0.11172,2.1781,13.1869,0.9526
47.24,-0.01005,0.04786,-0.793,1.27722,0.14153,2.1799,13.1898,0.9495
47.26,-0.0108,0.04257,-0.78978,1.27956,0.15657,2.1818,13.1928,0.9464
47.28,-0.01154,0.03811,-0.78646,1.28227,0.15257,2.1836,13.1956,0.9437
47.3,-0.01224,0.03418,-0.78343,1.2851,0.128,2.1854,13.1982,0.9414
47.32,-0.01287,0.03052,-0.78106,1.28776,0.08757,2.1869,13.2004,0.9397
47.34,-0.01339,0.02697,-0.77957,1.28999,0.0405,2.1882,13.2023,0.9387
47.36,-0.01376,0.02368,-0.77904,1.29161,-0.00609,2.1891,13.2037,0.9383
47.38,-0.01397,0.0206,-0.77934,1.29255,-0.04287,2.1898,13.2046,0.9384
47.4,-0.01401,0.01777,-0.78025,1.29282,-0.06653,2.1901,13.2051,0.9389
47.42,-0.01388,0.01526,-0.78152,1.2925,-0.07938,2.1902,13.2052,0.9398
47.44,-0.01362,0.01334,-0.78293,1.29179,-0.08169,2.1901,13.2049,0.9409
47.46,-0.01327,0.01206,-0.78431,1.29081,-0.07639,2.1898,13.2042,0.9421
47.48,-0.01286,0.0115,-0.78555,1.28972,-0.06714,2.1894,13.2033,0.9434
47.5,-0.01242,0.01163,-0.78657,1.28863,-0.05658,2.1889,13.2021,0.9447
47.52,-0.01198,0.01243,-0.78739,1.28762,-0.04674,2.1885,13.2008,0.9461
47.54,-0.01157,0.01394,-0.78804,1.28673,-0.03873,2.1881,13.1994,0.9473
47.56,-0.01118,0.01605,-0.78855,1.28598,-0.03304,2.1878,13.1979,0.9486
47.58,-0.01084,0.01877,-0.78896,1.28536,-0.02923,2.1875,13.1964,0.9498
47.6,-0.01054,0.02199,-0.78932,1.28486,-0.0273,2.1873,13.195,0.951
47.62,-0.01028,0.02564,-0.78967,1.28444,-0.02742,2.1871,13.1936,0.9521
47.64,-0.01006,0.02966,-0.79002,1.28409,-0.02809,2.1871,13.1923,0.9531
47.66,-0.00989,0.03394,-0.79038,1.28377,-0.02904,2.1871,13.1912,0.9542
47.68,-0.00974,0.03842,-0.79077,1.28347,-0.02962,2.1871,13.1901,0.9551
47.7,-0.00963,0.04306,-0.79115,1.28318,-0.02963,2.1872,13.1891,0.956
47.72,-0.00954,0.04767,-0.79153,1.28289,-0.02838,2.1874,13.1883,0.9568
47.74,-0.00946,0.05211,-0.79189,1.2826,-0.02742,2.1876,13.1875,0.9575
47.76,-0.00939,0.05626,-0.79222,1.28231,-0.02568,2.1878,13.1869,0.9581
47.78,-0.00934,0.05999,-0.79251,1.28201,-0.02393,2.1881,13.1863,0.9586
47.8,-0.00931,0.06323,-0.79277,1.28172,-0.02182,2.1884,13.1859,0.9589
47.82,-0.00929,0.06598,-0.79298,1.28144,-0.01915,2.1887,13.1856,0.9591
47.84,-0.00933,0.0681,-0.79311,1.2812,-0.01449,2.1891,13.1854,0.9592
47.86,-0.00937,0.0696,-0.79314,1.28101,-0.0094,2.1896,13.1853,0.9591
47.88,-0.00942,0.07056,-0.79307,1.28093,-0.0032,2.1901,13.1854,0.9589
47.9,-0.00947,0.071,-0.79286,1.28088,0.0027,2.1906,13.1855,0.9586
47.92,-0.00954,0.07098,-0.79252,1.28085,0.01058,2.1912,13.1857,0.9582
47.94,-0.00966,0.07076,-0.79205,1.28099,0.01569,2.1919,13.186,0.9576
47.96,-0.00983,0.07027,-0.79149,1.28131,0.01982,2.1926,13.1863,0.957
47.98,-0.01002,0.06961,-0.79085,1.28176,0.02297,2.1934,13.1867,0.9564
48.0,-0.01022,0.06891,-0.79017,1.2823,0.02455,2.1942,13.1871,0.9558
48.02,-0.01041,0.06826,-0.78948,1.28291,0.02396,2.195,13.1875,0.9552
48.04,-0.0106,0.06773,-0.78883,1.28354,0.02138,2.1958,13.1879,0.9547
48.06,-0.01077,0.06731,-0.78825,1.28417,0.01665,2.1966,13.1882,0.9543
48.08,-0.01093,0.06712,-0.78777,1.28476,0.01028,2.1973,13.1885,0.954
48.1,-0.01106,0.06704,-0.78743,1.28527,0.00367,2.1981,13.1887,0.9538
48.12,-0.01116,0.06707,-0.78723,1.28568,-0.00249,2.1987,13.1888,0.9538
48.14,-0.01121,0.06724,-0.78716,1.28596,-0.01042,2.1993,13.1888,0.9539
48.16,-0.01125,0.06772,-0.78723,1.28613,-0.01741,2.1998,13.1887,0.9542
48.18,-0.01129,0.06846,-0.78742,1.28617,-0.02141,2.2003,13.1885,0.9545
48.2,-0.01129,0.06944,-0.78767,1.2861,-0.02433,2.2007,13.1882,0.9549
48.22,-0.0112,0.07064,-0.78798,1.286,-0.02713,2.2011,13.1877,0.9553
48.24,-0.01108,0.07202,-0.78834,1.28588,-0.0294,2.2015,13.1872,0.9558
48.26,-0.01096,0.0737,-0.78874,1.28574,-0.02939,2.2018,13.1867,0.9563
48.28,-0.01083,0.07558,-0.7891,1.28548,-0.02666,2.2021,13.1861,0.9568
48.3,-0.0107,0.07761,-0.78942,1.28513,-0.02503,2.2025,13.1855,0.9573
48.32,-0.01058,0.07983,-0.78972,1.28476,-0.02437,2.2028,13.1849,0.9578
48.34,-0.01046,0.0822,-0.79,1.28438,-0.02391,2.2031,13.1842,0.9583
48.36,-0.01035,0.08468,-0.79027,1.28403,-0.02278,2.2035,13.1836,0.9586
48.38,-0.01023,0.08729,-0.79052,1.28369,-0.02176,2.2039,13.183,0.959
48.4,-0.01012,0.08995,-0.79075,1.28338,-0.02002,2.2043,13.1824,0.9592
48.42,-0.01003,0.09262,-0.79093,1.28311,-0.01729,2.2048,13.1818,0.9594
48.44,-0.00993,0.09535,-0.79106,1.28286,-0.0147,2.2053,13.1813,0.9595
48.46,-0.00983,0.09814,-0.79114,1.28263,-0.01237,2.2059,13.1809,0.9596
48.48,-0.00973,0.10106,-0.79118,1.28244,-0.01114,2.2065,13.1805,0.9595
48.5,-0.00964,0.10413,-0.79121,1.28231,-0.01116,2.2073,13.1802,0.9594
48.52,-0.00956,0.10741,-0.79125,1.28222,-0.0113,2.2082,13.1799,0.9591
48.54,-0.00948,0.11087,-0.79129,1.28214,-0.01197,2.2091,13.1798,0.9588
48.56,-0.00943,0.11456,-0.79136,1.28206,-0.01433,2.2101,13.1798,0.9584
48.58,-0.00939,0.11824,-0.79149,1.28198,-0.01764,2.2112,13.1799,0.9578
48.6,-0.00937,0.12203,-0.79168,1.28189,-0.02096,2.2124,13.18,0.9572
48.62,-0.00937,0.12597,-0.79193,1.2818,-0.02434,2.2136,13.1803,0.9565
48.64,-0.00939,0.13012,-0.79223,1.28171,-0.0262,2.2149,13.1806,0.9557
48.66,-0.00939,0.13451,-0.79257,1.28161,-0.02753,2.2162,13.1811,0.9547
48.68,-0.00936,0.13919,-0.79292,1.28139,-0.02797,2.2176,13.1816,0.9535
48.7,-0.00934,0.14406,-0.79331,1.28104,-0.02986,2.219,13.1823,0.9523
48.72,-0.00932,0.1491,-0.79374,1.28062,-0.03303,2.2204,13.183,0.9508
48.74,-0.00934,0.15419,-0.79425,1.28011,-0.03583,2.2218,13.1837,0.9491
48.76,-0.00938,0.15919,-0.79481,1.27952,-0.03873,2.2233,13.1846,0.9471
48.78,-0.00944,0.16398,-0.79542,1.27888,-0.03953,2.2248,13.1855,0.9449
48.8,-0.0095,0.16841,-0.796,1.27821,-0.03502,2.2264,13.1865,0.9424
48.82,-0.00967,0.17231,-0.79642,1.27759,-0.02282,2.228,13.1876,0.9394
48.84,-0.00996,0.17563,-0.79649,1.27712,0.00012,2.2296,13.1887,0.9362
48.86,-0.01037,0.1785,-0.79596,1.27696,0.03585,2.2313,13.1899,0.9326
48.88,-0.01088,0.17983,-0.79457,1.27733,0.08941,2.233,13.1911,0.9287
48.9,-0.01181,0.17444,-0.79177,1.2783,0.16861,2.2349,13.1922,0.9246
48.92,-0.0125,0.17227,-0.78737,1.2803,0.2472,2.2371,13.1931,0.9205
48.94,-0.01305,0.17198,-0.78149,1.28371,0.31471,2.2395,13.1938,0.9168
48.96,-0.01353,0.17475,-0.77452,1.28851,0.35196,2.2421,13.1942,0.9139
48.98,-0.01375,0.1822,-0.76729,1.29432,0.33736,2.2449,13.1941,0.9123
49.0,-0.01358,0.19567,-0.76108,1.30054,0.24945,2.2475,13.1936,0.9124
49.02,-0.01321,0.21311,-0.75739,1.30636,0.09079,2.2499,13.1927,0.9144
49.04,-0.0128,0.2301,-0.75736,1.31049,-0.11162,2.2517,13.1915,0.9184
49.06,-0.01209,0.24499,-0.76175,1.31177,-0.34197,2.2527,13.1898,0.924
49.08,-0.01148,0.23879,-0.77026,1.30953,-0.51963,2.2531,13.1878,0.9306
49.1,-0.01102,0.21674,-0.78146,1.30377,-0.60546,2.253,13.1855,0.9375
49.12,-0.01025,0.18952,-0.79338,1.29554,-0.59208,2.2526,13.1829,0.9437
49.14,-0.0093,0.16171,-0.80424,1.28623,-0.5078,2.2524,13.1804,0.9486
49.16,-0.00836,0.13441,-0.81312,1.27684,-0.39616,2.2524,13.1782,0.9519
49.18,-0.00719,0.11094,-0.81977,1.26787,-0.27997,2.2529,13.1765,0.9529
49.2,-0.00832,0.01338,-0.82339,1.25858,-0.10853,2.2543,13.1752,0.9514
49.22,-0.00952,-0.00718,-0.82331,1.25215,0.11596,2.2566,13.1746,0.9471
49.24,-0.00972,-0.00892,-0.81786,1.25243,0.4046,2.2593,13.1748,0.9412
49.26,-0.01024,-0.01023,-0.80757,1.25806,0.58106,2.2624,13.176,0.9348
49.28,-0.0113,-0.01131,-0.79537,1.26663,0.59699,2.2658,13.1778,0.9289
49.3,-0.01267,-0.0122,-0.78424,1.27614,0.48022,2.2692,13.18,0.9241
49.32,-0.01408,-0.01284,-0.77618,1.28502,0.29986,2.2724,13.1824,0.9208
49.34,-0.01516,-0.01307,-0.7718,1.29216,0.11752,2.275,13.1846,0.919
49.36,-0.01553,-0.0131,-0.77075,1.297,-0.02808,2.2771,13.1865,0.9185
49.38,-0.01566,-0.01306,-0.77214,1.3002,-0.13092,2.2782,13.1878,0.9192
49.4,-0.01591,-0.01294,-0.77519,1.30202,-0.19145,2.2783,13.1887,0.921
49.42,-0.01602,-0.01279,-0.77899,1.30231,-0.20759,2.2772,13.189,0.9237
49.44,-0.0157,-0.01271,-0.78286,1.30104,-0.20014,2.275,13.1887,0.927
49.46,-0.01497,-0.01276,-0.78644,1.29846,-0.17908,2.2722,13.1879,0.9305
49.48,-0.01396,-0.01291,-0.78948,1.29501,-0.14878,2.2689,13.1865,0.9339
49.5,-0.0128,-0.01312,-0.79187,1.29114,-0.11449,2.2654,13.1848,0.937
49.52,-0.01163,-0.0133,-0.79357,1.2873,-0.0807,2.2621,13.1827,0.9396
49.54,-0.01054,-0.01336,-0.7946,1.28382,-0.048,2.259,13.1805,0.9416
49.56,-0.00958,-0.01323,-0.79502,1.28092,-0.01868,2.2564,13.1783,0.9432
49.58,-0.00877,-0.01289,-0.79489,1.27873,0.00746,2.2543,13.1762,0.9442
49.6,-0.0081,-0.01231,-0.79428,1.27731,0.02994,2.2528,13.1743,0.9448
49.62,-0.0076,-0.01156,-0.79328,1.27663,0.04736,2.252,13.1726,0.9451
49.64,-0.00726,-0.01067,-0.79199,1.2766,0.06015,2.2517,13.1713,0.9451
49.66,-0.00708,-0.00968,-0.7905,1.27715,0.06613,2.2521,13.1703,0.945
49.68,-0.00708,-0.00865,-0.78895,1.27818,0.06713,2.253,13.1696,0.9449
49.7,-0.00723,-0.0076,-0.78743,1.27954,0.06202,2.2543,13.1691,0.9448
49.72,-0.00751,-0.00656,-0.78609,1.28109,0.05078,2.256,13.1689,0.9449
49.74,-0.0079,-0.00555,-0.78502,1.28269,0.03458,2.2579,13.1688,0.9452
49.76,-0.00836,-0.00455,-0.78431,1.28422,0.01456,2.2601,13.1688,0.9458
49.78,-0.00884,-0.0036,-0.78403,1.28555,-0.00682,2.2623,13.1689,0.9467
49.8,-0.00933,-0.00267,-0.7842,1.2866,-0.03069,2.2645,13.1691,0.9479
49.82,-0.0098,-0.00177,-0.78484,1.28731,-0.0536,2.2667,13.1692,0.9493
49.84,-0.01023,-0.0009,-0.7859,1.28764,-0.07305,2.2687,13.1692,0.9509
49.86,-0.0106,-4e-05,-0.7873,1.28756,-0.08646,2.2705,13.1693,0.9527
49.88,-0.0109,0.00079,-0.78891,1.28712,-0.09484,2.272,13.1692,0.9545
49.9,-0.01114,0.00162,-0.79061,1.28636,-0.09531,2.2734,13.1691,0.9563
49.92,-0.0113,0.00243,-0.79226,1.28538,-0.09004,2.2744,13.169,0.9579
49.94,-0.01139,0.00323,-0.79376,1.28425,-0.08054,2.2752,13.1688,0.9594
49.96,-0.01143,0.00402,-0.79503,1.28306,-0.06789,2.2758,13.1686,0.9607
49.98,-0.01146,0.0048,-0.79601,1.28193,-0.05238,2.2762,13.1683,0.9617
50.0,-0.01143,0.00556,-0.79667,1.28091,-0.03602,2.2765,13.1681,0.9624
50.02,-0.01132,0.00631,-0.79701,1.28009,-0.01961,2.2766,13.1679,0.9628
50.04,-0.01119,0.00706,-0.79704,1.27948,-0.00614,2.2766,13.1678,0.9629
50.06,-0.01105,0.00779,-0.79679,1.2791,0.0078,2.2764,13.1677,0.9627
50.08,-0.01092,0.00852,-0.79634,1.27898,0.01597,2.2762,13.1676,0.9623
50.1,-0.01079,0.00925,-0.79573,1.27897,0.02251,2.276,13.1677,0.9617
50.12,-0.01067,0.00999,-0.79505,1.27915,0.0236,2.2756,13.1678,0.9609
50.14,-0.01056,0.01074,-0.79436,1.27947,0.02407,2.2753,13.1679,0.96
50.16,-0.01047,0.01147,-0.79368,1.27986,0.02312,2.2749,13.1682,0.959
50.18,-0.0104,0.01223,-0.79301,1.28028,0.02248,2.2746,13.1685,0.9579
50.2,-0.01033,0.01297,-0.79236,1.28069,0.02202,2.2742,13.1689,0.9568
50.22,-0.01028,0.01372,-0.79169,1.28109,0.0228,2.2739,13.1693,0.9556
50.24,-0.01023,0.01446,-0.79101,1.28148,0.02439,2.2736,13.1697,0.9543
50.26,-0.01021,0.0152,-0.79029,1.28188,0.02646,2.2734,13.1701,0.9531
50.28,-0.01021,0.01592,-0.78952,1.28229,0.02952,2.2733,13.1705,0.9518
50.3,-0.01021,0.01664,-0.78869,1.28275,0.03232,2.2733,13.1709,0.9506
50.32,-0.01023,0.01732,-0.7878,1.28326,0.03533,2.2734,13.1712,0.9494
50.34,-0.01027,0.01799,-0.78685,1.28384,0.03779,2.2737,13.1714,0.9483
50.36,-0.01032,0.01863,-0.78587,1.28449,0.03851,2.274,13.1716,0.9473
50.38,-0.01037,0.01924,-0.7849,1.2852,0.03696,2.2745,13.1715,0.9465
50.4,-0.01042,0.01981,-0.78399,1.28595,0.03252,2.2751,13.1714,0.9459
50.42,-0.01047,0.02036,-0.7832,1.28671,0.02528,2.2758,13.1711,0.9456
50.44,-0.01052,0.02087,-0.78258,1.28745,0.01575,2.2766,13.1707,0.9455
50.46,-0.01057,0.02137,-0.78216,1.28814,0.00454,2.2774,13.1701,0.9458
50.48,-0.01062,0.02185,-0.78201,1.28872,-0.00946,2.2783,13.1693,0.9463
50.5,-0.01067,0.02231,-0.78212,1.28917,-0.02317,2.2793,13.1685,0.9472
50.52,-0.01072,0.02275,-0.78251,1.28944,-0.03598,2.2803,13.1676,0.9483
50.54,-0.01077,0.02318,-0.78317,1.28951,-0.04968,2.2812,13.1666,0.9496
50.56,-0.01082,0.02361,-0.78411,1.28939,-0.06422,2.2821,13.1655,0.9512
50.58,-0.01088,0.02405,-0.78531,1.28906,-0.0753,2.283,13.1644,0.9529
50.6,-0.01093,0.02449,-0.78671,1.28847,-0.08378,2.2837,13.1632,0.9547
50.62,-0.01099,0.02493,-0.78823,1.28768,-0.08712,2.2844,13.1621,0.9565
50.64,-0.01104,0.02539,-0.78979,1.28671,-0.08733,2.2849,13.1609,0.9583
50.66,-0.01109,0.02589,-0.7913,1.28562,-0.0825,2.2854,13.1598,0.96
50.68,-0.01114,0.02644,-0.79266,1.28446,-0.07256,2.2857,13.1587,0.9615
50.7,-0.01117,0.02705,-0.79379,1.28332,-0.05962,2.2859,13.1576,0.9628
50.72,-0.0112,0.0277,-0.79465,1.28228,-0.0468,2.286,13.1565,0.9638
50.74,-0.01123,0.02839,-0.79525,1.28138,-0.0339,2.286,13.1555,0.9646
50.76,-0.01126,0.02917,-0.7956,1.28063,-0.02131,2.2859,13.1546,0.9651
50.78,-0.0113,0.03001,-0.79572,1.28007,-0.01125,2.2857,13.1537,0.9654
50.8,-0.01134,0.03092,-0.79565,1.2797,-0.00236,2.2855,13.1528,0.9655
50.82,-0.01138,0.03192,-0.79544,1.27953,5e-05,2.2852,13.152,0.9653
50.84,-0.01142,0.03299,-0.79514,1.27949,0.00999,2.2847,13.1512,0.965
50.86,-0.0114,0.03413,-0.79468,1.27957,0.01514,2.2842,13.1504,0.9645
50.88,-0.01129,0.03535,-0.79414,1.27985,0.01858,2.2836,13.1496,0.9639
50.9,-0.01114,0.03659,-0.79354,1.28027,0.02029,2.2828,13.1489,0.9632
50.92,-0.01095,0.03789,-0.79291,1.28078,0.02123,2.282,13.1482,0.9624
50.94,-0.01075,0.03918,-0.79227,1.28132,0.021,2.2812,13.1475,0.9616
50.96,-0.01053,0.04043,-0.79167,1.28187,0.01803,2.2803,13.1469,0.9608
50.98,-0.01028,0.04161,-0.79114,1.2824,0.01375,2.2793,13.1463,0.96
51.0,-0.01002,0.04269,-0.79069,1.28288,0.00909,2.2784,13.1458,0.9593
51.02,-0.00976,0.04364,-0.79034,1.28329,0.0044,2.2774,13.1453,0.9586
51.04,-0.00949,0.04442,-0.7901,1.28362,-0.00018,2.2765,13.1449,0.9579
51.06,-0.00924,0.04505,-0.78991,1.28385,-0.00023,2.2757,13.1446,0.9573
51.08,-0.00901,0.04549,-0.78972,1.28398,-0.00047,2.2749,13.1444,0.9567
51.1,-0.0088,0.04575,-0.78954,1.28402,0.00038,2.2743,13.1444,0.9561
51.12,-0.00855,0.04587,-0.78935,1.28396,7e-05,2.2737,13.1444,0.9555
51.14,-0.00838,0.04587,-0.78916,1.28391,-3e-05,2.2734,13.1446,0.9549
51.16,-0.00828,0.04579,-0.78897,1.28385,-0.0022,2.2732,13.1448,0.9543
51.18,-0.00823,0.04565,-0.78885,1.28378,-0.00632,2.2732,13.1452,0.9538
51.2,-0.00824,0.0455,-0.78877,1.28371,-0.00589,2.2735,13.1456,0.9532
51.22,-0.00829,0.04533,-0.78866,1.28364,-0.00325,2.2739,13.1462,0.9527
51.24,-0.00836,0.04515,-0.78846,1.28358,0.0002,2.2746,13.1468,0.9522
51.26,-0.00849,0.04498,-0.78821,1.28354,0.00517,2.2756,13.1474,0.9517
51.28,-0.0087,0.0448,-0.78783,1.28353,0.01184,2.2767,13.1481,0.9512
51.3,-0.00898,0.04464,-0.78735,1.28372,0.01513,2.2781,13.1488,0.9508
51.32,-0.00929,0.04446,-0.78682,1.28407,0.01628,2.2797,13.1495,0.9504
51.34,-0.00964,0.04428,-0.7863,1.28452,0.01504,2.2814,13.1502,0.9501
51.36,-0.01,0.04409,-0.78582,1.28504,0.01194,2.2832,13.1508,0.95
51.38,-0.01037,0.0439,-0.78544,1.28558,0.00502,2.2851,13.1514,0.95
51.4,-0.01075,0.04369,-0.78522,1.28611,-0.00267,2.287,13.1518,0.9502
51.42,-0.01114,0.04349,-0.78519,1.28657,-0.0136,2.2888,13.1522,0.9506
51.44,-0.01151,0.04327,-0.78537,1.28694,-0.02419,2.2906,13.1524,0.9511
51.46,-0.01184,0.04306,-0.78575,1.28717,-0.03335,2.2922,13.1524,0.9518
51.48,-0.01213,0.04287,-0.7863,1.28726,-0.04161,2.2936,13.1524,0.9527
51.5,-0.01239,0.04272,-0.787,1.28718,-0.04806,2.2949,13.1521,0.9536
51.52,-0.01263,0.04267,-0.78783,1.28704,-0.05489,2.2959,13.1518,0.9546
51.54,-0.01284,0.0427,-0.78877,1.28669,-0.0577,2.2966,13.1513,0.9557
51.56,-0.01303,0.04289,-0.78974,1.28613,-0.0591,2.2971,13.1506,0.9567
51.58,-0.0132,0.04323,-0.79071,1.28544,-0.057,2.2973,13.1498,0.9577
51.6,-0.01334,0.04374,-0.7916,1.28464,-0.05057,2.2973,13.1488,0.9586
51.62,-0.0134,0.04443,-0.79233,1.28381,-0.04098,2.297,13.1477,0.9593
51.64,-0.01342,0.04526,-0.79284,1.28303,-0.02965,2.2965,13.1465,0.9599
51.66,-0.01333,0.04617,-0.79314,1.28238,-0.0194,2.2959,13.1452,0.9602
51.68,-0.01317,0.0472,-0.79324,1.28191,-0.01099,2.295,13.1438,0.9604
51.7,-0.01293,0.04833,-0.79318,1.28167,-0.00406,2.294,13.1423,0.9604
51.72,-0.0126,0.04957,-0.79297,1.28162,-0.00032,2.2929,13.1407,0.9603
51.74,-0.01222,0.05092,-0.79276,1.28174,-0.00023,2.2916,13.1391,0.9601
51.76,-0.01177,0.05233,-0.79254,1.28199,-0.00041,2.2901,13.1375,0.9598
51.78,-0.01124,0.05378,-0.79232,1.28229,-0.00036,2.2886,13.1358,0.9595
51.8,-0.01062,0.0552,-0.79211,1.28256,-0.00032,2.287,13.1342,0.9592
51.82,-0.00996,0.05621,-0.79189,1.28279,-0.00021,2.2854,13.1326,0.9589
51.84,-0.00928,0.05572,-0.7916,1.28298,0.0064,2.2838,13.1312,0.9586
51.86,-0.00862,0.0543,-0.79121,1.28316,0.01048,2.2824,13.1299,0.9583
51.88,-0.00803,0.05259,-0.79076,1.28335,0.01196,2.2812,13.1288,0.958
51.9,-0.00752,0.05105,-0.79031,1.28355,0.01026,2.2802,13.1279,0.9578
51.92,-0.0071,0.04993,-0.78993,1.28372,0.00583,2.2795,13.1273,0.9577
51.94,-0.00678,0.04944,-0.78968,1.28384,-0.00029,2.2791,13.127,0.9576
51.96,-0.00656,0.04962,-0.78958,1.28383,-0.01038,2.279,13.1269,0.9575
51.98,-0.00642,0.05044,-0.78968,1.28374,-0.01966,2.2792,13.1271,0.9575
52.0,-0.00629,0.05187,-0.78992,1.28361,-0.02394,2.2798,13.1276,0.9574
52.02,-0.00628,0.05422,-0.7902,1.28337,-0.02431,2.2807,13.1283,0.9573
52.04,-0.00639,0.05719,-0.79049,1.28309,-0.02518,2.2819,13.1293,0.9572
52.06,-0.00663,0.05596,-0.79076,1.28277,-0.02248,2.2834,13.1305,0.957
52.08,-0.00692,0.05467,-0.79096,1.28244,-0.0168,2.2851,13.1319,0.9568
52.1,-0.00726,0.05338,-0.79102,1.28218,-0.01071,2.2871,13.1334,0.9565
52.12,-0.00763,0.05209,-0.79097,1.28197,-0.00545,2.2893,13.135,0.9561
52.14,-0.00803,0.05079,-0.79081,1.28189,0.00022,2.2917,13.1367,0.9556
52.16,-0.00849,0.04955,-0.79057,1.28185,0.00521,2.2943,13.1386,0.955
52.18,-0.00898,0.04835,-0.79023,1.28192,0.00829,2.297,13.1404,0.9544
52.2,-0.00952,0.04719,-0.78985,1.28216,0.01001,2.2998,13.1423,0.9538
52.22,-0.01009,0.04612,-0.78945,1.28252,0.00962,2.3027,13.1442,0.9532
52.24,-0.01068,0.04513,-0.78907,1.28294,0.00879,2.3056,13.146,0.9527
52.26,-0.01126,0.04423,-0.7887,1.28341,0.00787,2.3083,13.1477,0.9521
52.28,-0.01183,0.04343,-0.78836,1.2839,0.00687,2.311,13.1493,0.9517
52.3,-0.01235,0.04272,-0.78803,1.28437,0.00708,2.3135,13.1508,0.9513
52.32,-0.01279,0.04208,-0.78769,1.2848,0.00808,2.3158,13.152,0.951
52.34,-0.01309,0.0415,-0.78735,1.28519,0.00722,2.3179,13.153,0.9508
52.36,-0.01328,0.04091,-0.78704,1.28558,0.00373,2.3198,13.1538,0.9507
52.38,-0.01337,0.04033,-0.78682,1.28598,-0.00028,2.3215,13.1543,0.9507
52.4,-0.01341,0.03974,-0.78668,1.28638,-0.00794,2.3229,13.1547,0.9508
52.42,-0.0134,0.03916,-0.78673,1.28675,-0.01888,2.3241,13.1549,0.951
52.44,-0.01333,0.0386,-0.78701,1.28705,-0.03015,2.325,13.1548,0.9515
52.46,-0.01322,0.03806,-0.78748,1.28722,-0.03806,2.3256,13.1547,0.952
52.48,-0.01307,0.03759,-0.78809,1.28721,-0.04551,2.3259,13.1543,0.9527
52.5,-0.0129,0.03721,-0.78884,1.28707,-0.0491,2.3258,13.1539,0.9535
52.52,-0.01268,0.03693,-0.78959,1.2867,-0.04646,2.3256,13.1533,0.9543
52.54,-0.01241,0.03673,-0.79026,1.28615,-0.04162,2.325,13.1527,0.9551
52.56,-0.01209,0.03661,-0.79082,1.2855,-0.03551,2.3244,13.152,0.9558
52.58,-0.01176,0.03658,-0.79125,1.28482,-0.02855,2.3236,13.1512,0.9565
52.6,-0.01141,0.0366,-0.79154,1.28416,-0.02198,2.3228,13.1503,0.9571
52.62,-0.01109,0.03669,-0.79171,1.28359,-0.01633,2.3219,13.1495,0.9576
52.64,-0.0108,0.03684,-0.79178,1.28311,-0.0121,2.3211,13.1487,0.958
52.66,-0.01054,0.03704,-0.79178,1.28273,-0.00862,2.3203,13.148,0.9583
52.68,-0.01033,0.03728,-0.79172,1.28246,-0.00633,2.3197,13.1473,0.9585
52.7,-0.01016,0.03758,-0.79162,1.28227,-0.00492,2.3191,13.1467,0.9586
52.72,-0.01002,0.0379,-0.7915,1.28219,-0.00278,2.3185,13.1462,0.9586
52.74,-0.00992,0.03824,-0.79135,1.28213,-0.00012,2.3181,13.1457,0.9586
52.76,-0.00985,0.03859,-0.79115,1.28207,3e-05,2.3178,13.1454,0.9584
52.78,-0.0098,0.03894,-0.79094,1.28203,0.0004,2.3176,13.1451,0.9582
52.8,-0.00976,0.03926,-0.79073,1.282,-0.00083,2.3174,13.1448,0.958
52.82,-0.00973,0.03956,-0.79054,1.28211,-0.00049,2.3173,13.1446,0.9577
52.84,-0.00971,0.03983,-0.79033,1.28234,-0.00013,2.3173,13.1445,0.9575
52.86,-0.00969,0.04008,-0.79012,1.28262,-0.00023,2.3174,13.1444,0.9572
52.88,-0.00971,0.04031,-0.78992,1.2829,-0.00016,2.3175,13.1443,0.9569
52.9,-0.00975,0.04053,-0.78971,1.28317,-0.00029,2.3177,13.1443,0.9566
52.92,-0.0098,0.04074,-0.78951,1.28341,-0.00021,2.3179,13.1442,0.9564
52.94,-0.00985,0.04093,-0.78931,1.28361,-0.00023,2.3181,13.1442,0.9561
52.96,-0.0099,0.04109,-0.78912,1.28378,-0.00027,2.3185,13.1442,0.9559
52.98,-0.00995,0.04127,-0.78893,1.2839,-2e-05,2.3188,13.1442,0.9558
53.0,-0.01,0.04141,-0.78875,1.28401,0.00015,2.3192,13.1441,0.9556
53.02,-0.01006,0.04156,-0.78862,1.28412,-0.00713,2.3196,13.1441,0.9555
53.04,-0.01012,0.04168,-0.78859,1.28426,-0.00953,2.3201,13.144,0.9554
53.06,-0.01019,0.04181,-0.78858,1.28438,-0.01047,2.3206,13.144,0.9553
53.08,-0.01026,0.04192,-0.78859,1.28449,-0.01077,2.321,13.1439,0.9553
53.1,-0.01033,0.04201,-0.78861,1.28457,-0.01174,2.3216,13.1437,0.9553
53.12,-0.0104,0.0421,-0.78865,1.28464,-0.01264,2.3221,13.1436,0.9553
53.14,-0.01048,0.04217,-0.78869,1.28471,-0.01242,2.3226,13.1434,0.9554
53.16,-0.01055,0.04222,-0.78873,1.28477,-0.01194,2.3231,13.1433,0.9555
53.18,-0.01063,0.04227,-0.78875,1.28482,-0.01133,2.3235,13.143,0.9556
53.2,-0.0107,0.04232,-0.78877,1.28485,-0.0117,2.324,13.1428,0.9558
53.22,-0.01078,0.04237,-0.78881,1.28487,-0.01207,2.3244,13.1425,0.956
53.24,-0.01085,0.04244,-0.78887,1.2848,-0.0137,2.3247,13.1421,0.9562
53.26,-0.01092,0.04252,-0.78896,1.28474,-0.01513,2.325,13.1417,0.9565
53.28,-0.01099,0.04265,-0.78907,1.28467,-0.01665,2.3253,13.1412,0.9567
53.3,-0.01105,0.04282,-0.78921,1.28459,-0.01763,2.3255,13.1407,0.957
53.32,-0.01112,0.04303,-0.78936,1.28451,-0.01874,2.3256,13.1401,0.9573
53.34,-0.01118,0.0433,-0.78951,1.28442,-0.01828,2.3256,13.1395,0.9576
53.36,-0.01124,0.04364,-0.78965,1.28433,-0.01688,2.3256,13.1387,0.9578
53.38,-0.0113,0.04402,-0.78975,1.28424,-0.01522,2.3255,13.1379,0.9581
53.4,-0.01135,0.04447,-0.78982,1.28416,-0.01303,2.3254,13.1371,0.9583
53.42,-0.0114,0.04499,-0.78985,1.28407,-0.0113,2.3252,13.1361,0.9585
53.44,-0.01145,0.04557,-0.78985,1.28399,-0.00998,2.3249,13.1352,0.9586
53.46,-0.01149,0.04623,-0.78983,1.28391,-0.00879,2.3246,13.1341,0.9588
53.48,-0.01154,0.04695,-0.7898,1.28383,-0.00827,2.3242,13.133,0.9589
53.5,-0.01158,0.04773,-0.78975,1.28376,-0.00769,2.3238,13.1319,0.959
53.52,-0.0116,0.04856,-0.7897,1.28368,-0.00755,2.3233,13.1306,0.9591
53.54,-0.01154,0.04943,-0.78966,1.28361,-0.00748,2.3228,13.1293,0.9592
53.56,-0.01143,0.05032,-0.7896,1.28355,-0.00698,2.3222,13.128,0.9592
53.58,-0.01129,0.05125,-0.78953,1.28349,-0.00613,2.3216,13.1265,0.9593
53.6,-0.01114,0.05215,-0.78945,1.28343,-0.00549,2.3211,13.1251,0.9593
53.62,-0.01095,0.05303,-0.78935,1.28338,-0.00531,2.3205,13.1236,0.9593
53.64,-0.01074,0.05386,-0.78925,1.28333,-0.00552,2.3199,13.122,0.9593
53.66,-0.01048,0.05461,-0.78916,1.28329,-0.00491,2.3194,13.1204,0.9593
53.68,-0.01018,0.05527,-0.78907,1.28325,-0.0061,2.3189,13.1187,0.9593
53.7,-0.00984,0.05579,-0.78899,1.28323,-0.00689,2.3185,13.1171,0.9593
53.72,-0.00946,0.05616,-0.78892,1.28333,-0.00708,2.3182,13.1155,0.9593
53.74,-0.00905,0.05631,-0.78884,1.28347,-0.00616,2.3181,13.1139,0.9593
53.76,-0.00861,0.05624,-0.78874,1.28361,-0.00475,2.3181,13.1123,0.9594
53.78,-0.00814,0.05588,-0.78862,1.28373,-0.0041,2.3184,13.1108,0.9595
53.8,-0.00764,0.05518,-0.78851,1.28379,-0.00511,2.3189,13.1094,0.9596
53.82,-0.00707,0.05408,-0.78841,1.28375,-0.00519,2.3197,13.1081,0.9597
53.84,-0.00648,0.05271,-0.78829,1.28369,-0.00511,2.3209,13.1069,0.9599
53.86,-0.00598,0.05109,-0.7882,1.28362,-0.00946,2.3225,13.1058,0.9602
53.88,-0.00546,0.04753,-0.78824,1.28352,-0.01603,2.3245,13.1048,0.9605
53.9,-0.00488,0.04676,-0.78847,1.28332,-0.02736,2.327,13.104,0.9608
53.92,-0.00434,0.05005,-0.78903,1.28286,-0.04869,2.3299,13.1034,0.9611
53.94,-0.004,0.0539,-0.79013,1.28213,-0.08185,2.3334,13.103,0.9614
53.96,-0.00412,0.05051,-0.79201,1.28096,-0.12511,2.3374,13.1029,0.9615
53.98,-0.00499,0.03375,-0.79468,1.27907,-0.15404,2.3419,13.1032,0.9613
54.0,-0.00637,0.00758,-0.79743,1.27653,-0.12854,2.3469,13.1037,0.9606
54.02,-0.00793,0.00043,-0.79908,1.27426,-0.04558,2.3523,13.1046,0.9591
54.04,-0.00927,-0.00144,-0.79891,1.27333,0.04709,2.3583,13.1057,0.9569
54.06,-0.01098,-0.00339,-0.79697,1.27395,0.13513,2.3645,13.1072,0.9541
54.08,-0.0131,-0.00536,-0.79333,1.27585,0.21548,2.3709,13.1088,0.9512
54.1,-0.01498,-0.00701,-0.7883,1.27884,0.27375,2.3773,13.1102,0.9483
54.12,-0.01645,-0.0082,-0.78234,1.28305,0.29851,2.3834,13.1112,0.9458
54.14,-0.01769,-0.00908,-0.77646,1.28832,0.25622,2.389,13.1117,0.9443
54.16,-0.01879,-0.00989,-0.77212,1.29366,0.14087,2.3937,13.1116,0.944
54.18,-0.01982,-0.01089,-0.77086,1.29769,-0.05224,2.3974,13.1109,0.9451
54.2,-0.02082,-0.01281,-0.77389,1.29905,-0.28183,2.3998,13.1098,0.9472
54.22,-0.01894,-0.0146,-0.78046,1.2962,-0.34473,2.4011,13.1078,0.9491
54.24,-0.01659,-0.01655,-0.78642,1.29372,-0.27031,2.4011,13.1051,0.9508
54.26,-0.01554,-0.01573,-0.79117,1.29273,-0.23161,2.3998,13.102,0.9527
54.28,-0.01456,-0.00597,-0.79522,1.29143,-0.1969,2.3972,13.0989,0.9549
54.3,-0.01304,0.01163,-0.79845,1.28928,-0.14911,2.3937,13.0958,0.9571
54.32,-0.01104,0.03015,-0.80056,1.28668,-0.08666,2.3897,13.0927,0.959
54.34,-0.0089,0.0432,-0.80145,1.28415,-0.02914,2.3857,13.0899,0.9606
54.36,-0.00688,0.05073,-0.80141,1.28202,0.00451,2.3821,13.0874,0.9619
54.38,-0.00517,0.05325,-0.80103,1.28028,0.0062,2.3791,13.0855,0.9628
54.4,-0.00391,0.05073,-0.80098,1.27864,-0.01374,2.3768,13.0843,0.9634
54.42,-0.00378,0.01921,-0.80082,1.2762,-0.0001,2.3755,13.0836,0.9634
54.44,-0.00341,0.00133,-0.80058,1.27404,0.00741,2.3754,13.0837,0.9628
54.46,-0.00346,-0.01871,-0.79991,1.27304,0.04093,2.3763,13.0846,0.9616
54.48,-0.00412,-0.02675,-0.79861,1.27293,0.06667,2.3783,13.0863,0.96
54.5,-0.00508,-0.02683,-0.79691,1.27337,0.0823,2.3811,13.0887,0.958
54.52,-0.00627,-0.02667,-0.79496,1.27427,0.09158,2.3845,13.0915,0.9558
54.54,-0.00765,-0.02637,-0.79288,1.27549,0.0953,2.3885,13.0947,0.9534
54.56,-0.00911,-0.02604,-0.79078,1.27696,0.09537,2.3927,13.098,0.951
54.58,-0.01054,-0.02575,-0.78871,1.27863,0.09196,2.397,13.1011,0.9485
54.6,-0.01186,-0.02556,-0.78675,1.28044,0.0854,2.4012,13.104,0.9462
54.62,-0.01301,-0.02552,-0.78494,1.28235,0.07572,2.4052,13.1064,0.9441
54.64,-0.01393,-0.02567,-0.78335,1.28427,0.06315,2.4087,13.1084,0.9423
54.66,-0.01461,-0.02599,-0.78204,1.28612,0.0482,2.4116,13.1098,0.9409
54.68,-0.01509,-0.02711,-0.78056,1.28787,0.08352,2.4141,13.1105,0.9399
54.7,-0.01475,-0.02947,-0.77805,1.29023,0.14632,2.4161,13.1106,0.9395
54.72,-0.01369,-0.02844,-0.77437,1.29395,0.19275,2.4176,13.1103,0.9399
54.74,-0.0124,-0.01561,-0.77028,1.29887,0.18273,2.4188,13.1098,0.9416
54.76,-0.01118,0.00697,-0.76708,1.30404,0.10394,2.4195,13.1093,0.9448
54.78,-0.01015,0.03475,-0.76598,1.3082,-0.02118,2.4196,13.109,0.9496
54.8,-0.00919,0.06124,-0.7676,1.31012,-0.16479,2.4193,13.1089,0.9558
54.82,-0.00821,0.08084,-0.77217,1.3093,-0.31377,2.4187,13.1089,0.963
54.84,-0.00739,0.09117,-0.77909,1.30594,-0.39477,2.4178,13.1092,0.9707
54.86,-0.00653,0.09523,-0.78681,1.30088,-0.39538,2.417,13.1097,0.9784
54.88,-0.00548,0.09561,-0.79396,1.29507,-0.34294,2.4164,13.1107,0.9858
54.9,-0.00432,0.09416,-0.79978,1.28924,-0.26671,2.4163,13.1121,0.9926
54.92,-0.0032,0.09129,-0.80407,1.28383,-0.19142,2.4169,13.1143,0.9985
54.94,-0.00224,0.08692,-0.80699,1.27902,-0.13129,2.4184,13.1173,1.0037
54.96,-0.00153,0.0808,-0.80892,1.27486,-0.08831,2.4207,13.1211,1.0078
54.98,-0.00099,0.07247,-0.81016,1.27131,-0.06019,2.4239,13.1258,1.0111
55.0,-0.00069,0.06107,-0.81103,1.26834,-0.04854,2.4281,13.1314,1.0133
55.02,-0.00063,0.04555,-0.81184,1.26579,-0.05103,2.4332,13.1377,1.0146
55.04,-0.00081,0.02461,-0.81287,1.26338,-0.06703,2.439,13.1449,1.0148
55.06,-0.00117,-0.00282,-0.81437,1.26074,-0.09387,2.4457,13.1528,1.0139
55.08,-0.00352,0.02667,-0.81627,1.25756,-0.09062,2.4531,13.1612,1.0116
55.1,-0.00702,0.04692,-0.81687,1.25578,0.02615,2.4609,13.1704,1.0079
55.12,-0.0101,0.06328,-0.81493,1.25594,0.16087,2.4691,13.1802,1.0031
55.14,-0.01285,0.07408,-0.81032,1.25753,0.28957,2.4775,13.1904,0.9971
55.16,-0.01548,0.07005,-0.80326,1.26115,0.39918,2.4858,13.2004,0.9906
55.18,-0.01765,0.06165,-0.79444,1.2671,0.45638,2.4937,13.21,0.984
55.2,-0.01943,0.0479,-0.78521,1.27478,0.43539,2.5008,13.219,0.9782
55.22,-0.02085,0.0323,-0.77719,1.28303,0.33726,2.5067,13.2271,0.9736
55.24,-0.02192,0.0184,-0.77173,1.29054,0.18266,2.5111,13.2345,0.9706
55.26,-0.02265,0.00844,-0.76963,1.29623,0.00489,2.5138,13.2411,0.9691
55.28,-0.02306,0.00421,-0.77099,1.29934,-0.16262,2.5148,13.247,0.9689
55.3,-0.02323,0.00732,-0.7754,1.29953,-0.2963,2.5141,13.2522,0.9695
55.32,-0.02243,0.00825,-0.78159,1.29672,-0.30653,2.5119,13.2567,0.9702
55.34,-0.01667,-0.00176,-0.78536,1.29304,-0.10706,2.5089,13.2601,0.9702
55.36,-0.0131,-0.01056,-0.78644,1.29227,-0.04958,2.5051,13.2628,0.9703
55.38,-0.01164,-0.01878,-0.78721,1.29195,-0.06119,2.5006,13.2654,0.971
55.4,-0.01003,-0.01127,-0.78823,1.29084,-0.0655,2.4959,13.2677,0.972
55.42,-0.00788,0.0051,-0.7891,1.28929,-0.04807,2.4913,13.27,0.9733
55.44,-0.00557,0.02172,-0.78956,1.28764,-0.02785,2.4875,13.2725,0.9748
55.46,-0.00347,0.03641,-0.78969,1.28611,-0.01365,2.4848,13.2755,0.9763
55.48,-0.00182,0.04828,-0.78964,1.28487,-0.00954,2.4834,13.2792,0.9778
55.5,-0.00076,0.05704,-0.78967,1.28391,-0.01835,2.4834,13.2837,0.9793
55.52,-0.00019,0.0624,-0.78999,1.28311,-0.03528,2.4847,13.2892,0.9808
55.54,-6e-05,0.0638,-0.79077,1.28233,-0.06069,2.4873,13.2955,0.9823
55.56,-0.00027,0.06052,-0.79217,1.28138,-0.09424,2.4911,13.3027,0.9838
55.58,-0.00073,0.0519,-0.7943,1.28003,-0.13146,2.4958,13.3108,0.985
55.6,-0.00135,0.03745,-0.79719,1.27806,-0.16776,2.5014,13.3195,0.9858
55.62,-0.0021,0.01678,-0.80082,1.27533,-0.20254,2.5078,13.3289,0.9859
55.64,-0.00293,-0.01035,-0.80505,1.2718,-0.22641,2.5146,13.3386,0.9853
55.66,-0.00388,-0.03607,-0.80959,1.26765,-0.22704,2.522,13.3487,0.9835
55.68,-0.00797,0.01203,-0.81292,1.26311,-0.1023,2.5298,13.3589,0.9802
55.7,-0.01061,0.03701,-0.81279,1.26049,0.11016,2.5379,13.3691,0.9754
55.72,-0.01201,0.05545,-0.80822,1.26056,0.32982,2.5463,13.3793,0.9693
55.74,-0.01364,0.05008,-0.79964,1.26368,0.49915,2.5549,13.3891,0.9625
55.76,-0.01562,0.04378,-0.78863,1.26994,0.56794,2.5633,13.3981,0.9559
55.78,-0.01792,0.03796,-0.77745,1.27825,0.51797,2.5713,13.4065,0.9504
55.8,-0.01993,0.03244,-0.76818,1.28704,0.38392,2.5783,13.4141,0.9466
55.82,-0.0214,0.02702,-0.76202,1.29514,0.21369,2.5842,13.4209,0.9446
55.84,-0.02236,0.0216,-0.75929,1.30169,0.04304,2.5886,13.4271,0.9446
55.86,-0.02286,0.01605,-0.75977,1.30615,-0.10575,2.5915,13.4327,0.9464
55.88,-0.023,0.01026,-0.76286,1.30825,-0.2197,2.5927,13.4377,0.9496
55.9,-0.02279,0.00418,-0.76782,1.30805,-0.29536,2.5924,13.4422,0.9539
55.92,-0.02236,-0.00237,-0.77392,1.30578,-0.33808,2.5907,13.4461,0.9588
55.94,-0.0218,-0.00961,-0.78064,1.30176,-0.35829,2.5879,13.4494,0.9638
55.96,-0.02128,-0.01778,-0.78759,1.2963,-0.36026,2.5841,13.4522,0.9685
55.98,-0.01878,-0.02666,-0.7935,1.28969,-0.2085,2.5798,13.4544,0.9723
56.0,-0.01337,-0.03433,-0.79592,1.28511,-0.07806,2.5752,13.4558,0.9748
56.02,-0.01104,-0.0346,-0.79686,1.28392,-0.05946,2.5703,13.4572,0.9773
56.04,-0.01005,-0.02012,-0.79806,1.28262,-0.08888,2.565,13.4587,0.9798
56.06,-0.00877,0.00053,-0.79973,1.27995,-0.09942,2.5598,13.4602,0.9821
56.08,-0.00683,0.02072,-0.80111,1.27673,-0.05989,2.5552,13.4617,0.9838
56.1,-0.00456,0.03691,-0.80128,1.27411,0.01562,2.5516,13.4636,0.9848
56.12,-0.0024,0.04924,-0.7999,1.27283,0.09123,2.5494,13.4659,0.9853
56.14,-0.00073,0.05852,-0.79726,1.27305,0.14084,2.5486,13.469,0.9856
56.16,0.00029,0.06532,-0.794,1.27446,0.15321,2.5494,13.4728,0.9858
56.18,0.00067,0.06991,-0.7909,1.27656,0.12933,2.5515,13.4776,0.9862
56.2,0.0006,0.07228,-0.78854,1.27877,0.08234,2.5549,13.4831,0.9869
56.22,0.00023,0.07202,-0.78729,1.28069,0.02275,2.5594,13.4895,0.988
56.24,-0.00036,0.06841,-0.78731,1.28197,-0.04144,2.5647,13.4964,0.9893
56.26,-0.00107,0.06084,-0.78863,1.28236,-0.10492,2.5709,13.504,0.9908
56.28,-0.00185,0.04858,-0.79116,1.28171,-0.15989,2.5776,13.5121,0.9923
56.3,-0.00267,0.03078,-0.79473,1.27991,-0.2056,2.5849,13.5205,0.9935
56.32,-0.00352,0.00654,-0.79915,1.27694,-0.24352,2.5926,13.5293,0.9941
56.34,-0.00434,-0.02444,-0.80422,1.27287,-0.2691,2.6006,13.5382,0.9938
56.36,-0.00639,-0.01663,-0.80941,1.26785,-0.23666,2.609,13.5471,0.9923
56.38,-0.01084,0.02807,-0.8127,1.26281,-0.09303,2.6176,13.556,0.9892
56.4,-0.01312,0.05269,-0.81239,1.26005,0.11932,2.6265,13.5648,0.9845
56.42,-0.01479,0.06597,-0.8076,1.26021,0.34361,2.6355,13.5736,0.9784
56.44,-0.01668,0.05986,-0.79885,1.26369,0.50395,2.6445,13.5818,0.9717
56.46,-0.01841,0.05405,-0.78776,1.27038,0.57021,2.6532,13.5893,0.9653
56.48,-0.01989,0.04825,-0.77643,1.2793,0.52673,2.6612,13.5961,0.96
56.5,-0.02114,0.04224,-0.76696,1.28896,0.38957,2.668,13.6021,0.9566
56.52,-0.02219,0.03595,-0.76088,1.29777,0.19428,2.6735,13.6075,0.9553
56.54,-0.02298,0.02929,-0.75887,1.30445,-0.01085,2.6773,13.6123,0.9561
56.56,-0.02343,0.02231,-0.76069,1.30827,-0.18603,2.6793,13.6166,0.9587
56.58,-0.02352,0.01486,-0.76551,1.30905,-0.31313,2.6796,13.6204,0.9625
56.6,-0.02336,0.00672,-0.77237,1.30696,-0.39303,2.6783,13.6237,0.9671
56.62,-0.02298,-0.00249,-0.78033,1.3024,-0.41553,2.6757,13.6265,0.9718
56.64,-0.01815,-0.01181,-0.78615,1.29641,-0.19186,2.6722,13.6282,0.9756
56.66,-0.01364,-0.01974,-0.78866,1.29353,-0.11109,2.6682,13.6294,0.9791
56.68,-0.01186,-0.01919,-0.7908,1.29232,-0.14027,2.6635,13.6306,0.983
56.7,-0.01064,-0.00538,-0.79404,1.2897,-0.20776,2.6584,13.6319,0.987
56.72,-0.00904,0.01181,-0.79826,1.28519,-0.23039,2.6534,13.6332,0.9907
56.74,-0.00682,0.02749,-0.80218,1.27996,-0.1808,2.649,13.6346,0.9937
56.76,-0.00432,0.0403,-0.80458,1.27542,-0.08396,2.6458,13.6364,0.9956
56.78,-0.00204,0.05041,-0.80491,1.27242,0.0204,2.644,13.6389,0.9967
56.8,-0.00034,0.05826,-0.80341,1.27115,0.09567,2.6439,13.6423,0.9972
56.82,0.00063,0.06404,-0.80081,1.27136,0.13173,2.6453,13.6465,0.9972
56.84,0.00094,0.06753,-0.79792,1.27251,0.12906,2.6482,13.6517,0.9971
56.86,0.00078,0.06804,-0.79541,1.27406,0.09728,2.6523,13.6578,0.997
56.88,0.0003,0.06485,-0.79379,1.27556,0.04509,2.6577,13.6646,0.9969
56.9,-0.00037,0.05709,-0.79333,1.27662,-0.01384,2.6639,13.6721,0.9969
56.92,-0.00113,0.04407,-0.79409,1.27691,-0.07438,2.671,13.6802,0.9968
56.94,-0.00195,0.0251,-0.79607,1.27619,-0.13241,2.6786,13.6887,0.9964
56.96,-0.00281,-0.00058,-0.79917,1.27432,-0.1843,2.6869,13.6975,0.9956
56.98,-0.00372,-0.02948,-0.8032,1.2713,-0.21726,2.6955,13.7066,0.994
57.0,-0.00765,0.00825,-0.80676,1.26732,-0.13361,2.7046,13.7156,0.9912
57.02,-0.01083,0.03215,-0.80779,1.26482,0.02916,2.714,13.7248,0.9871
57.04,-0.01283,0.05219,-0.80521,1.26448,0.21671,2.7235,13.7339,0.9819
57.06,-0.01485,0.0624,-0.79901,1.26663,0.3847,2.7329,13.7426,0.976
57.08,-0.01716,0.05598,-0.79017,1.27141,0.471,2.7421,13.7508,0.9701
57.1,-0.01911,0.04991,-0.78049,1.27835,0.46518,2.7507,13.7583,0.965
57.12,-0.02063,0.0439,-0.77181,1.28639,0.37422,2.7583,13.765,0.9613
57.14,-0.0218,0.03771,-0.76558,1.29424,0.22497,2.7645,13.7711,0.9593
57.16,-0.02266,0.03129,-0.76263,1.3007,0.05094,2.7692,13.7766,0.9593
57.18,-0.02318,0.02453,-0.76307,1.30492,-0.11234,2.7722,13.7816,0.9609
57.2,-0.02334,0.01742,-0.76641,1.30657,-0.2389,2.7735,13.7861,0.9638
57.22,-0.02317,0.00983,-0.77183,1.30569,-0.32397,2.7731,13.7902,0.9676
57.24,-0.02279,0.00148,-0.77857,1.30253,-0.37243,2.7713,13.7938,0.9717
57.26,-0.02231,-0.00789,-0.78594,1.29744,-0.37977,2.7683,13.7968,0.9756
57.28,-0.01736,-0.01721,-0.79099,1.29137,-0.15227,2.7646,13.799,0.9784
57.3,-0.01286,-0.02498,-0.79253,1.28879,-0.05573,2.7605,13.8007,0.9807
57.32,-0.01122,-0.02373,-0.7936,1.28805,-0.09118,2.7557,13.8025,0.9834
57.34,-0.01019,-0.01086,-0.79579,1.28601,-0.15114,2.7507,13.8044,0.9862
57.36,-0.00865,0.00617,-0.79875,1.28232,-0.16144,2.7459,13.8063,0.9887
57.38,-0.00648,0.02272,-0.80126,1.27818,-0.10964,2.7418,13.8082,0.9905
57.4,-0.00408,0.03643,-0.8023,1.27482,-0.02025,2.739,13.8106,0.9915
57.42,-0.00196,0.04746,-0.80151,1.27297,0.0687,2.7377,13.8135,0.9918
57.44,-0.00046,0.05621,-0.79921,1.27276,0.12797,2.7379,13.8171,0.9917
57.46,0.00032,0.06273,-0.79615,1.27382,0.14588,2.7398,13.8215,0.9914
57.48,0.00049,0.06678,-0.79314,1.2756,0.12784,2.7431,13.8268,0.9913
57.5,0.00024,0.06769,-0.79081,1.27757,0.08243,2.7476,13.8328,0.9913
57.52,-0.00032,0.06472,-0.78961,1.27928,0.01958,2.7531,13.8394,0.9915
57.54,-0.00102,0.05718,-0.78974,1.28031,-0.04758,2.7596,13.8466,0.9919
57.56,-0.00176,0.04458,-0.79122,1.28039,-0.11133,2.7667,13.8543,0.9924
57.58,-0.00254,0.02634,-0.79394,1.27934,-0.16934,2.7744,13.8624,0.9926
57.6,-0.00334,0.00177,-0.79774,1.27707,-0.21709,2.7826,13.8708,0.9924
57.62,-0.00414,-0.02918,-0.80238,1.27365,-0.25161,2.7911,13.8793,0.9914
57.64,-0.00723,0.00842,-0.8068,1.2691,-0.17984,2.7999,13.8878,0.9893
57.66,-0.01063,0.03614,-0.8088,1.26556,-0.02173,2.8091,13.8963,0.9858
57.68,-0.01261,0.05749,-0.80721,1.26418,0.17046,2.8184,13.9048,0.981
57.7,-0.01449,0.06433,-0.80178,1.26527,0.35402,2.8278,13.913,0.9753
57.72,-0.01659,0.05806,-0.79325,1.26921,0.47196,2.837,13.9206,0.9693
57.74,-0.01856,0.05214,-0.78327,1.27571,0.49381,2.8457,13.9276,0.9639
57.76,-0.02016,0.0464,-0.7738,1.2837,0.4231,2.8535,13.9338,0.9598
57.78,-0.0214,0.0405,-0.76647,1.29191,0.28534,2.8601,13.9394,0.9574
57.8,-0.02232,0.03438,-0.76227,1.29909,0.11411,2.8652,13.9444,0.9569
57.82,-0.02291,0.02796,-0.76151,1.30426,-0.05612,2.8686,13.949,0.9582
57.84,-0.02317,0.02119,-0.7639,1.3069,-0.19931,2.8704,13.9532,0.961
57.86,-0.0231,0.01387,-0.76871,1.30693,-0.30075,2.8705,13.957,0.9649
57.88,-0.02283,0.00584,-0.77518,1.30451,-0.36682,2.8691,13.9603,0.9693
57.9,-0.02255,-0.00326,-0.78262,1.29994,-0.39481,2.8665,13.9632,0.9737
57.92,-0.01812,-0.01251,-0.78814,1.29403,-0.1738,2.863,13.9652,0.9772
57.94,-0.01352,-0.02023,-0.79026,1.29121,-0.09024,2.859,13.9666,0.9802
57.96,-0.01173,-0.02057,-0.79204,1.29013,-0.12564,2.8544,13.9682,0.9836
57.98,-0.01054,-0.00803,-0.79496,1.28771,-0.19007,2.8494,13.9698,0.9871
58.0,-0.00892,0.00873,-0.79875,1.2835,-0.20576,2.8445,13.9714,0.9903
58.02,-0.00667,0.02469,-0.80214,1.2787,-0.15307,2.8403,13.9731,0.9927
58.04,-0.00417,0.03793,-0.80398,1.27464,-0.05647,2.8374,13.9751,0.9942
58.06,-0.0019,0.04857,-0.8038,1.27217,0.04401,2.8359,13.9776,0.9948
58.08,-0.00024,0.05701,-0.80184,1.27145,0.11706,2.8361,13.9808,0.995
58.1,0.00068,0.06338,-0.79885,1.27217,0.14854,2.838,13.9849,0.9948
58.12,0.00093,0.06746,-0.79569,1.27378,0.13921,2.8413,13.9898,0.9946
58.14,0.00075,0.06864,-0.79307,1.2757,0.09941,2.846,13.9954,0.9946
58.16,0.00022,0.0661,-0.79146,1.27748,0.04133,2.8518,14.0017,0.9947
58.18,-0.00051,0.05906,-0.79113,1.2787,-0.02411,2.8586,14.0085,0.995
58.2,-0.00129,0.04693,-0.79212,1.27904,-0.08754,2.8661,14.0159,0.9952
58.22,-0.00211,0.02902,-0.79437,1.2783,-0.14636,2.8743,14.0236,0.9954
58.24,-0.00295,0.00462,-0.79775,1.27635,-0.1981,2.883,14.0317,0.995
58.26,-0.00378,-0.02647,-0.80206,1.2732,-0.23764,2.8922,14.0399,0.994
58.28,-0.00691,0.01146,-0.80633,1.26887,-0.17891,2.9017,14.0481,0.9918
58.3,-0.01045,0.03865,-0.80837,1.26556,-0.02564,2.9115,14.0563,0.9883
58.32,-0.01263,0.06013,-0.80694,1.26429,0.15922,2.9214,14.0645,0.9835
58.34,-0.01473,0.0633,-0.80175,1.26534,0.34121,2.9314,14.0725,0.9778
58.36,-0.01691,0.05704,-0.79345,1.26923,0.46259,2.9412,14.0799,0.9718
58.38,-0.01882,0.05108,-0.78363,1.27568,0.48804,2.9503,14.0866,0.9664
58.4,-0.02034,0.04514,-0.77425,1.28368,0.41933,2.9586,14.0927,0.9622
58.42,-0.02154,0.03904,-0.76698,1.29192,0.2811,2.9655,14.0981,0.9598
58.44,-0.02244,0.03264,-0.7629,1.29905,0.10623,2.9708,14.1031,0.9592
58.46,-0.02304,0.0259,-0.76234,1.30408,-0.06706,2.9744,14.1077,0.9605
58.48,-0.02329,0.01876,-0.76496,1.30651,-0.21136,2.9763,14.1119,0.9632
58.5,-0.0232,0.01111,-0.76998,1.30629,-0.31033,2.9765,14.1158,0.9669
58.52,-0.02291,0.00274,-0.7766,1.30361,-0.37257,2.9752,14.1193,0.9711
58.54,-0.02248,-0.00666,-0.78406,1.2988,-0.39209,2.9726,14.1223,0.9751
58.56,-0.01767,-0.01603,-0.78938,1.29278,-0.16382,2.9691,14.1245,0.9782
58.58,-0.0131,-0.0239,-0.79119,1.29011,-0.07069,2.9652,14.1263,0.9808
58.6,-0.01138,-0.02222,-0.79254,1.28926,-0.10342,2.9606,14.1281,0.9838
58.62,-0.01025,-0.00855,-0.795,1.28709,-0.16546,2.9558,14.13,0.9869
58.64,-0.00866,0.00894,-0.79831,1.2832,-0.18264,2.9511,14.1319,0.9897
58.66,-0.00644,0.0254,-0.80128,1.27877,-0.13298,2.9471,14.1339,0.9918
58.68,-0.00398,0.0389,-0.80276,1.27509,-0.04142,2.9445,14.1361,0.9931
58.7,-0.00179,0.04964,-0.80235,1.27295,0.05249,2.9433,14.1388,0.9936
58.72,-0.00022,0.05809,-0.80031,1.27246,0.11815,2.9439,14.1422,0.9937
58.74,0.00062,0.06436,-0.79737,1.27332,0.14348,2.946,14.1464,0.9936
58.76,0.00081,0.06829,-0.79438,1.27498,0.12834,2.9497,14.1512,0.9935
58.78,0.00057,0.0693,-0.792,1.27687,0.08674,2.9547,14.1568,0.9935
58.8,3e-05,0.06658,-0.79066,1.27854,0.02805,2.9609,14.163,0.9937
58.82,-0.00069,0.0594,-0.7906,1.27961,-0.03759,2.9679,14.1697,0.9942
58.84,-0.00146,0.04713,-0.79185,1.27977,-0.10014,2.9758,14.1768,0.9946
58.86,-0.00226,0.02911,-0.79434,1.27882,-0.15805,2.9842,14.1843,0.9948
58.88,-0.00309,0.00461,-0.79793,1.27666,-0.20787,2.9932,14.1921,0.9946
58.9,-0.00391,-0.02654,-0.80241,1.27331,-0.24502,3.0026,14.2,0.9936
58.92,-0.00704,0.01134,-0.80678,1.26881,-0.18151,3.0123,14.2079,0.9915
58.94,-0.01055,0.03888,-0.80885,1.26533,-0.026,3.0223,14.2158,0.988
58.96,-0.01268,0.06061,-0.80739,1.26397,0.16139,3.0326,14.2237,0.9832
58.98,-0.01475,0.06432,-0.80214,1.26498,0.34523,3.0428,14.2313,0.9775
59.0,-0.0169,0.05805,-0.79375,1.26888,0.46757,3.0528,14.2384,0.9714
59.02,-0.01881,0.0521,-0.78382,1.27535,0.49364,3.0621,14.2448,0.9659
59.04,-0.02033,0.04618,-0.77433,1.28339,0.42502,3.0705,14.2506,0.9617
59.06,-0.02153,0.04007,-0.76694,1.29169,0.28737,3.0777,14.2558,0.9592
59.08,-0.02242,0.0337,-0.76273,1.29892,0.11263,3.0832,14.2605,0.9586
59.1,-0.02302,0.02699,-0.76205,1.30407,-0.06142,3.087,14.265,0.9598
59.12,-0.02327,0.01987,-0.76455,1.30662,-0.20499,3.0891,14.2691,0.9625
59.14,-0.02318,0.01229,-0.76949,1.30649,-0.3071,3.0894,14.273,0.9663
59.16,-0.02288,0.00399,-0.77606,1.30391,-0.3711,3.0883,14.2765,0.9705
59.18,-0.02253,-0.00531,-0.78353,1.2992,-0.38617,3.0858,14.2797,0.9746
59.2,-0.01807,-0.01466,-0.78887,1.29339,-0.1786,3.0825,14.282,0.9779
59.22,-0.01328,-0.02274,-0.79096,1.29056,-0.08642,3.0786,14.2839,0.9806
59.24,-0.01142,-0.0223,-0.79252,1.28965,-0.10732,3.0742,14.286,0.9837
59.26,-0.01024,-0.00925,-0.79495,1.28746,-0.16005,3.0693,14.2881,0.9869
59.28,-0.00864,0.00837,-0.79814,1.28355,-0.17651,3.0647,14.2902,0.9898
59.3,-0.00642,0.0252,-0.80101,1.27913,-0.13161,3.0608,14.2923,0.9921
59.32,-0.00397,0.03917,-0.80253,1.27544,-0.04607,3.0581,14.2946,0.9935
59.34,-0.00178,0.05024,-0.80227,1.2732,0.04131,3.057,14.2974,0.9942
59.36,-0.00018,0.05875,-0.8005,1.27253,0.10246,3.0576,14.3008,0.9945
59.38,0.00069,0.06486,-0.79789,1.27312,0.12568,3.0599,14.3049,0.9945
59.4,0.00093,0.06849,-0.79523,1.27448,0.11339,3.0637,14.3096,0.9945
59.42,0.00074,0.06914,-0.7931,1.2761,0.07695,3.0689,14.315,0.9946
59.44,0.00023,0.06604,-0.79189,1.27755,0.02479,3.0753,14.321,0.9948
59.46,-0.00047,0.05848,-0.79183,1.27849,-0.03476,3.0826,14.3276,0.9951
59.48,-0.00124,0.04579,-0.79299,1.2786,-0.09318,3.0908,14.3346,0.9954
59.5,-0.00206,0.02726,-0.79531,1.27768,-0.14814,3.0997,14.3419,0.9954
59.52,-0.00292,0.0022,-0.79869,1.27559,-0.19655,3.1092,14.3495,0.9949
59.54,-0.00377,-0.02952,-0.80294,1.27236,-0.23352,3.1191,14.3572,0.9937
59.56,-0.00721,0.01958,-0.807,1.26799,-0.16384,3.1293,14.3649,0.9913
59.58,-0.01068,0.0464,-0.80872,1.26477,-0.00886,3.1399,14.3725,0.9875
59.6,-0.0128,0.06688,-0.80689,1.26378,0.18128,3.1506,14.3802,0.9825
59.62,-0.01495,0.06338,-0.80123,1.2652,0.36374,3.1614,14.3876,0.9766
59.64,-0.0171,0.05705,-0.79254,1.26952,0.4782,3.1718,14.3944,0.9705
59.66,-0.01901,0.05104,-0.7825,1.27629,0.49305,3.1815,14.4005,0.9651
59.68,-0.02053,0.04503,-0.77313,1.28446,0.41407,3.1902,14.4061,0.961
59.7,-0.02172,0.03884,-0.76604,1.29272,0.26909,3.1976,14.4111,0.9586
59.72,-0.02259,0.03239,-0.76223,1.29976,0.09142,3.2033,14.4158,0.9582
59.74,-0.02315,0.02558,-0.76197,1.30464,-0.08122,3.2073,14.4202,0.9596
59.76,-0.02334,0.01841,-0.76482,1.30689,-0.22064,3.2094,14.4244,0.9625
59.78,-0.0232,0.01079,-0.76999,1.3065,-0.31546,3.2099,14.4283,0.9663
59.8,-0.02283,0.00252,-0.77666,1.30372,-0.37316,3.2088,14.432,0.9706
59.82,-0.02244,-0.00676,-0.78414,1.29891,-0.39691,3.2065,14.4353,0.9747
59.84,-0.0186,-0.01631,-0.78992,1.29271,-0.19105,3.2033,14.4379,0.978
59.86,-0.01347,-0.02441,-0.79214,1.28928,-0.08471,3.1995,14.44,0.9806
59.88,-0.01145,-0.02397,-0.79353,1.28835,-0.09431,3.1952,14.4422,0.9833
59.9,-0.01031,-0.01031,-0.79564,1.28647,-0.14111,3.1906,14.4446,0.9863
59.92,-0.00879,0.00813,-0.79845,1.28288,-0.15877,3.186,14.4469,0.9889
59.94,-0.00662,0.02582,-0.801,1.27869,-0.11666,3.1822,14.4492,0.9909
59.96,-0.0042,0.04033,-0.80223,1.27518,-0.03255,3.1796,14.4516,0.9921
59.98,-0.00199,0.05167,-0.80169,1.2731,0.05559,3.1785,14.4544,0.9926
60.0,-0.00037,0.06029,-0.79963,1.27263,0.11687,3.1791,14.4577,0.9927
60.02,0.00056,0.06641,-0.79673,1.27347,0.14095,3.1813,14.4615,0.9926
60.04,0.00084,0.07003,-0.79379,1.2751,0.12541,3.1852,14.4659,0.9926
60.06,0.00068,0.07077,-0.79144,1.27697,0.08607,3.1905,14.4709,0.9927
60.08,0.00021,0.06799,-0.79008,1.27867,0.03043,3.197,14.4764,0.993
60.1,-0.00046,0.06094,-0.78996,1.2798,-0.03322,3.2045,14.4824,0.9936
60.12,-0.00122,0.049,-0.79112,1.28007,-0.09518,3.2129,14.4888,0.9941
60.14,-0.00204,0.03147,-0.79351,1.27927,-0.15377,3.222,14.4956,0.9945
60.16,-0.00289,0.00761,-0.79703,1.27725,-0.20508,3.2316,14.5025,0.9945
60.18,-0.00375,-0.02281,-0.80148,1.27402,-0.24531,3.2417,14.5096,0.9938
60.2,-0.00652,0.0127,-0.8061,1.26961,-0.20163,3.2521,14.5167,0.992
60.22,-0.01045,0.04508,-0.80878,1.26562,-0.06682,3.2629,14.5237,0.9888
60.24,-0.01274,0.06715,-0.80815,1.26377,0.12235,3.2738,14.5308,0.9843
60.26,-0.01483,0.06563,-0.80353,1.26432,0.32054,3.2848,14.5376,0.9787
60.28,-0.01688,0.05935,-0.79544,1.26788,0.46257,3.2955,14.5439,0.9727
60.3,-0.01875,0.05338,-0.78543,1.27419,0.50585,3.3056,14.5496,0.9671
60.32,-0.02027,0.04742,-0.77556,1.28227,0.44865,3.3148,14.5548,0.9627
60.34,-0.0215,0.04125,-0.76766,1.29078,0.31309,3.3225,14.5594,0.9601
60.36,-0.02247,0.03483,-0.76298,1.29831,0.13372,3.3287,14.5638,0.9593
60.38,-0.02314,0.02807,-0.76195,1.30377,-0.0485,3.3332,14.5679,0.9605
60.4,-0.02346,0.02093,-0.76429,1.30657,-0.20127,3.3358,14.5719,0.9632
60.42,-0.02342,0.0133,-0.76919,1.30664,-0.30752,3.3366,14.5757,0.9669
60.44,-0.02315,0.00498,-0.7758,1.30416,-0.37435,3.3359,14.5793,0.9711
60.46,-0.02275,-0.00439,-0.78333,1.29949,-0.39295,3.3337,14.5826,0.9753
60.48,-0.01813,-0.01379,-0.78875,1.29361,-0.16924,3.3307,14.5852,0.9786
60.5,-0.01353,-0.02171,-0.79073,1.29091,-0.08177,3.327,14.5873,0.9814
60.52,-0.0117,-0.02072,-0.79227,1.28999,-0.11132,3.3227,14.5897,0.9846
60.54,-0.01048,-0.00715,-0.79489,1.28774,-0.17568,3.318,14.5921,0.988
60.56,-0.00885,0.01009,-0.79844,1.28368,-0.19617,3.3135,14.5946,0.991
60.58,-0.00661,0.02614,-0.80169,1.27902,-0.14857,3.3098,14.597,0.9933
60.6,-0.00412,0.03928,-0.80348,1.27507,-0.05595,3.3073,14.5996,0.9947
60.62,-0.00189,0.0497,-0.80332,1.27264,0.04105,3.3064,14.6025,0.9954
60.64,-0.00027,0.05786,-0.80146,1.2719,0.11068,3.3072,14.6059,0.9955
60.66,0.00063,0.0639,-0.79863,1.27254,0.14015,3.3097,14.6099,0.9953
60.68,0.00087,0.06764,-0.79566,1.27402,0.12893,3.3139,14.6144,0.9951
60.7,0.00067,0.06844,-0.79323,1.27579,0.09072,3.3194,14.6195,0.995
60.72,0.00015,0.06549,-0.79179,1.27741,0.03442,3.3262,14.625,0.995
60.74,-0.00055,0.05799,-0.79158,1.27847,-0.02925,3.334,14.631,0.9951
60.76,-0.00132,0.04533,-0.79266,1.27866,-0.09033,3.3426,14.6374,0.9953
60.78,-0.00213,0.02681,-0.79496,1.27778,-0.14853,3.3519,14.644,0.9952
60.8,-0.00297,0.00171,-0.79837,1.27572,-0.19902,3.3618,14.6509,0.9946
60.82,-0.00382,-0.03012,-0.80267,1.27251,-0.23092,3.3721,14.6578,0.9933
60.84,-0.00736,0.01238,-0.80667,1.26828,-0.15782,3.3828,14.6647,0.9908
60.86,-0.01069,0.03734,-0.80824,1.2652,0.00024,3.3938,14.6715,0.987
60.88,-0.01265,0.05628,-0.80629,1.26422,0.18399,3.405,14.6783,0.9819
60.9,-0.01459,0.06249,-0.80073,1.2657,0.35414,3.4161,14.6848,0.976
60.92,-0.01682,0.05612,-0.79241,1.26982,0.45073,3.4269,14.6908,0.97
60.94,-0.01882,0.05006,-0.78308,1.27609,0.45291,3.437,14.6962,0.9644
60.96,-0.02041,0.04409,-0.77454,1.28354,0.37366,3.446,14.7011,0.9601
60.98,-0.02162,0.03795,-0.76816,1.29101,0.24065,3.4537,14.7055,0.9574
61.0,-0.02249,0.03159,-0.76473,1.2974,0.08274,3.4598,14.7096,0.9563
61.02,-0.02301,0.02489,-0.76442,1.30187,-0.06923,3.4641,14.7136,0.9569
61.04,-0.02315,0.01782,-0.76689,1.30403,-0.19331,3.4667,14.7174,0.9588
61.06,-0.02296,0.01025,-0.77142,1.30382,-0.27987,3.4677,14.721,0.9616
61.08,-0.02255,0.00202,-0.77736,1.30143,-0.33392,3.4672,14.7245,0.9647
61.1,-0.02211,-0.00718,-0.78405,1.29712,-0.35606,3.4655,14.7277,0.9678
61.12,-0.01922,-0.01698,-0.78985,1.29125,-0.20379,3.4628,14.7303,0.9701
61.14,-0.01397,-0.02544,-0.79215,1.28738,-0.07707,3.4596,14.7323,0.9714
61.16,-0.01192,-0.03194,-0.7933,1.28638,-0.07813,3.4558,14.7343,0.9729
61.18,-0.01098,-0.02512,-0.79493,1.28483,-0.10931,3.4516,14.7363,0.9744
61.2,-0.00961,-0.00957,-0.79694,1.28176,-0.11153,3.4475,14.7381,0.9757
61.22,-0.00755,0.00785,-0.79846,1.27813,-0.06203,3.4439,14.7397,0.9764
61.24,-0.00515,0.02363,-0.79862,1.27516,0.0188,3.4414,14.741,0.9765
61.26,-0.00287,0.03612,-0.79713,1.27362,0.10043,3.4403,14.7422,0.9761
61.28,-0.00107,0.04556,-0.79426,1.27371,0.15571,3.441,14.7435,0.9754
61.3,0.0001,0.05229,-0.79067,1.27519,0.17404,3.4434,14.7449,0.9747
61.32,0.00063,0.0565,-0.78711,1.27757,0.15543,3.4475,14.7466,0.9743
61.34,0.00067,0.05819,-0.78423,1.28028,0.10974,3.453,14.7487,0.9743
61.36,0.00035,0.05693,-0.78245,1.28284,0.0491,3.4599,14.751,0.9748
61.38,-0.00024,0.05217,-0.78199,1.28482,-0.01924,3.4678,14.7537,0.9759
61.4,-0.001,0.04332,-0.78294,1.28592,-0.08972,3.4767,14.7567,0.9773
61.42,-0.00185,0.02965,-0.7853,1.28586,-0.15701,3.4863,14.7599,0.979
61.44,-0.00277,0.01054,-0.78899,1.28448,-0.22078,3.4965,14.7633,0.9806
61.46,-0.00366,-0.01425,-0.79388,1.28167,-0.2752,3.5071,14.7667,0.9819
61.48,-0.00588,0.0169,-0.79911,1.27728,-0.24699,3.5181,14.7701,0.9824
61.5,-0.00927,0.04706,-0.80306,1.27292,-0.15,3.5294,14.7733,0.9818
61.52,-0.01211,0.07148,-0.80467,1.27021,-0.02162,3.5409,14.7767,0.9801
61.54,-0.0149,0.06731,-0.80347,1.26871,0.12518,3.5524,14.7799,0.9772
61.56,-0.01706,0.0607,-0.79932,1.26928,0.27055,3.5637,14.7828,0.9736
61.58,-0.01876,0.05433,-0.79263,1.27259,0.36809,3.5744,14.7853,0.9697
61.6,-0.02018,0.04786,-0.78477,1.27826,0.3826,3.584,14.7874,0.9663
61.62,-0.02141,0.04104,-0.77752,1.28511,0.3082,3.5924,14.7892,0.9641
61.64,-0.02246,0.03379,-0.77245,1.29166,0.16909,3.5991,14.7908,0.9633
61.66,-0.02325,0.02599,-0.77047,1.29665,0.00303,3.6041,14.7923,0.9641
61.68,-0.02378,0.01742,-0.7718,1.29925,-0.15786,3.6072,14.7938,0.966
61.7,-0.02321,0.00785,-0.7757,1.29901,-0.19091,3.6085,14.7951,0.9685
61.72,-0.01858,-0.00177,-0.77874,1.29761,-0.14246,3.6084,14.7958,0.971
61.74,-0.01587,-0.01041,-0.78143,1.29792,-0.16054,3.6069,14.7966,0.974
61.76,-0.01456,-0.00837,-0.7849,1.29783,-0.21261,3.6043,14.7978,0.9779
61.78,-0.01311,0.00714,-0.78943,1.29544,-0.26236,3.6008,14.7991,0.9821
61.8,-0.01105,0.02587,-0.79467,1.29089,-0.28058,3.5971,14.8005,0.9861
61.82,-0.00856,0.04104,-0.7996,1.28532,-0.23323,3.5937,14.8018,0.9894
61.84,-0.00591,0.052,-0.80312,1.28,-0.14472,3.5912,14.8031,0.9918
61.86,-0.00347,0.05913,-0.80479,1.27579,-0.05198,3.5902,14.8045,0.9933
61.88,-0.00152,0.06299,-0.8048,1.273,0.02048,3.5907,14.8062,0.9939
61.9,-0.00022,0.06386,-0.80369,1.27151,0.06078,3.593,14.8083,0.9939
61.92,0.00046,0.0608,-0.80228,1.27099,0.05342,3.5969,14.8108,0.9935
61.94,0.00057,0.05293,-0.80145,1.27074,0.00987,3.6025,14.8139,0.9926
61.96,0.00021,0.03986,-0.80162,1.27015,-0.04171,3.6095,14.8173,0.9912
61.98,-0.00043,0.02118,-0.80279,1.26892,-0.0847,3.6177,14.8211,0.9891
62.0,-0.00124,-0.00355,-0.8047,1.26699,-0.11272,3.627,14.8252,0.9863
62.02,-0.00237,-0.01208,-0.80694,1.26449,-0.10648,3.6372,14.8293,0.9825
62.04,-0.00562,0.02434,-0.80807,1.26183,-0.01171,3.6482,14.8333,0.9773
62.06,-0.00842,0.039,-0.80668,1.26086,0.14334,3.6597,14.8372,0.971
62.08,-0.01067,0.04984,-0.8022,1.26178,0.28955,3.6716,14.8408,0.9637
62.1,-0.01289,0.05669,-0.79512,1.26475,0.39972,3.6835,14.8438,0.9559
62.12,-0.01545,0.05482,-0.7863,1.26988,0.45929,3.6951,14.8461,0.9482
62.14,-0.01803,0.04842,-0.77695,1.27671,0.44952,3.7061,14.8477,0.9413
62.16,-0.02008,0.04221,-0.76839,1.28446,0.38104,3.716,14.8487,0.9357
62.18,-0.0215,0.03606,-0.76157,1.29236,0.27582,3.7246,14.8491,0.9318
62.2,-0.02237,0.02979,-0.75711,1.29969,0.14777,3.7317,14.8492,0.9299
62.22,-0.02283,0.02325,-0.75532,1.30567,0.00778,3.7371,14.8492,0.9299
62.24,-0.02299,0.01627,-0.75633,1.3097,-0.13063,3.7408,14.8493,0.9318
62.26,-0.02293,0.00871,-0.75998,1.31131,-0.25693,3.7429,14.8493,0.9352
62.28,-0.02282,0.00036,-0.76591,1.31028,-0.35841,3.7433,14.8494,0.9396
62.3,-0.02223,-0.00905,-0.7733,1.30658,-0.36934,3.7424,14.8493,0.9444
62.32,-0.01728,-0.01824,-0.77895,1.30133,-0.22995,3.7403,14.8484,0.9487
62.34,-0.01459,-0.02646,-0.7829,1.29846,-0.20258,3.7374,14.8473,0.953
62.36,-0.0134,-0.02217,-0.78686,1.29588,-0.22072,3.7337,14.8463,0.9576
62.38,-0.01201,-0.00283,-0.79127,1.29185,-0.24176,3.7296,14.8452,0.9622
62.4,-0.01002,0.01838,-0.79581,1.28648,-0.23034,3.7254,14.8438,0.9663
62.42,-0.00755,0.03569,-0.79963,1.28077,-0.17008,3.722,14.8421,0.9696
62.44,-0.00492,0.04825,-0.80188,1.27593,-0.07822,3.7197,14.8401,0.9719
62.46,-0.00253,0.05664,-0.80224,1.27271,0.0155,3.7189,14.8381,0.9734
62.48,-0.00068,0.06198,-0.80092,1.27131,0.08746,3.7198,14.836,0.9742
62.5,0.00052,0.06514,-0.79847,1.27149,0.12822,3.7225,14.8342,0.9746
62.52,0.00109,0.06646,-0.79555,1.2728,0.1358,3.7268,14.8327,0.975
62.54,0.00114,0.06576,-0.79279,1.2747,0.11517,3.7327,14.8314,0.9754
62.56,0.0008,0.06238,-0.79067,1.2767,0.07452,3.7399,14.8304,0.976
62.58,0.00015,0.05581,-0.78944,1.27838,0.03046,3.7484,14.8296,0.9769
62.6,-0.00062,0.04504,-0.78911,1.27951,-0.01339,3.7578,14.829,0.978
62.62,-0.00145,0.02898,-0.78981,1.27994,-0.06986,3.7681,14.8285,0.9792
62.64,-0.00288,0.03909,-0.79145,1.27919,-0.08263,3.7791,14.8281,0.9803
62.66,-0.00549,0.07145,-0.79344,1.27767,-0.1142,3.7908,14.8276,0.981
62.68,-0.00852,0.06307,-0.79498,1.27754,-0.04199,3.8029,14.8274,0.9813
62.7,-0.01167,0.0558,-0.79506,1.27865,0.01291,3.8152,14.8276,0.9815
62.72,-0.01474,0.04982,-0.79431,1.28001,0.04869,3.8273,14.8283,0.9816
62.74,-0.01728,0.04478,-0.7928,1.28164,0.08557,3.8387,14.8291,0.9817
62.76,-0.01932,0.04009,-0.79083,1.28369,0.08823,3.8491,14.8301,0.9819
62.78,-0.02095,0.03536,-0.78922,1.28577,0.04698,3.8583,14.8312,0.9826
62.8,-0.0222,0.03024,-0.78872,1.28727,-0.0201,3.8659,14.8324,0.9836
62.82,-0.02302,0.02451,-0.78962,1.28773,-0.09527,3.8718,14.8338,0.9848
62.84,-0.0234,0.01793,-0.79189,1.28698,-0.16103,3.876,14.8352,0.9861
62.86,-0.02356,0.01006,-0.79543,1.28489,-0.22258,3.8786,14.8368,0.9871
62.88,-0.0203,0.00144,-0.79888,1.28121,-0.10923,3.8796,14.8382,0.9871
62.9,-0.01617,-0.00675,-0.79941,1.28026,0.02208,3.8793,14.8394,0.9864
62.92,-0.01425,-0.00579,-0.79874,1.28209,0.00481,3.8778,14.8412,0.9861
62.94,-0.01315,0.00758,-0.79922,1.28317,-0.07917,3.8755,14.8436,0.9863
62.96,-0.01186,0.0213,-0.80128,1.2818,-0.14529,3.8726,14.8463,0.9864
62.98,-0.01001,0.03205,-0.80395,1.27854,-0.14032,3.8697,14.849,0.986
63.0,-0.00777,0.03947,-0.8058,1.27473,-0.07039,3.8673,14.8517,0.9847
63.02,-0.00551,0.04399,-0.80593,1.27153,0.02617,3.866,14.8543,0.9824
63.04,-0.00361,0.04583,-0.80423,1.26957,0.11131,3.8661,14.8566,0.9794
63.06,-0.00224,0.04472,-0.80119,1.269,0.16237,3.8678,14.8589,0.9758
63.08,-0.00139,0.0399,-0.79755,1.26959,0.17641,3.871,14.8611,0.9719
63.1,-0.00098,0.03051,-0.79403,1.27098,0.15494,3.8758,14.8632,0.9678
63.12,-0.00097,0.01588,-0.79133,1.27267,0.10075,3.882,14.8653,0.9638
63.14,-0.0013,-0.00432,-0.78998,1.27417,0.02485,3.8895,14.8674,0.9598
63.16,-0.0019,-0.03015,-0.79026,1.275,-0.05741,3.898,14.8697,0.9559
63.18,-0.00328,-0.02201,-0.79182,1.27483,-0.08964,3.9074,14.8719,0.9517
63.2,-0.00643,0.01486,-0.79291,1.27393,-0.02353,3.9175,14.8739,0.947
63.22,-0.00854,0.03306,-0.79205,1.27372,0.10259,3.9282,14.8756,0.9417
63.24,-0.00985,0.05444,-0.78833,1.27498,0.25207,3.9392,14.8768,0.9361
63.26,-0.01167,0.04918,-0.78225,1.278,0.32696,3.9504,14.8773,0.9305
63.28,-0.01395,0.04528,-0.77555,1.28273,0.31665,3.9613,14.8773,0.9257
63.3,-0.01663,0.04227,-0.76982,1.28821,0.23638,3.9715,14.877,0.9222
63.32,-0.01913,0.04006,-0.76611,1.29317,0.12029,3.9809,14.8765,0.92
63.34,-0.02101,0.03836,-0.76468,1.29691,0.01129,3.9892,14.8757,0.9192
63.36,-0.0222,0.03693,-0.7651,1.29941,-0.06643,3.9962,14.8747,0.9194
63.38,-0.02285,0.03558,-0.76674,1.30092,-0.11276,4.0019,14.8736,0.9207
63.4,-0.02314,0.03415,-0.76907,1.30166,-0.14005,4.0062,14.8724,0.9229
63.42,-0.02323,0.03254,-0.77185,1.30172,-0.16197,4.0091,14.8712,0.9259
63.44,-0.02311,0.0306,-0.77504,1.30103,-0.18252,4.0106,14.87,0.9295
63.46,-0.02286,0.02821,-0.77866,1.29949,-0.20723,4.0107,14.8689,0.9336
63.48,-0.02254,0.02511,-0.78283,1.29699,-0.23852,4.0095,14.8678,0.9379
63.5,-0.02169,0.0213,-0.78749,1.29334,-0.23169,4.0072,14.8667,0.9421
63.52,-0.01819,0.01847,-0.79052,1.28967,-0.10131,4.0038,14.8652,0.9456
63.54,-0.01611,0.01585,-0.79193,1.28865,-0.07431,3.9996,14.8638,0.949
63.56,-0.01474,0.01338,-0.79331,1.28838,-0.08883,3.9947,14.863,0.9528
63.58,-0.0133,0.01431,-0.79509,1.28721,-0.10881,3.9893,14.8624,0.9568
63.6,-0.01148,0.02105,-0.79718,1.28483,-0.11856,3.9838,14.8621,0.9605
63.62,-0.00931,0.03089,-0.79921,1.2818,-0.10323,3.9786,14.8617,0.9637
63.64,-0.00708,0.04113,-0.80075,1.27879,-0.07159,3.974,14.8613,0.9664
63.66,-0.00506,0.05102,-0.80166,1.27626,-0.04044,3.9703,14.8609,0.9684
63.68,-0.00345,0.0578,-0.80204,1.27439,-0.02011,3.9678,14.8605,0.9698
63.7,-0.00237,0.05933,-0.8022,1.27301,-0.01768,3.9665,14.8603,0.9707
63.72,-0.00184,0.05531,-0.80245,1.27184,-0.02449,3.9666,14.8602,0.971
63.74,-0.00172,0.04933,-0.80291,1.27071,-0.03758,3.9679,14.8602,0.9708
63.76,-0.00193,0.04003,-0.80349,1.26972,-0.03582,3.9706,14.8605,0.97
63.78,-0.00269,0.02004,-0.80388,1.26889,-0.01872,3.9744,14.8609,0.9686
63.8,-0.00396,-0.00272,-0.8037,1.26843,0.01884,3.9793,14.8615,0.9665
63.82,-0.00553,-0.00415,-0.80258,1.2686,0.07285,3.9851,14.8623,0.9638
63.84,-0.00705,-0.00393,-0.80042,1.26948,0.12118,3.9915,14.8631,0.9606
63.86,-0.00866,-0.00362,-0.79742,1.2711,0.15686,3.9983,14.8639,0.9569
63.88,-0.01035,-0.00329,-0.79388,1.27333,0.17405,4.0052,14.8646,0.9532
63.9,-0.01202,-0.00293,-0.7902,1.276,0.17041,4.0118,14.8652,0.9494
63.92,-0.01356,-0.00257,-0.78677,1.27892,0.15072,4.0179,14.8655,0.9459
63.94,-0.01487,-0.00222,-0.78385,1.28186,0.12126,4.0233,14.8658,0.9429
63.96,-0.01586,-0.0019,-0.78155,1.28464,0.08924,4.0277,14.8658,0.9403
63.98,-0.0165,-0.00164,-0.77987,1.28712,0.05906,4.0311,14.8657,0.9382
64.0,-0.01679,-0.00146,-0.77874,1.28925,0.03495,4.0335,14.8656,0.9368
64.02,-0.01676,-0.00138,-0.77804,1.29099,0.01449,4.0349,14.8653,0.936
64.04,-0.01644,-0.00138,-0.7777,1.29233,3e-05,4.0353,14.8649,0.9358
64.06,-0.01591,-0.00145,-0.77765,1.29328,-0.0154,4.0349,14.8644,0.9361
64.08,-0.0152,-0.00158,-0.77788,1.29384,-0.02965,4.0337,14.8638,0.9369
64.1,-0.01439,-0.00173,-0.7784,1.29403,-0.04357,4.0321,14.8631,0.9382
64.12,-0.01353,-0.00186,-0.77921,1.29389,-0.05834,4.03,14.8623,0.94
64.14,-0.01266,-0.00193,-0.7803,1.2934,-0.07165,4.0277,14.8613,0.942
64.16,-0.01183,-0.00194,-0.78165,1.2926,-0.08407,4.0253,14.8603,0.9444
64.18,-0.01108,-0.00184,-0.78323,1.29155,-0.09424,4.023,14.8591,0.9469
64.2,-0.01041,-0.00164,-0.78499,1.29029,-0.10121,4.0208,14.858,0.9494
64.22,-0.00986,-0.00132,-0.78686,1.28888,-0.10504,4.0188,14.8567,0.952
64.24,-0.00944,-0.00088,-0.78876,1.28737,-0.1049,4.0171,14.8555,0.9545
64.26,-0.00916,-0.00033,-0.79065,1.28582,-0.1019,4.0157,14.8542,0.9569
64.28,-0.009,0.00034,-0.79245,1.28427,-0.09608,4.0146,14.8531,0.959
64.3,-0.00897,0.00108,-0.7941,1.28277,-0.08657,4.0139,14.852,0.9608
64.32,-0.00903,0.00191,-0.79551,1.28138,-0.07359,4.0135,14.851,0.9623
64.34,-0.00916,0.00301,-0.79662,1.28016,-0.05792,4.0133,14.8501,0.9635
64.36,-0.00937,0.00493,-0.79738,1.27915,-0.03855,4.0134,14.8494,0.9643
64.38,-0.00962,0.00735,-0.79774,1.2784,-0.01943,4.0136,14.8487,0.9647
64.4,-0.00987,0.00986,-0.79774,1.27795,-9e-05,4.014,14.8482,0.9648
64.42,-0.01011,0.01214,-0.79738,1.27779,0.01451,4.0144,14.8478,0.9646
64.44,-0.01031,0.01395,-0.79677,1.27787,0.02557,4.0148,14.8475,0.9642
64.46,-0.01048,0.01524,-0.79597,1.27818,0.03266,4.0152,14.8473,0.9636
64.48,-0.01062,0.01584,-0.79509,1.27868,0.03487,4.0156,14.8471,0.9628
64.5,-0.01069,0.01572,-0.79418,1.27928,0.0347,4.0159,14.8471,0.962
64.52,-0.01074,0.01493,-0.79331,1.27993,0.0309,4.016,14.8471,0.961
64.54,-0.01078,0.01345,-0.79251,1.28059,0.02699,4.0162,14.8471,0.9601
64.56,-0.01081,0.01323,-0.7918,1.2812,0.02345,4.0162,14.8472,0.9591
64.58,-0.01073,0.0141,-0.79115,1.28176,0.02083,4.0161,14.8474,0.9582
64.6,-0.01061,0.01493,-0.79053,1.2823,0.01989,4.016,14.8475,0.9572
64.62,-0.01047,0.01574,-0.78994,1.2828,0.01839,4.0159,14.8476,0.9563
64.64,-0.01032,0.01648,-0.78937,1.28328,0.01711,4.0158,14.8477,0.9555
64.66,-0.01019,0.01716,-0.78883,1.28374,0.01655,4.0157,14.8478,0.9547
64.68,-0.01007,0.01778,-0.7883,1.28418,0.01456,4.0156,14.8478,0.954
64.7,-0.00997,0.01836,-0.78781,1.28459,0.01296,4.0155,14.8478,0.9534
64.72,-0.00989,0.01886,-0.78737,1.28497,0.01015,4.0155,14.8476,0.9529
64.74,-0.00984,0.01932,-0.78699,1.28531,0.00714,4.0155,14.8475,0.9525
64.76,-0.00981,0.01973,-0.78668,1.28561,0.00365,4.0155,14.8472,0.9522
64.78,-0.00979,0.02011,-0.78645,1.28588,9e-05,4.0157,14.8468,0.9521
64.8,-0.00982,0.02045,-0.78625,1.28609,4e-05,4.0158,14.8464,0.952
64.82,-0.00987,0.02077,-0.78608,1.28624,-0.00505,4.016,14.8459,0.9522
64.84,-0.00992,0.02106,-0.78605,1.28636,-0.01165,4.0163,14.8453,0.9524
64.86,-0.00997,0.02135,-0.78614,1.28644,-0.01685,4.0166,14.8446,0.9527
64.88,-0.01002,0.02163,-0.78632,1.28647,-0.0205,4.0169,14.8439,0.9532
64.9,-0.01009,0.02191,-0.78658,1.28639,-0.02583,4.0172,14.8431,0.9538
64.92,-0.01021,0.0222,-0.78695,1.2863,-0.03075,4.0176,14.8422,0.9545
64.94,-0.01038,0.02249,-0.7874,1.28621,-0.0351,4.0179,14.8413,0.9552
64.96,-0.01056,0.02278,-0.78792,1.2861,-0.03737,4.0182,14.8404,0.9559
64.98,-0.01073,0.0231,-0.78847,1.28599,-0.03823,4.0185,14.8395,0.9567
65.0,-0.01089,0.02343,-0.78901,1.28574,-0.03636,4.0187,14.8387,0.9575
65.02,-0.01103,0.02376,-0.78952,1.2854,-0.03548,4.0189,14.8378,0.9582
65.04,-0.01116,0.02412,-0.79002,1.28503,-0.0339,4.0191,14.8371,0.959
65.06,-0.01127,0.02449,-0.79046,1.28466,-0.03144,4.0191,14.8363,0.9597
65.08,-0.01134,0.02486,-0.79085,1.2843,-0.0285,4.0191,14.8357,0.9603
65.1,-0.01139,0.02526,-0.79117,1.28396,-0.02447,4.0189,14.835,0.9609
65.12,-0.01143,0.02565,-0.7914,1.28364,-0.02025,4.0187,14.8345,0.9614
65.14,-0.01147,0.02602,-0.79154,1.28337,-0.01492,4.0184,14.8339,0.9618
65.16,-0.01141,0.02638,-0.79158,1.28317,-0.01022,4.018,14.8335,0.9622
65.18,-0.01129,0.02672,-0.79157,1.28304,-0.00905,4.0175,14.833,0.9624
65.2,-0.01114,0.02705,-0.79153,1.28296,-0.00818,4.017,14.8326,0.9627
65.22,-0.01099,0.02735,-0.79148,1.28289,-0.00662,4.0164,14.8322,0.9628
65.24,-0.01083,0.02763,-0.79141,1.28283,-0.00657,4.0159,14.8319,0.9629
65.26,-0.01067,0.02792,-0.79135,1.28276,-0.00795,4.0153,14.8316,0.963
65.28,-0.01052,0.02839,-0.79133,1.2827,-0.00986,4.0147,14.8313,0.963
65.3,-0.01037,0.02902,-0.79134,1.28264,-0.01092,4.0142,14.8311,0.963
65.32,-0.01022,0.02963,-0.79136,1.28258,-0.01189,4.0138,14.8309,0.963
65.34,-0.01007,0.03013,-0.79139,1.28252,-0.01188,4.0133,14.8307,0.9628
65.36,-0.00993,0.03052,-0.79143,1.28247,-0.01153,4.013,14.8306,0.9627
65.38,-0.0098,0.03067,-0.79145,1.28241,-0.01059,4.0127,14.8305,0.9625
65.4,-0.00969,0.03068,-0.79144,1.28236,-0.00931,4.0126,14.8305,0.9622
65.42,-0.0096,0.03053,-0.79141,1.28231,-0.00757,4.0125,14.8304,0.9619
65.44,-0.00954,0.0301,-0.79135,1.28226,-0.00598,4.0126,14.8304,0.9616
65.46,-0.0095,0.02936,-0.79126,1.28222,-0.00455,4.0127,14.8304,0.9612
65.48,-0.00949,0.02841,-0.79114,1.28218,-0.00344,4.013,14.8304,0.9607
65.5,-0.00955,0.02831,-0.79099,1.28215,-0.00197,4.0134,14.8305,0.9603
65.52,-0.0096,0.02822,-0.7908,1.28215,0.00011,4.0139,14.8305,0.9598
65.54,-0.00965,0.02812,-0.7906,1.28231,-0.00014,4.0144,14.8305,0.9593
65.56,-0.00972,0.02802,-0.79038,1.28256,0.0,4.015,14.8305,0.9588
65.58,-0.00979,0.02792,-0.79015,1.28285,0.00019,4.0157,14.8305,0.9582
65.6,-0.00989,0.02782,-0.78992,1.28316,3e-05,4.0165,14.8304,0.9577
65.62,-0.01004,0.02773,-0.78963,1.28347,0.00684,4.0172,14.8303,0.9572
65.64,-0.01021,0.02766,-0.78926,1.28376,0.00873,4.018,14.8302,0.9568
65.66,-0.01037,0.0276,-0.78888,1.28405,0.00835,4.0188,14.8301,0.9563
65.68,-0.01051,0.02756,-0.78852,1.28434,0.00629,4.0196,14.8299,0.956
65.7,-0.01064,0.02755,-0.78822,1.28461,0.00314,4.0203,14.8297,0.9557
65.72,-0.01077,0.02756,-0.788,1.28487,-4e-05,4.021,14.8294,0.9555
65.74,-0.01088,0.0276,-0.7878,1.28509,-0.00017,4.0217,14.8292,0.9553
65.76,-0.01099,0.02766,-0.78762,1.28527,0.00014,4.0222,14.8289,0.9553
65.78,-0.01104,0.02775,-0.78747,1.28541,-0.00667,4.0227,14.8286,0.9553
65.8,-0.0111,0.02787,-0.78746,1.28553,-0.01266,4.023,14.8282,0.9554
65.82,-0.01115,0.028,-0.78755,1.28563,-0.01619,4.0233,14.8278,0.9556
65.84,-0.0112,0.02816,-0.78769,1.28567,-0.01836,4.0235,14.8275,0.9558
65.86,-0.01124,0.02834,-0.78787,1.28564,-0.02054,4.0235,14.8271,0.9562
65.88,-0.01128,0.02854,-0.78809,1.28557,-0.02321,4.0235,14.8267,0.9565
65.9,-0.01132,0.02875,-0.78834,1.28549,-0.02446,4.0234,14.8262,0.9569
65.92,-0.01126,0.02898,-0.78861,1.2854,-0.02373,4.0232,14.8258,0.9574
65.94,-0.01117,0.0292,-0.78887,1.2853,-0.02382,4.0229,14.8254,0.9579
65.96,-0.01107,0.02945,-0.78915,1.28519,-0.02473,4.0226,14.825,0.9583
65.98,-0.011,0.02971,-0.78944,1.28508,-0.02498,4.0223,14.8246,0.9588
66.0,-0.01094,0.02997,-0.78971,1.28496,-0.02396,4.0219,14.8242,0.9593
66.02,-0.0109,0.03024,-0.78997,1.28484,-0.02329,4.0215,14.8238,0.9597
66.04,-0.01084,0.03052,-0.7902,1.28471,-0.02094,4.021,14.8235,0.9601
66.06,-0.01077,0.03079,-0.79039,1.28459,-0.0192,4.0205,14.8231,0.9605
66.08,-0.01069,0.03103,-0.79055,1.28447,-0.01731,4.02,14.8227,0.9608
66.1,-0.01062,0.03162,-0.79067,1.28435,-0.01548,4.0195,14.8224,0.961
66.12,-0.01053,0.03257,-0.79073,1.28424,-0.01237,4.019,14.8221,0.9613
66.14,-0.01044,0.03376,-0.79073,1.28413,-0.00938,4.0185,14.8217,0.9614
66.16,-0.01033,0.03509,-0.79069,1.28403,-0.00718,4.0181,14.8214,0.9616
66.18,-0.01022,0.03649,-0.79062,1.28393,-0.00629,4.0177,14.821,0.9617
66.2,-0.01011,0.03795,-0.79055,1.28384,-0.00633,4.0174,14.8207,0.9617
66.22,-0.01001,0.03938,-0.7905,1.28376,-0.00931,4.0171,14.8204,0.9618
66.24,-0.00992,0.04076,-0.7905,1.28368,-0.01072,4.0169,14.8201,0.9618
66.26,-0.00984,0.04211,-0.79052,1.28361,-0.01138,4.0168,14.8197,0.9618
66.28,-0.00978,0.04335,-0.79056,1.28354,-0.01173,4.0167,14.8194,0.9618
66.3,-0.00972,0.04444,-0.79061,1.28346,-0.01257,4.0168,14.8191,0.9617
66.32,-0.00967,0.04536,-0.79068,1.28339,-0.01413,4.0169,14.8188,0.9616
66.34,-0.00964,0.04606,-0.79076,1.28331,-0.01423,4.0171,14.8186,0.9615
66.36,-0.00963,0.0466,-0.79085,1.28323,-0.01385,4.0174,14.8183,0.9614
66.38,-0.00964,0.04687,-0.79091,1.28316,-0.01254,4.0178,14.818,0.9612
66.4,-0.00969,0.04697,-0.79095,1.28308,-0.01171,4.0183,14.8178,0.961
66.42,-0.00973,0.04695,-0.79097,1.28302,-0.01073,4.0188,14.8176,0.9607
66.44,-0.00978,0.0468,-0.79096,1.28296,-0.00838,4.0194,14.8173,0.9604
66.46,-0.00985,0.0464,-0.79089,1.28292,-0.00508,4.0201,14.8171,0.96
66.48,-0.00992,0.04576,-0.79075,1.28288,0.00037,4.0209,14.8169,0.9597
66.5,-0.01004,0.04498,-0.79053,1.28285,4e-05,4.0216,14.8167,0.9593
66.52,-0.0102,0.0441,-0.79031,1.28295,5e-05,4.0224,14.8165,0.9589
66.54,-0.01037,0.04322,-0.79009,1.28315,3e-05,4.0232,14.8162,0.9585
66.56,-0.01053,0.04227,-0.78987,1.28341,-9e-05,4.024,14.816,0.9581
66.58,-0.01067,0.04139,-0.78965,1.28369,-0.00016,4.0247,14.8157,0.9577
66.6,-0.01081,0.0406,-0.78942,1.28399,-0.00019,4.0255,14.8155,0.9574
66.62,-0.01093,0.03993,-0.7892,1.28429,-0.00014,4.0262,14.8152,0.9571
66.64,-0.01105,0.03942,-0.78897,1.28456,-0.00013,4.0268,14.8149,0.9569
66.66,-0.01115,0.03919,-0.78876,1.28481,-1e-05,4.0274,14.8146,0.9568
66.68,-0.01121,0.03908,-0.78855,1.28501,-0.0001,4.0278,14.8143,0.9567
66.7,-0.01127,0.03913,-0.78836,1.28516,-0.00012,4.0282,14.814,0.9567
66.72,-0.01132,0.0393,-0.78817,1.28526,-6e-05,4.0284,14.8137,0.9568
66.74,-0.01137,0.03972,-0.78806,1.28533,-0.00817,4.0286,14.8134,0.9569
66.76,-0.01141,0.04041,-0.78807,1.2854,-0.01365,4.0286,14.813,0.9571
66.78,-0.01144,0.04139,-0.78817,1.28541,-0.01654,4.0285,14.8127,0.9573
66.8,-0.01135,0.04255,-0.78832,1.28534,-0.01978,4.0283,14.8124,0.9576
66.82,-0.01123,0.04387,-0.78852,1.28525,-0.02124,4.028,14.8121,0.958
66.84,-0.0111,0.04534,-0.78875,1.28517,-0.02172,4.0277,14.8117,0.9583
66.86,-0.01096,0.04707,-0.78898,1.28507,-0.02214,4.0273,14.8114,0.9587
66.88,-0.01082,0.04889,-0.78922,1.28497,-0.02242,4.0269,14.8111,0.9591
66.9,-0.01067,0.05069,-0.78946,1.28486,-0.02278,4.0264,14.8107,0.9595
66.92,-0.01053,0.05253,-0.78971,1.28474,-0.02285,4.0259,14.8103,0.9599
66.94,-0.01038,0.05443,-0.78996,1.28462,-0.02293,4.0255,14.81,0.9602
66.96,-0.01023,0.05624,-0.7902,1.2845,-0.02218,4.025,14.8096,0.9605
66.98,-0.01008,0.05791,-0.79041,1.28435,-0.01883,4.0246,14.8092,0.9608
67.0,-0.00993,0.05955,-0.79056,1.28407,-0.01612,4.0242,14.8088,0.961
67.02,-0.00977,0.06117,-0.79067,1.28375,-0.01482,4.0239,14.8084,0.9612
67.04,-0.00963,0.06278,-0.79076,1.28345,-0.01392,4.0238,14.808,0.9613
67.06,-0.0095,0.06436,-0.79083,1.2832,-0.01321,4.0237,14.8075,0.9614
67.08,-0.00939,0.06591,-0.79088,1.28301,-0.01256,4.0238,14.807,0.9613
67.1,-0.00933,0.06743,-0.79092,1.28292,-0.0111,4.0241,14.8064,0.9612
67.12,-0.0093,0.06889,-0.79096,1.28284,-0.01187,4.0245,14.8059,0.9611
67.14,-0.00932,0.07032,-0.79099,1.28277,-0.01111,4.025,14.8053,0.9609
67.16,-0.00937,0.07165,-0.791,1.2827,-0.0105,4.0256,14.8048,0.9606
67.18,-0.00942,0.07288,-0.791,1.28265,-0.00954,4.0264,14.8042,0.9603
67.2,-0.00948,0.07402,-0.79098,1.2826,-0.00788,4.0273,14.8036,0.9599
67.22,-0.00955,0.07503,-0.79092,1.28256,-0.00593,4.0282,14.8031,0.9595
67.24,-0.00967,0.07589,-0.79081,1.28253,-0.00337,4.0292,14.8025,0.9591
67.26,-0.00984,0.07659,-0.79066,1.2825,0.00061,4.0303,14.802,0.9587
67.28,-0.01002,0.07706,-0.79045,1.28258,-8e-05,4.0314,14.8014,0.9582
67.3,-0.01019,0.07733,-0.79024,1.2828,-0.00013,4.0325,14.8009,0.9577
67.32,-0.01036,0.07757,-0.79001,1.2831,-0.00012,4.0336,14.8003,0.9572
67.34,-0.01052,0.07776,-0.78975,1.28343,0.00647,4.0347,14.7997,0.9567
67.36,-0.01067,0.07801,-0.78935,1.28376,0.01129,4.0357,14.7991,0.9563
67.38,-0.01081,0.07829,-0.78891,1.28411,0.01248,4.0367,14.7985,0.9559
67.4,-0.01094,0.07877,-0.78846,1.28447,0.01157,4.0376,14.7979,0.9556
67.42,-0.01106,0.07935,-0.78804,1.28484,0.00933,4.0385,14.7972,0.9554
67.44,-0.01112,0.08007,-0.78769,1.28519,0.005,4.0392,14.7965,0.9553
67.46,-0.01117,0.08094,-0.78743,1.28551,-0.00018,4.0399,14.7958,0.9553
67.48,-0.01122,0.08203,-0.78726,1.28575,-0.00429,4.0404,14.7951,0.9554
67.5,-0.01127,0.08338,-0.78722,1.28593,-0.01231,4.0408,14.7944,0.9556
67.52,-0.01131,0.08497,-0.78732,1.28601,-0.01794,4.0411,14.7936,0.9559
67.54,-0.01128,0.0868,-0.78752,1.28597,-0.02262,4.0413,14.7928,0.9563
67.56,-0.01117,0.08893,-0.78783,1.28586,-0.02821,4.0413,14.7921,0.9567
67.58,-0.01103,0.09133,-0.78822,1.28572,-0.03026,4.0413,14.7912,0.9572
67.6,-0.01085,0.09405,-0.78863,1.28542,-0.03,4.0413,14.7904,0.9577
67.62,-0.01064,0.09718,-0.78904,1.285,-0.03068,4.0411,14.7895,0.9582
67.64,-0.0104,0.10087,-0.78946,1.28452,-0.03098,4.041,14.7885,0.9587
67.66,-0.01013,0.10467,-0.78991,1.28398,-0.03258,4.0409,14.7875,0.959
67.68,-0.00984,0.10879,-0.79039,1.28342,-0.03439,4.0408,14.7864,0.9593
67.7,-0.00953,0.11339,-0.79091,1.28287,-0.03669,4.0409,14.7853,0.9595
67.72,-0.00919,0.11861,-0.79147,1.28231,-0.03908,4.0411,14.7841,0.9595
67.74,-0.00882,0.12461,-0.79212,1.28173,-0.04451,4.0414,14.7828,0.9593
67.76,-0.00842,0.13139,-0.7929,1.28106,-0.05358,4.0419,14.7815,0.959
67.78,-0.00796,0.13885,-0.7939,1.28025,-0.06592,4.0426,14.7802,0.9584
67.8,-0.00745,0.14761,-0.79523,1.27925,-0.08574,4.0435,14.7789,0.9575
67.82,-0.00694,0.15701,-0.79706,1.27809,-0.11256,4.0446,14.7776,0.9563
67.84,-0.00659,0.16191,-0.79942,1.27677,-0.13771,4.0461,14.7764,0.9547
67.86,-0.00658,0.15801,-0.80218,1.27498,-0.15015,4.0478,14.7753,0.9525
67.88,-0.00712,0.14171,-0.80488,1.27229,-0.12739,4.0499,14.7744,0.9497
67.9,-0.00782,0.12465,-0.80669,1.26884,-0.0703,4.0524,14.7732,0.9456
67.92,-0.00856,0.10377,-0.80706,1.26629,0.02617,4.0555,14.7718,0.9403
67.94,-0.01022,0.07275,-0.80475,1.26571,0.18877,4.0591,14.7703,0.9339
67.96,-0.01209,0.04546,-0.79918,1.26758,0.34995,4.0631,14.7685,0.9269
67.98,-0.01394,0.01847,-0.79047,1.27193,0.49934,4.0674,14.7664,0.9198
68.0,-0.01537,-0.00517,-0.77924,1.27859,0.59334,4.0717,14.7637,0.9133
68.02,-0.01633,-0.02038,-0.76693,1.28728,0.59715,4.0758,14.7605,0.908
68.04,-0.01714,-0.02319,-0.75563,1.29736,0.48462,4.0794,14.7568,0.9049
68.06,-0.01797,-0.0149,-0.74777,1.30738,0.2549,4.0824,14.7532,0.9045
68.08,-0.01678,-0.0054,-0.74425,1.31476,0.07756,4.0843,14.7496,0.9065
68.1,-0.01615,0.00451,-0.74486,1.32026,-0.16417,4.0852,14.7464,0.911
68.12,-0.01618,0.01786,-0.7504,1.32314,-0.40136,4.0849,14.7441,0.9179
68.14,-0.0161,0.03409,-0.75989,1.32227,-0.55404,4.0834,14.7427,0.9264
68.16,-0.01533,0.05275,-0.77142,1.31763,-0.60916,4.0808,14.7421,0.9357
68.18,-0.01381,0.07548,-0.78325,1.31018,-0.58801,4.0775,14.7419,0.945
68.2,-0.01187,0.09191,-0.79391,1.30135,-0.49946,4.0738,14.7419,0.9537
68.22,-0.00989,0.10007,-0.80246,1.29237,-0.38361,4.07,14.7419,0.9614
68.24,-0.00801,0.1019,-0.80874,1.28416,-0.27347,4.0665,14.7418,0.9678
68.26,-0.00637,0.09886,-0.81308,1.27707,-0.18872,4.0638,14.7417,0.9729
68.28,-0.00508,0.09171,-0.81604,1.27098,-0.1332,4.062,14.7415,0.9766
68.3,-0.00413,0.08129,-0.81817,1.26561,-0.10234,4.0613,14.7412,0.9788
68.32,-0.00411,0.03417,-0.81924,1.26032,-0.0074,4.0618,14.7407,0.9793
68.34,-0.0045,0.00085,-0.81891,1.25589,0.02644,4.0637,14.7397,0.9779
68.36,-0.00501,-0.0259,-0.817,1.2546,0.14677,4.0669,14.7386,0.975
68.38,-0.00612,-0.02829,-0.81276,1.25599,0.24563,4.0713,14.7376,0.9711
68.4,-0.00754,-0.02795,-0.8071,1.2591,0.29309,4.0765,14.7365,0.9666
68.42,-0.00921,-0.02725,-0.80088,1.26322,0.30537,4.0822,14.7354,0.9618
68.44,-0.0109,-0.02638,-0.79473,1.2678,0.28743,4.088,14.7342,0.9572
68.46,-0.01243,-0.02554,-0.78913,1.27256,0.25005,4.0936,14.7328,0.9527
68.48,-0.01375,-0.02483,-0.78437,1.27734,0.20444,4.0989,14.7314,0.9488
68.5,-0.01482,-0.02434,-0.78056,1.28202,0.15519,4.1034,14.73,0.9454
68.52,-0.01572,-0.024,-0.77773,1.28641,0.10582,4.1071,14.7288,0.9429
68.54,-0.01638,-0.0238,-0.77585,1.29027,0.06005,4.1099,14.7278,0.9413
68.56,-0.01674,-0.02374,-0.77485,1.29339,0.01941,4.1116,14.727,0.9406
68.58,-0.01678,-0.02378,-0.77465,1.29561,-0.0199,4.1123,14.7266,0.9407
68.6,-0.01651,-0.02395,-0.77516,1.29688,-0.05207,4.1119,14.7264,0.9417
68.62,-0.01595,-0.02415,-0.77625,1.29724,-0.07768,4.1107,14.7264,0.9433
68.64,-0.01517,-0.02436,-0.77779,1.29678,-0.09754,4.1086,14.7265,0.9454
68.66,-0.01425,-0.02454,-0.77968,1.29566,-0.11251,4.106,14.7266,0.9479
68.68,-0.01326,-0.02463,-0.78179,1.29403,-0.1199,4.1029,14.7267,0.9505
68.7,-0.01225,-0.0246,-0.78399,1.29207,-0.12156,4.0996,14.7267,0.9532
68.72,-0.01129,-0.02443,-0.78619,1.28992,-0.11904,4.0962,14.7265,0.9559
68.74,-0.01041,-0.0241,-0.7883,1.28772,-0.11251,4.0929,14.7262,0.9585
68.76,-0.00966,-0.02359,-0.79024,1.2856,-0.10246,4.0898,14.7256,0.9608
68.78,-0.00905,-0.02294,-0.79197,1.28366,-0.08982,4.0871,14.7249,0.9628
68.8,-0.00861,-0.0221,-0.79344,1.28197,-0.07637,4.0848,14.724,0.9646
68.82,-0.00834,-0.02112,-0.79464,1.28056,-0.06198,4.0829,14.723,0.9659
68.84,-0.00825,-0.02002,-0.79555,1.27947,-0.048,4.0815,14.722,0.967
68.86,-0.00831,-0.01881,-0.79619,1.27869,-0.03487,4.0806,14.7209,0.9677
68.88,-0.00866,-0.01769,-0.79681,1.27822,-0.04315,4.0801,14.7199,0.9681
68.9,-0.00905,-0.01677,-0.7972,1.27828,-0.00989,4.0799,14.719,0.9682
68.92,-0.0093,-0.01547,-0.79671,1.27899,0.03974,4.0798,14.7184,0.9681
68.94,-0.0094,-0.01054,-0.79533,1.28023,0.07403,4.0799,14.718,0.9681
68.96,-0.00944,-0.00251,-0.79352,1.2818,0.08228,4.0801,14.7179,0.9681
68.98,-0.00941,0.00743,-0.79179,1.28345,0.0661,4.0803,14.7179,0.9684
69.0,-0.0093,0.01847,-0.79057,1.28488,0.03347,4.0804,14.7183,0.9689
69.02,-0.0091,0.0301,-0.79009,1.28583,-0.00628,4.0805,14.7188,0.9697
69.04,-0.00879,0.04175,-0.79039,1.28615,-0.04296,4.0806,14.7195,0.9706
69.06,-0.00823,0.05204,-0.79098,1.28581,-0.03956,4.0807,14.7204,0.9716
69.08,-0.00768,0.05662,-0.79177,1.28501,-0.06275,4.081,14.7212,0.9726
69.1,-0.00741,0.05348,-0.79325,1.28373,-0.10386,4.0816,14.722,0.9735
69.12,-0.00748,0.04319,-0.79552,1.28184,-0.13739,4.0826,14.7227,0.9741
69.14,-0.00771,0.02784,-0.79825,1.27933,-0.15015,4.0841,14.7235,0.9743
69.16,-0.00804,0.00931,-0.80094,1.27652,-0.13289,4.0861,14.7241,0.9738
69.18,-0.00845,-0.01106,-0.80296,1.27384,-0.08625,4.0887,14.7247,0.9724
69.2,-0.00907,-0.02052,-0.80382,1.27169,-0.01755,4.0918,14.7251,0.9701
69.22,-0.00971,-0.01954,-0.80324,1.27047,0.05446,4.0952,14.7255,0.967
69.24,-0.01041,-0.01851,-0.80129,1.27041,0.11749,4.0989,14.7257,0.9633
69.26,-0.01119,-0.0175,-0.79828,1.27141,0.15985,4.1026,14.7257,0.9591
69.28,-0.01199,-0.0165,-0.79462,1.27324,0.18365,4.1062,14.7257,0.9548
69.3,-0.0127,-0.01561,-0.79062,1.27565,0.19492,4.1094,14.7255,0.9505
69.32,-0.01322,-0.01483,-0.78654,1.2784,0.19207,4.1121,14.7252,0.9464
69.34,-0.01352,-0.01419,-0.78266,1.2813,0.17486,4.1142,14.7246,0.9427
69.36,-0.0136,-0.01372,-0.77921,1.28428,0.14896,4.1157,14.7239,0.9395
69.38,-0.01355,-0.01339,-0.77634,1.28725,0.11657,4.1167,14.7231,0.9369
69.4,-0.0134,-0.01315,-0.77417,1.29009,0.07913,4.117,14.7221,0.9351
69.42,-0.01321,-0.01295,-0.7727,1.29266,0.04638,4.1167,14.7211,0.9341
69.44,-0.01295,-0.01275,-0.77189,1.29478,0.0139,4.116,14.72,0.9339
69.46,-0.01263,-0.01254,-0.77171,1.29631,-0.01775,4.1148,14.7189,0.9346
69.48,-0.01223,-0.0123,-0.77217,1.2972,-0.04821,4.1132,14.7178,0.936
69.5,-0.01178,-0.01202,-0.7732,1.29747,-0.07421,4.1113,14.7165,0.938
69.52,-0.01131,-0.01171,-0.77472,1.29722,-0.09671,4.1092,14.7151,0.9406
69.54,-0.01086,-0.01138,-0.77665,1.29648,-0.1143,4.107,14.7136,0.9436
69.56,-0.01045,-0.011,-0.77892,1.29535,-0.13015,4.1049,14.712,0.947
69.58,-0.01011,-0.01052,-0.78148,1.2939,-0.14425,4.1028,14.7102,0.9505
69.6,-0.01004,-0.0102,-0.78451,1.29223,-0.17242,4.1008,14.7085,0.9542
69.62,-0.00998,-0.01015,-0.78774,1.29065,-0.16325,4.099,14.7069,0.9578
69.64,-0.00988,-0.00984,-0.7906,1.28927,-0.1389,4.0974,14.7056,0.9614
69.66,-0.00974,-0.0033,-0.79305,1.28781,-0.12668,4.096,14.7045,0.9648
69.68,-0.00949,0.00913,-0.79539,1.28604,-0.12763,4.0947,14.7037,0.9681
69.7,-0.00912,0.02606,-0.79783,1.28389,-0.13503,4.0936,14.703,0.9709
69.72,-0.00865,0.04457,-0.80037,1.28134,-0.14036,4.0926,14.7026,0.9732
69.74,-0.00804,0.06402,-0.80294,1.27848,-0.13708,4.0919,14.7023,0.9749
69.76,-0.00726,0.08553,-0.80535,1.27553,-0.12445,4.0913,14.7021,0.9758
69.78,-0.00642,0.10336,-0.80738,1.27278,-0.09959,4.0911,14.702,0.9759
69.8,-0.00571,0.1137,-0.80882,1.27043,-0.06653,4.0912,14.7019,0.9752
69.82,-0.00516,0.11759,-0.80958,1.26872,-0.02992,4.0919,14.7018,0.9737
69.84,-0.00476,0.11627,-0.80967,1.26771,1e-05,4.0932,14.7017,0.9716
69.86,-0.0046,0.11123,-0.80939,1.2672,0.0105,4.0952,14.7017,0.9689
69.88,-0.00513,0.08287,-0.80875,1.26648,0.08315,4.098,14.7016,0.9655
69.9,-0.00665,0.04586,-0.80684,1.26554,0.0997,4.1016,14.7011,0.9611
69.92,-0.00755,0.01696,-0.80342,1.26748,0.22699,4.1061,14.7006,0.9561
69.94,-0.00865,-0.00824,-0.79752,1.2722,0.33136,4.1114,14.7004,0.9513
69.96,-0.01009,-0.00945,-0.79009,1.27823,0.37758,4.1172,14.7003,0.947
69.98,-0.01156,-0.00989,-0.78293,1.28438,0.3078,4.1232,14.7005,0.9437
70.0,-0.01314,-0.00984,-0.77815,1.28933,0.14933,4.1293,14.7007,0.9414
70.02,-0.01465,-0.00965,-0.77669,1.29226,-0.01068,4.1351,14.7012,0.9399
70.04,-0.01591,-0.00955,-0.77783,1.29321,-0.10657,4.1405,14.702,0.9388
70.06,-0.01691,-0.00946,-0.78017,1.29274,-0.13476,4.1452,14.7029,0.938
70.08,-0.01746,-0.00946,-0.78248,1.29161,-0.10977,4.1491,14.704,0.9373
70.1,-0.01758,-0.00959,-0.78392,1.29054,-0.05505,4.1521,14.7052,0.9367
70.12,-0.01741,-0.00983,-0.78425,1.28994,-0.00308,4.1541,14.7067,0.9361
70.14,-0.01707,-0.01014,-0.78374,1.28979,0.02705,4.1552,14.7082,0.9359
70.16,-0.01664,-0.0104,-0.7829,1.2898,0.03124,4.1552,14.71,0.9359
70.18,-0.01618,-0.01065,-0.78215,1.28967,0.01988,4.1543,14.7117,0.9364
70.2,-0.01558,-0.01088,-0.78162,1.28938,0.01081,4.1526,14.7135,0.9371
70.22,-0.01476,-0.01111,-0.7812,1.2891,0.00795,4.1502,14.7151,0.9381
70.24,-0.01382,-0.01134,-0.7808,1.28899,0.00798,4.1472,14.7166,0.9393
70.26,-0.01287,-0.01153,-0.78047,1.28902,0.0,4.1439,14.7179,0.9408
70.28,-0.01203,-0.0117,-0.78041,1.28907,-0.02046,4.1404,14.719,0.9426
70.3,-0.01138,-0.01179,-0.78094,1.28885,-0.05626,4.1368,14.7198,0.9447
70.32,-0.01009,-0.01149,-0.78173,1.28797,-0.04006,4.133,14.7203,0.9468
70.34,-0.00915,-0.01095,-0.78238,1.28719,-0.04959,4.1294,14.7203,0.9489
70.36,-0.00848,-0.01023,-0.78332,1.28653,-0.06618,4.1259,14.72,0.9512
70.38,-0.00789,-0.00937,-0.78455,1.28582,-0.07578,4.1226,14.7193,0.9536
70.4,-0.00735,-0.00866,-0.78592,1.28496,-0.07986,4.1196,14.7184,0.956
70.42,-0.00684,-0.00818,-0.78737,1.28393,-0.0822,4.1171,14.717,0.9583
70.44,-0.00638,-0.00789,-0.78886,1.28273,-0.08407,4.115,14.7152,0.9606
70.46,-0.00603,-0.0077,-0.79039,1.28141,-0.08645,4.1135,14.713,0.9626
70.48,-0.00578,-0.00747,-0.79199,1.28002,-0.09044,4.1124,14.7105,0.9643
70.5,-0.00566,-0.00706,-0.7937,1.27853,-0.09707,4.1119,14.7076,0.9657
70.52,-0.00619,-0.00619,-0.79541,1.27675,-0.07563,4.1118,14.7043,0.9666
70.54,-0.00689,-0.00522,-0.79662,1.27526,-0.05592,4.1123,14.7005,0.9668
70.56,-0.00737,-0.0043,-0.79679,1.27536,0.0185,4.1132,14.6968,0.9667
70.58,-0.00812,-0.00359,-0.79573,1.27668,0.06456,4.1144,14.693,0.9665
70.6,-0.00897,-0.00314,-0.79379,1.27905,0.10692,4.1159,14.6896,0.9663
70.62,-0.00983,-0.00299,-0.79126,1.28223,0.11995,4.1175,14.6865,0.9665
70.64,-0.01068,-0.00307,-0.7889,1.28557,0.09074,4.1191,14.6839,0.9672
70.66,-0.01144,-0.00329,-0.78748,1.28834,0.02811,4.1204,14.682,0.9686
70.68,-0.01208,-0.0034,-0.78748,1.29,-0.04669,4.1215,14.6806,0.9704
70.7,-0.01252,-0.00338,-0.78894,1.29028,-0.1157,4.1222,14.6798,0.9726
70.72,-0.01274,-0.00328,-0.7916,1.2892,-0.16479,4.1226,14.6796,0.9748
70.74,-0.01276,-0.00318,-0.79494,1.28707,-0.18435,4.1227,14.6798,0.9767
70.76,-0.0126,-0.00317,-0.79835,1.28429,-0.17335,4.1227,14.6804,0.9782
70.78,-0.01231,-0.00332,-0.80128,1.28136,-0.13704,4.1224,14.6813,0.9791
70.8,-0.01196,-0.00348,-0.80326,1.27874,-0.08101,4.1222,14.6825,0.9794
70.82,-0.01157,-0.0036,-0.80402,1.27678,-0.01815,4.122,14.6839,0.979
70.84,-0.01114,-0.0037,-0.80354,1.27571,0.04199,4.1219,14.6854,0.9781
70.86,-0.01072,-0.00379,-0.80198,1.27563,0.0894,4.1219,14.6871,0.9769
70.88,-0.01033,-0.00389,-0.79964,1.27651,0.12068,4.1223,14.689,0.9755
70.9,-0.00989,-0.00393,-0.79661,1.27811,0.15432,4.1228,14.6909,0.9741
70.92,-0.00949,-0.00384,-0.79354,1.28012,0.12467,4.1236,14.693,0.9729
70.94,-0.00931,-0.00349,-0.79169,1.28179,0.03785,4.1248,14.6951,0.9719
70.96,-0.00936,-0.00294,-0.79177,1.2823,-0.06251,4.1262,14.6972,0.971
70.98,-0.00955,-0.00227,-0.7936,1.28136,-0.13308,4.128,14.6994,0.9698
71.0,-0.0098,-0.00148,-0.79627,1.27924,-0.14663,4.1299,14.7016,0.968
71.02,-0.01001,-0.00068,-0.7986,1.2766,-0.10224,4.1319,14.7036,0.9655
71.04,-0.01016,0.00012,-0.7996,1.27423,-0.01862,4.134,14.7053,0.9622
71.06,-0.01025,0.00134,-0.79885,1.27271,0.06947,4.136,14.7066,0.9582
71.08,-0.0104,0.00284,-0.79638,1.27237,0.15277,4.1379,14.7075,0.9537
71.1,-0.01057,0.00379,-0.79235,1.27326,0.22637,4.1395,14.7078,0.949
71.12,-0.01065,0.0042,-0.78713,1.27533,0.26942,4.1409,14.7077,0.9442
71.14,-0.0106,0.00448,-0.78147,1.27841,0.27212,4.1421,14.7069,0.9398
71.16,-0.01054,0.00462,-0.77607,1.28231,0.24444,4.143,14.7056,0.936
71.18,-0.01058,0.00471,-0.77146,1.28671,0.19459,4.1436,14.7039,0.9331
71.2,-0.01077,0.00477,-0.76802,1.29116,0.12724,4.144,14.7021,0.9313
71.22,-0.01109,0.00488,-0.76606,1.29514,0.04883,4.144,14.7002,0.9307
71.24,-0.01148,0.00503,-0.76571,1.29817,-0.03349,4.1438,14.6984,0.9312
71.26,-0.01173,0.00537,-0.76691,1.29985,-0.09877,4.1433,14.6966,0.9327
71.28,-0.01166,0.0059,-0.76906,1.30019,-0.13407,4.1423,14.6949,0.9349
71.3,-0.01152,0.00629,-0.77185,1.29949,-0.16338,4.1409,14.6931,0.9378
71.32,-0.01122,0.00662,-0.77516,1.29787,-0.18404,4.1392,14.6913,0.9411
71.34,-0.01074,0.00697,-0.77882,1.29546,-0.19855,4.1372,14.6893,0.9446
71.36,-0.01092,0.00795,-0.78241,1.29218,-0.18881,4.135,14.6869,0.948
71.38,-0.01059,0.00876,-0.78545,1.28947,-0.12808,4.1327,14.6842,0.9511
71.4,-0.0101,0.00922,-0.78685,1.28849,-0.03353,4.1305,14.6815,0.9542
71.42,-0.00973,0.00932,-0.7867,1.28919,0.0198,4.1286,14.6788,0.9575
71.44,-0.00965,0.00941,-0.78613,1.29076,0.00994,4.127,14.6765,0.9613
71.46,-0.00982,0.00979,-0.78637,1.29201,-0.05565,4.1256,14.6746,0.9656
71.48,-0.01008,0.01052,-0.78822,1.29197,-0.1466,4.1244,14.6731,0.9702
71.5,-0.01027,0.0114,-0.79189,1.29022,-0.23341,4.1233,14.672,0.9749
71.52,-0.01032,0.01228,-0.79703,1.28681,-0.29146,4.1223,14.6713,0.9791
71.54,-0.01023,0.01301,-0.80288,1.28216,-0.30532,4.1214,14.6708,0.9825
71.56,-0.00998,0.01351,-0.80853,1.27687,-0.27334,4.1208,14.6706,0.9847
71.58,-0.00964,0.01373,-0.81314,1.27163,-0.20423,4.1203,14.6704,0.9857
71.6,-0.00923,0.01367,-0.81611,1.26708,-0.11253,4.1201,14.6704,0.9852
71.62,-0.00881,0.01331,-0.81714,1.26374,-0.01377,4.1203,14.6704,0.9834
71.64,-0.00845,0.01261,-0.81623,1.26196,0.08059,4.1208,14.6704,0.9805
71.66,-0.00823,0.01186,-0.81355,1.26187,0.16301,4.1218,14.6703,0.9767
71.68,-0.00813,0.01096,-0.80943,1.26338,0.22431,4.1232,14.6703,0.9724
71.7,-0.00816,0.00996,-0.80436,1.26625,0.25897,4.125,14.6701,0.9677
71.72,-0.00833,0.00879,-0.79884,1.27018,0.2696,4.1273,14.67,0.9632
71.74,-0.00862,0.00752,-0.79333,1.27483,0.25894,4.13,14.67,0.959
71.76,-0.00903,0.00618,-0.78822,1.27981,0.23062,4.1329,14.67,0.9553
71.78,-0.00954,0.00486,-0.78381,1.28479,0.18854,4.1361,14.6703,0.9525
71.8,-0.01012,0.00365,-0.78035,1.28944,0.13686,4.1395,14.6709,0.9506
71.82,-0.01072,0.00265,-0.77798,1.29349,0.07941,4.1429,14.6718,0.9496
71.84,-0.0112,0.00197,-0.77672,1.29669,0.02255,4.1463,14.6732,0.9498
71.86,-0.01166,0.00174,-0.77717,1.2985,-0.09003,4.1497,14.675,0.9508
71.88,-0.01224,0.00196,-0.7802,1.29803,-0.22806,4.1529,14.6772,0.9523
71.9,-0.01286,0.00248,-0.78568,1.29485,-0.32874,4.1559,14.6797,0.9539
71.92,-0.01331,0.00314,-0.79229,1.28948,-0.33792,4.1585,14.6824,0.9547
71.94,-0.01341,0.00383,-0.79803,1.28316,-0.24498,4.1607,14.6849,0.9545
71.96,-0.0131,0.00463,-0.80125,1.27728,-0.09536,4.1625,14.687,0.9531
71.98,-0.0124,0.00543,-0.80138,1.27296,0.05712,4.164,14.6885,0.9504
72.0,-0.01156,0.00651,-0.79871,1.27096,0.18118,4.1651,14.6893,0.9469
72.02,-0.01097,0.00732,-0.79392,1.27148,0.27014,4.166,14.6895,0.9429
72.04,-0.01063,0.00764,-0.78782,1.27417,0.31285,4.1666,14.6892,0.9391
72.06,-0.01047,0.00793,-0.78139,1.2784,0.3034,4.167,14.6885,0.9358
72.08,-0.01042,0.0083,-0.77557,1.28347,0.25564,4.1671,14.6875,0.9334
72.1,-0.01048,0.00868,-0.77096,1.28866,0.18334,4.1671,14.6864,0.9321
72.12,-0.01056,0.00914,-0.76796,1.29333,0.09638,4.1669,14.6853,0.932
72.14,-0.01072,0.00965,-0.76674,1.29695,0.00528,4.1666,14.6843,0.9332
72.16,-0.01092,0.01026,-0.76732,1.29917,-0.08208,4.166,14.6833,0.9353
72.18,-0.01113,0.01093,-0.76956,1.29977,-0.16075,4.1653,14.6824,0.9384
72.2,-0.01133,0.01174,-0.77326,1.29871,-0.22787,4.1643,14.6815,0.9419
72.22,-0.01153,0.01271,-0.77814,1.29605,-0.27893,4.163,14.6805,0.9456
72.24,-0.01233,0.01351,-0.78366,1.29178,-0.28628,4.1615,14.6793,0.9491
72.26,-0.01278,0.01394,-0.78898,1.28659,-0.25972,4.1597,14.6777,0.9519
72.28,-0.01138,0.01469,-0.79223,1.28221,-0.08384,4.1575,14.6756,0.9537
72.3,-0.0106,0.01533,-0.79271,1.28037,0.00422,4.1553,14.6732,0.9549
72.32,-0.01035,0.01573,-0.7919,1.28043,0.04928,4.1531,14.6706,0.956
72.34,-0.01023,0.01595,-0.79054,1.28147,0.06076,4.1509,14.6681,0.9572
72.36,-0.0101,0.01606,-0.78926,1.28287,0.04385,4.1487,14.6656,0.9586
72.38,-0.00997,0.01602,-0.78849,1.28427,0.01414,4.1467,14.6632,0.9603
72.4,-0.00976,0.01603,-0.78821,1.28579,-0.00432,4.1448,14.6611,0.9623
72.42,-0.00954,0.01619,-0.78838,1.28726,-0.03125,4.143,14.6594,0.9647
72.44,-0.00932,0.01647,-0.78925,1.28811,-0.07529,4.1416,14.6579,0.9674
72.46,-0.00909,0.01666,-0.79111,1.28794,-0.12745,4.1403,14.6567,0.9702
72.48,-0.00886,0.01681,-0.79395,1.28659,-0.17159,4.1393,14.6558,0.9729
72.5,-0.00863,0.01682,-0.79749,1.28421,-0.1968,4.1386,14.6551,0.9753
72.52,-0.0084,0.01663,-0.80129,1.28109,-0.19793,4.1382,14.6546,0.9771
72.54,-0.00817,0.01625,-0.80488,1.27762,-0.17558,4.1382,14.6541,0.978
72.56,-0.00796,0.01559,-0.8078,1.27423,-0.13324,4.1386,14.6536,0.9781
72.58,-0.00781,0.01465,-0.80973,1.27131,-0.078,4.1394,14.6532,0.9773
72.6,-0.00779,0.01344,-0.81048,1.2692,-0.01679,4.1406,14.6528,0.9755
72.62,-0.00797,0.01219,-0.80995,1.26815,0.04886,4.1424,14.6524,0.973
72.64,-0.00828,0.01091,-0.80815,1.26822,0.10911,4.1446,14.652,0.9698
72.66,-0.00872,0.00959,-0.80524,1.26942,0.15948,4.1472,14.6517,0.9661
72.68,-0.00933,0.0083,-0.80131,1.27155,0.21079,4.1502,14.6514,0.9623
72.7,-0.00996,0.00713,-0.79663,1.27468,0.23313,4.1535,14.6512,0.9586
72.72,-0.01058,0.0062,-0.79197,1.27849,0.20885,4.157,14.6512,0.9552
72.74,-0.01127,0.00555,-0.78829,1.28221,0.13698,4.1606,14.6514,0.9523
72.76,-0.01203,0.00518,-0.78632,1.28505,0.04173,4.1641,14.6519,0.9498
72.78,-0.01278,0.00503,-0.7862,1.28651,-0.04463,4.1674,14.6528,0.9478
72.8,-0.01341,0.00501,-0.78747,1.28658,-0.09481,4.1704,14.654,0.9458
72.82,-0.01384,0.00503,-0.78926,1.28558,-0.09811,4.1729,14.6555,0.9437
72.84,-0.014,0.00505,-0.79059,1.28408,-0.04926,4.175,14.6571,0.9414
72.86,-0.01385,0.005,-0.79063,1.28262,0.02644,4.1764,14.6587,0.9388
72.88,-0.01338,0.00481,-0.78916,1.28166,0.09786,4.1773,14.66,0.936
72.9,-0.01266,0.00452,-0.78647,1.28153,0.1475,4.1777,14.6609,0.933
72.92,-0.0119,0.00426,-0.783,1.28249,0.1744,4.1777,14.6614,0.9302
72.94,-0.01128,0.00411,-0.77927,1.28453,0.17472,4.1773,14.6614,0.9278
72.96,-0.01089,0.0041,-0.77581,1.2873,0.14776,4.1766,14.6612,0.9261
72.98,-0.01071,0.00424,-0.77312,1.29027,0.09995,4.1758,14.6608,0.9252
73.0,-0.01068,0.00455,-0.77151,1.29294,0.04148,4.1747,14.6603,0.9253
73.02,-0.01074,0.00498,-0.77105,1.29492,-0.01399,4.1735,14.6598,0.9262
73.04,-0.01081,0.00552,-0.77163,1.29604,-0.06263,4.1721,14.6591,0.9279
73.06,-0.01091,0.00611,-0.77306,1.29628,-0.09885,4.1705,14.6583,0.9301
73.08,-0.0111,0.00669,-0.77506,1.29579,-0.12134,4.1688,14.6574,0.9329
73.1,-0.01136,0.00724,-0.77742,1.29467,-0.13549,4.167,14.6564,0.9359
73.12,-0.01173,0.00768,-0.78001,1.29308,-0.14524,4.1649,14.6552,0.939
73.14,-0.01172,0.00817,-0.78263,1.291,-0.12247,4.1626,14.6539,0.9421
73.16,-0.01117,0.00888,-0.78418,1.28906,-0.05682,4.1601,14.6523,0.945
73.18,-0.0109,0.0095,-0.78501,1.28804,-0.05015,4.1574,14.6505,0.9479
73.2,-0.01072,0.01007,-0.78589,1.28759,-0.05881,4.1546,14.6488,0.951
73.22,-0.01053,0.01056,-0.78705,1.28732,-0.07654,4.1519,14.647,0.9541
73.24,-0.01036,0.01101,-0.78864,1.28696,-0.1016,4.1493,14.6454,0.9574
73.26,-0.01022,0.0114,-0.79071,1.28631,-0.12384,4.1468,14.644,0.9606
73.28,-0.01012,0.01178,-0.79316,1.28525,-0.13868,4.1446,14.6428,0.9637
73.3,-0.01005,0.01211,-0.79578,1.2838,-0.14142,4.1425,14.6418,0.9666
73.32,-0.00999,0.01244,-0.79831,1.28206,-0.12993,4.1407,14.641,0.9691
73.34,-0.0099,0.01266,-0.80049,1.2802,-0.10683,4.1391,14.6405,0.9711
73.36,-0.00978,0.01288,-0.80211,1.27841,-0.07441,4.1377,14.6401,0.9726
73.38,-0.00962,0.01306,-0.80305,1.27686,-0.03999,4.1365,14.6399,0.9736
73.4,-0.00943,0.01319,-0.8033,1.27567,-0.00746,4.1355,14.6399,0.9741
73.42,-0.00923,0.01324,-0.80296,1.27492,0.02035,4.1348,14.6399,0.9741
73.44,-0.00902,0.01322,-0.80213,1.27461,0.04016,4.1342,14.64,0.9736
73.46,-0.00884,0.01311,-0.80098,1.27472,0.05277,4.134,14.6401,0.9729
73.48,-0.00871,0.01288,-0.79967,1.27517,0.05761,4.134,14.6402,0.9719
73.5,-0.00864,0.01254,-0.79832,1.27589,0.05746,4.1343,14.6403,0.9706
73.52,-0.00866,0.01209,-0.79702,1.27679,0.05259,4.1349,14.6405,0.9692
73.54,-0.00877,0.01156,-0.79585,1.27777,0.04528,4.1359,14.6407,0.9678
73.56,-0.00895,0.01098,-0.79482,1.27875,0.03779,4.137,14.6409,0.9662
73.58,-0.00921,0.01039,-0.79395,1.27966,0.02925,4.1385,14.6412,0.9646
73.6,-0.00953,0.00984,-0.79326,1.28045,0.02122,4.1401,14.6415,0.963
73.62,-0.00987,0.00936,-0.79272,1.28108,0.01369,4.1418,14.6419,0.9614
73.64,-0.01022,0.00896,-0.79231,1.28152,0.00765,4.1436,14.6423,0.9597
73.66,-0.01057,0.00866,-0.79202,1.28177,0.0029,4.1455,14.6428,0.9579
73.68,-0.01098,0.0081,-0.79147,1.28186,0.03481,4.1473,14.6433,0.9561
73.7,-0.01089,0.00711,-0.78974,1.2825,0.11756,4.1489,14.6438,0.9542
73.72,-0.01051,0.00566,-0.78626,1.28467,0.20187,4.1505,14.6442,0.9526
73.74,-0.01011,0.00389,-0.78147,1.28844,0.24316,4.1521,14.6446,0.9518
73.76,-0.00985,0.00192,-0.77651,1.29313,0.21897,4.1536,14.6452,0.952
73.78,-0.00978,-8e-05,-0.77267,1.29773,0.13509,4.1551,14.646,0.9535
73.8,-0.00985,-0.00199,-0.7709,1.30125,0.01721,4.1566,14.6471,0.9563
73.82,-0.00997,-0.00369,-0.77154,1.30303,-0.10169,4.158,14.6486,0.9603
73.84,-0.01002,-0.00521,-0.77435,1.30285,-0.19598,4.1593,14.6504,0.965
73.86,-0.00995,-0.00653,-0.77868,1.30086,-0.25385,4.1606,14.6524,0.9702
73.88,-0.00977,-0.00765,-0.78378,1.29748,-0.27314,4.1618,14.6544,0.9755
73.9,-0.00951,-0.00866,-0.78894,1.29322,-0.26052,4.163,14.6564,0.9805
73.92,-0.00925,-0.0096,-0.79361,1.28862,-0.22603,4.1643,14.6582,0.985
73.94,-0.00905,-0.01052,-0.79746,1.28411,-0.17952,4.1658,14.6598,0.9888
73.96,-0.00896,-0.01144,-0.80035,1.28005,-0.12923,4.1676,14.6613,0.9919
73.98,-0.009,-0.01241,-0.80223,1.27664,-0.08016,4.1697,14.6624,0.9941
74.0,-0.00918,-0.01344,-0.80318,1.27403,-0.03574,4.1721,14.6634,0.9954
74.02,-0.00953,-0.0145,-0.80329,1.27226,0.00369,4.1748,14.6642,0.996
74.04,-0.01,-0.01558,-0.80268,1.27131,0.03618,4.1778,14.6649,0.9959
74.06,-0.01055,-0.01668,-0.8015,1.27111,0.06173,4.1808,14.6656,0.9952
74.08,-0.01112,-0.01775,-0.79991,1.27156,0.07573,4.184,14.6662,0.994
74.1,-0.0117,-0.01877,-0.79813,1.27258,0.08147,4.187,14.667,0.9925
74.12,-0.01224,-0.01972,-0.79626,1.27403,0.085,4.1899,14.6679,0.9908
74.14,-0.01267,-0.02056,-0.79433,1.27573,0.0867,4.1925,14.669,0.989
74.16,-0.01294,-0.02132,-0.7924,1.27752,0.08434,4.1948,14.6703,0.9873
74.18,-0.01301,-0.02203,-0.79057,1.27924,0.07779,4.1966,14.6718,0.9856
74.2,-0.01288,-0.02267,-0.7889,1.28079,0.06679,4.198,14.6735,0.984
74.22,-0.01254,-0.02328,-0.78751,1.28214,0.05138,4.199,14.6753,0.9826
74.24,-0.01208,-0.02384,-0.78641,1.28331,0.03697,4.1996,14.6771,0.9813
74.26,-0.01154,-0.02438,-0.7856,1.2843,0.02284,4.2,14.6788,0.9803
74.28,-0.01098,-0.02488,-0.78506,1.28509,0.01046,4.2002,14.6805,0.9794
74.3,-0.01044,-0.02537,-0.78475,1.28571,0.0,4.2003,14.6821,0.9788
74.32,-0.00996,-0.02582,-0.78462,1.28613,-0.00904,4.2004,14.6836,0.9783
74.34,-0.00956,-0.02626,-0.78469,1.28639,-0.01816,4.2005,14.6849,0.978
74.36,-0.00928,-0.02668,-0.78492,1.28652,-0.02437,4.2007,14.6859,0.9778
74.38,-0.00913,-0.02709,-0.78524,1.2865,-0.02735,4.2011,14.6868,0.9778
74.4,-0.00912,-0.0275,-0.78564,1.28641,-0.0303,4.2017,14.6874,0.9779
74.42,-0.00925,-0.02788,-0.7861,1.2863,-0.03585,4.2025,14.6879,0.9781
74.44,-0.00949,-0.02822,-0.78664,1.2862,-0.03653,4.2033,14.6882,0.9783
74.46,-0.00979,-0.02851,-0.78712,1.28612,-0.02978,4.2043,14.6884,0.9785
74.48,-0.01012,-0.02876,-0.78744,1.28604,-0.02121,4.2054,14.6886,0.9789
74.5,-0.01046,-0.02894,-0.78761,1.28599,-0.01541,4.2064,14.6888,0.9793
74.52,-0.01079,-0.02906,-0.78771,1.28594,-0.015,4.2074,14.6891,0.9797
74.54,-0.0111,-0.02913,-0.78786,1.28588,-0.01938,4.2083,14.6893,0.9803
74.56,-0.01138,-0.02914,-0.78813,1.2858,-0.02706,4.209,14.6897,0.981
74.58,-0.01162,-0.02911,-0.78855,1.28571,-0.03601,4.2096,14.6902,0.9817
74.6,-0.01182,-0.02903,-0.78915,1.28558,-0.0435,4.2101,14.6908,0.9824
74.62,-0.01198,-0.02894,-0.78988,1.28525,-0.04941,4.2105,14.6915,0.983
74.64,-0.01209,-0.02887,-0.79071,1.28475,-0.05324,4.2107,14.6924,0.9837
74.66,-0.01214,-0.02883,-0.7916,1.2841,-0.05568,4.2107,14.6935,0.9842
74.68,-0.01218,-0.02888,-0.79251,1.28332,-0.05617,4.2107,14.6947,0.9845
74.7,-0.01161,-0.02885,-0.79311,1.28248,-0.0252,4.2105,14.696,0.9846
74.72,-0.01111,-0.02879,-0.79324,1.28209,-0.01156,4.2102,14.6974,0.9845
74.74,-0.01072,-0.02872,-0.79322,1.282,-0.00729,4.2099,14.6989,0.9844
74.76,-0.01033,-0.02862,-0.79316,1.28192,-0.00857,4.2096,14.7004,0.9841
74.78,-0.00991,-0.02848,-0.79315,1.28182,-0.01156,4.2093,14.702,0.9838
74.8,-0.0095,-0.02832,-0.79318,1.28171,-0.01247,4.2091,14.7036,0.9834
74.82,-0.00911,-0.02816,-0.79319,1.2816,-0.0095,4.2091,14.7051,0.9829
74.84,-0.0088,-0.02802,-0.79312,1.2815,-0.00456,4.2094,14.7065,0.9823
74.86,-0.0086,-0.02794,-0.79293,1.28142,6e-05,4.2099,14.7077,0.9816
74.88,-0.00854,-0.02791,-0.79266,1.28136,0.00781,4.2107,14.7089,0.9807
74.9,-0.0086,-0.02798,-0.79223,1.28132,0.01483,4.2118,14.7099,0.9798
74.92,-0.00877,-0.02816,-0.79168,1.28143,0.02157,4.2132,14.7108,0.9787
74.94,-0.00902,-0.02847,-0.79098,1.28169,0.0302,4.2147,14.7115,0.9776
74.96,-0.00921,-0.02879,-0.79012,1.28207,0.03704,4.2164,14.7121,0.9765
74.98,-0.00939,-0.02909,-0.78914,1.28272,0.04239,4.2183,14.7126,0.9753
75.0,-0.00962,-0.02929,-0.78809,1.28368,0.04338,4.2201,14.713,0.9743
75.02,-0.0099,-0.02935,-0.78711,1.28485,0.03629,4.222,14.7135,0.9736
75.04,-0.01021,-0.02924,-0.78634,1.28605,0.02188,4.2238,14.714,0.9731
75.06,-0.01053,-0.02894,-0.78592,1.28713,0.00337,4.2255,14.7147,0.9729
75.08,-0.01083,-0.02842,-0.78589,1.28797,-0.01682,4.2272,14.7156,0.9731
75.1,-0.01112,-0.02769,-0.78624,1.28852,-0.03493,4.2287,14.7166,0.9736
75.12,-0.0114,-0.02679,-0.78694,1.28877,-0.04976,4.2302,14.718,0.9743
75.14,-0.01169,-0.02572,-0.78791,1.28874,-0.0632,4.2315,14.7195,0.9752
75.16,-0.01203,-0.02451,-0.78914,1.28843,-0.07441,4.2329,14.7214,0.9762
75.18,-0.01243,-0.02316,-0.7906,1.28785,-0.08569,4.2341,14.7236,0.9773
75.2,-0.01289,-0.02173,-0.79228,1.287,-0.09735,4.2354,14.7261,0.9783
75.22,-0.01347,-0.0202,-0.79422,1.28586,-0.1117,4.2366,14.7291,0.9792
75.24,-0.01418,-0.01859,-0.79645,1.28432,-0.12837,4.2378,14.7325,0.9799
75.26,-0.0148,-0.01777,-0.79888,1.28228,-0.13301,4.2389,14.7364,0.98
75.28,-0.01503,-0.01845,-0.80114,1.27989,-0.11514,4.2399,14.7406,0.9795
75.3,-0.01464,-0.0202,-0.80278,1.27748,-0.07564,4.2406,14.7451,0.9783
75.32,-0.0136,-0.02118,-0.80347,1.2754,-0.02444,4.2412,14.7499,0.9762
75.34,-0.01272,-0.01722,-0.80353,1.27369,-0.02382,4.2416,14.7547,0.9734
75.36,-0.01095,-0.01719,-0.80332,1.27162,0.05601,4.2417,14.7594,0.9697
75.38,-0.00804,-0.01838,-0.80043,1.27141,0.1921,4.2416,14.7636,0.9652
75.4,-0.00638,-0.02052,-0.79545,1.2746,0.25954,4.2416,14.7678,0.9609
75.42,-0.00475,-0.02319,-0.78992,1.27981,0.24573,4.2421,14.772,0.9575
75.44,-0.00323,-0.00774,-0.7855,1.28544,0.1565,4.2432,14.7764,0.9553
75.46,-0.00237,0.01144,-0.78357,1.28967,0.01119,4.245,14.7811,0.9543
75.48,-0.00212,0.0281,-0.7847,1.29133,-0.13811,4.2478,14.786,0.9541
75.5,-0.00211,0.03732,-0.7885,1.29022,-0.24784,4.2514,14.7908,0.9542
75.52,-0.00218,0.03619,-0.79403,1.28675,-0.30559,4.256,14.7954,0.9541
75.54,-0.00225,0.02412,-0.80029,1.28153,-0.31822,4.2616,14.7995,0.9534
75.56,-0.00234,0.00171,-0.80667,1.27516,-0.32039,4.2681,14.8029,0.9514
75.58,-0.00273,-0.01168,-0.81294,1.26823,-0.29088,4.2756,14.8057,0.948
75.6,-0.00597,-0.01032,-0.81731,1.26192,-0.10588,4.2837,14.8078,0.9426
75.62,-0.00746,-0.01098,-0.81541,1.25978,0.29252,4.2924,14.8095,0.9356
75.64,-0.00842,-0.01122,-0.80632,1.26219,0.58879,4.3015,14.8106,0.9277
75.66,-0.01028,-0.01148,-0.79317,1.26841,0.69714,4.3107,14.8112,0.9199
75.68,-0.01282,-0.0122,-0.77944,1.27709,0.64906,4.3198,14.8114,0.9133
75.7,-0.01501,-0.01327,-0.76745,1.28648,0.52764,4.3286,14.8117,0.9082
75.72,-0.01652,-0.0146,-0.75825,1.29555,0.36816,4.3367,14.8123,0.9051
75.74,-0.01762,-0.01611,-0.75255,1.30364,0.17563,4.344,14.8134,0.9042
75.76,-0.0186,-0.01777,-0.75092,1.30995,-0.03567,4.3505,14.8155,0.9055
75.78,-0.01953,-0.01948,-0.75345,1.31364,-0.23626,4.3562,14.8187,0.9088
75.8,-0.02032,-0.02128,-0.75958,1.31419,-0.39308,4.3609,14.8232,0.9136
75.82,-0.0208,-0.02325,-0.76818,1.31163,-0.48424,4.3646,14.8286,0.9193
75.84,-0.02086,-0.02553,-0.7779,1.30649,-0.50633,4.3674,14.835,0.9252
75.86,-0.02054,-0.02836,-0.78743,1.29961,-0.46862,4.3692,14.8419,0.9308
75.88,-0.01993,-0.03188,-0.79573,1.29186,-0.38577,4.3702,14.8491,0.9354
75.9,-0.01916,-0.03633,-0.80209,1.28413,-0.27996,4.3704,14.8564,0.9389
75.92,-0.01528,-0.04001,-0.80584,1.27664,-0.10551,4.3699,14.8633,0.9406
75.94,-0.01212,-0.04203,-0.80577,1.27273,0.06825,4.3687,14.8699,0.941
75.96,-0.01186,-0.04385,-0.80331,1.27175,0.14455,4.3671,14.8765,0.9409
75.98,-0.01154,-0.04553,-0.7996,1.27189,0.20306,4.3653,14.8828,0.9406
76.0,-0.01032,-0.04701,-0.79466,1.27314,0.26557,4.3633,14.8887,0.9402
76.02,-0.00855,-0.04719,-0.78864,1.27575,0.30705,4.3616,14.8939,0.94
76.04,-0.00681,-0.0423,-0.78221,1.2796,0.30305,4.3604,14.8984,0.9404
76.06,-0.00549,-0.0315,-0.7764,1.28418,0.2471,4.3597,14.9023,0.9415
76.08,-0.00464,-0.01446,-0.77219,1.28872,0.14617,4.3597,14.9056,0.9436
76.1,-0.00423,0.00618,-0.77026,1.29241,0.02078,4.3602,14.9085,0.9468
76.12,-0.00427,0.02295,-0.77096,1.29432,-0.10941,4.3612,14.9112,0.9509
76.14,-0.00453,0.0357,-0.77395,1.29417,-0.20328,4.3626,14.9134,0.9557
76.16,-0.00477,0.04517,-0.77827,1.29248,-0.24057,4.3644,14.9153,0.9607
76.18,-0.0049,0.05205,-0.78285,1.28998,-0.23163,4.3665,14.9166,0.9658
76.2,-0.00492,0.05676,-0.787,1.28719,-0.20022,4.3689,14.9176,0.9707
76.22,-0.00495,0.05939,-0.79049,1.28443,-0.16729,4.3718,14.9181,0.9753
76.24,-0.005,0.05965,-0.79344,1.2818,-0.14665,4.3752,14.9181,0.9796
76.26,-0.00514,0.05735,-0.79616,1.27924,-0.14296,4.3789,14.9178,0.9833
76.28,-0.0054,0.05164,-0.799,1.2766,-0.15519,4.3831,14.9173,0.9864
76.3,-0.00573,0.04243,-0.80221,1.27365,-0.17814,4.3877,14.9164,0.9888
76.32,-0.00603,0.02851,-0.80615,1.27013,-0.22865,4.3926,14.9154,0.9902
76.34,-0.00772,0.04211,-0.81103,1.26536,-0.24941,4.3978,14.9141,0.9904
76.36,-0.01033,0.04205,-0.8151,1.26074,-0.15755,4.4033,14.9127,0.9889
76.38,-0.01173,0.04232,-0.81688,1.25774,-0.03672,4.4093,14.9112,0.9858
76.4,-0.01296,0.04281,-0.81609,1.25602,0.09938,4.4156,14.9098,0.981
76.42,-0.01423,0.04312,-0.81253,1.25579,0.23568,4.4218,14.9082,0.9746
76.44,-0.01554,0.04307,-0.80647,1.25757,0.34613,4.4277,14.9064,0.9672
76.46,-0.01687,0.0427,-0.79852,1.26169,0.42103,4.4328,14.9045,0.9594
76.48,-0.01811,0.04203,-0.78955,1.26794,0.44526,4.437,14.9027,0.9518
76.5,-0.01911,0.04108,-0.78068,1.27561,0.41275,4.4402,14.9012,0.9452
76.52,-0.01978,0.0399,-0.77295,1.28377,0.33131,4.4422,14.9002,0.94
76.54,-0.02005,0.03857,-0.76722,1.29141,0.21543,4.443,14.9,0.9364
76.56,-0.02,0.03713,-0.76407,1.29767,0.07517,4.4427,14.9005,0.9344
76.58,-0.01903,0.0358,-0.76337,1.30178,-0.01315,4.4411,14.9019,0.9339
76.6,-0.01765,0.03394,-0.76406,1.30423,-0.07695,4.4383,14.9039,0.9346
76.62,-0.01618,0.0299,-0.766,1.30512,-0.13825,4.4345,14.9064,0.9365
76.64,-0.01446,0.02433,-0.76903,1.30431,-0.18233,4.4298,14.9093,0.9392
76.66,-0.01248,0.0189,-0.77272,1.30203,-0.2049,4.4244,14.9122,0.9425
76.68,-0.01032,0.01448,-0.77661,1.29875,-0.20292,4.4186,14.9148,0.946
76.7,-0.0081,0.01181,-0.78035,1.29499,-0.19024,4.4128,14.9168,0.9496
76.72,-0.00603,0.0113,-0.7838,1.29122,-0.17533,4.4073,14.9181,0.9531
76.74,-0.00426,0.01328,-0.78689,1.28779,-0.15493,4.4024,14.9185,0.9562
76.76,-0.00291,0.01819,-0.78955,1.2849,-0.13111,4.3983,14.9181,0.9591
76.78,-0.00204,0.02558,-0.79179,1.28256,-0.11111,4.3953,14.9169,0.9617
76.8,-0.00175,0.02471,-0.79366,1.28069,-0.09461,4.3934,14.915,0.964
76.82,-0.0019,0.0237,-0.7952,1.27929,-0.07706,4.3927,14.9125,0.9659
76.84,-0.00247,0.02262,-0.7964,1.2783,-0.06181,4.3932,14.9096,0.9675
76.86,-0.00341,0.02147,-0.79733,1.27759,-0.04906,4.3947,14.9063,0.9687
76.88,-0.00463,0.0203,-0.798,1.27709,-0.03721,4.3971,14.9028,0.9695
76.9,-0.00604,0.01912,-0.79844,1.27672,-0.02562,4.4002,14.8991,0.9699
76.92,-0.00754,0.01798,-0.79864,1.27647,-0.01319,4.4037,14.8955,0.97
76.94,-0.00908,0.01692,-0.79859,1.27638,0.00038,4.4075,14.8919,0.9696
76.96,-0.01054,0.01594,-0.79826,1.27636,0.01237,4.4113,14.8886,0.969
76.98,-0.01188,0.01503,-0.7977,1.27659,0.02404,4.4149,14.8855,0.9681
77.0,-0.01302,0.01423,-0.79694,1.27706,0.03287,4.4181,14.8827,0.967
77.02,-0.01396,0.01353,-0.79601,1.27775,0.04,4.421,14.8803,0.9656
77.04,-0.01465,0.0129,-0.79496,1.27862,0.04433,4.4232,14.8784,0.9643
77.06,-0.015,0.01235,-0.7939,1.27969,0.04035,4.425,14.8769,0.9628
77.08,-0.0151,0.01192,-0.79302,1.28072,0.02702,4.4261,14.876,0.9615
77.1,-0.01498,0.01201,-0.79245,1.28149,0.00984,4.4268,14.8754,0.9601
77.12,-0.01456,0.01592,-0.79219,1.28193,-0.00357,4.427,14.8753,0.9587
77.14,-0.01381,0.02394,-0.79217,1.28208,-0.01441,4.4268,14.8754,0.9573
77.16,-0.01272,0.03627,-0.79235,1.282,-0.02481,4.4263,14.8757,0.9557
77.18,-0.01133,0.05274,-0.79277,1.28171,-0.03938,4.4257,14.8761,0.954
77.2,-0.00978,0.07151,-0.79354,1.28113,-0.0608,4.425,14.8765,0.9522
77.22,-0.00806,0.09676,-0.79482,1.28036,-0.08599,4.4244,14.8769,0.9501
77.24,-0.00651,0.11487,-0.79664,1.27944,-0.1155,4.4241,14.8773,0.9479
77.26,-0.00562,0.12218,-0.79922,1.27813,-0.15571,4.4243,14.8776,0.9455
77.28,-0.00591,0.1011,-0.80245,1.27598,-0.16911,4.4251,14.8779,0.9426
77.3,-0.00747,0.07071,-0.80517,1.27258,-0.10861,4.4264,14.8778,0.9388
77.32,-0.00813,0.04987,-0.8058,1.27038,0.03854,4.4285,14.8774,0.9339
77.34,-0.00853,0.02845,-0.80296,1.27114,0.22072,4.4314,14.8767,0.9284
77.36,-0.0092,0.00718,-0.79677,1.27483,0.36383,4.4351,14.876,0.9227
77.38,-0.01031,-0.01317,-0.78844,1.28078,0.43203,4.4394,14.8751,0.9176
77.4,-0.01186,-0.01667,-0.77948,1.28807,0.42796,4.444,14.8744,0.9136
77.42,-0.01344,-0.01666,-0.77127,1.29588,0.35988,4.4487,14.8741,0.9113
77.44,-0.01496,-0.0159,-0.76494,1.30338,0.24437,4.4533,14.8744,0.9111
77.46,-0.01631,-0.01432,-0.76125,1.30973,0.10072,4.4576,14.8756,0.9129
77.48,-0.01745,-0.01197,-0.76054,1.31423,-0.04952,4.4613,14.8778,0.9168
77.5,-0.01833,-0.00908,-0.76267,1.31641,-0.18184,4.4645,14.8811,0.9225
77.52,-0.01886,-0.00589,-0.76712,1.31608,-0.28063,4.4669,14.8855,0.9295
77.54,-0.019,-0.00271,-0.77311,1.31341,-0.33307,4.4686,14.8909,0.9373
77.56,-0.01871,0.00019,-0.77966,1.3088,-0.33827,4.4693,14.8971,0.9454
77.58,-0.01797,0.00256,-0.78595,1.30277,-0.31019,4.4693,14.9037,0.9532
77.6,-0.01688,0.00441,-0.79145,1.29597,-0.26198,4.4685,14.9106,0.9604
77.62,-0.01551,0.00584,-0.79589,1.28906,-0.2071,4.467,14.9174,0.9666
77.64,-0.01411,0.00764,-0.79935,1.28261,-0.16778,4.465,14.924,0.9716
77.66,-0.01311,0.00975,-0.80203,1.27699,-0.1245,4.4626,14.9303,0.9755
77.68,-0.01242,0.01128,-0.80356,1.27244,-0.05177,4.46,14.9363,0.9782
77.7,-0.01164,0.01203,-0.80349,1.26924,0.03373,4.4572,14.9419,0.9798
77.72,-0.01049,0.01238,-0.80174,1.26757,0.11668,4.4543,14.9469,0.9806
77.74,-0.00916,0.0126,-0.79845,1.26768,0.18223,4.4515,14.9512,0.9808
77.76,-0.00791,0.01259,-0.79422,1.26947,0.20818,4.449,14.9549,0.9807
77.78,-0.00672,0.01252,-0.78993,1.27238,0.18951,4.4467,14.9579,0.9806
77.8,-0.00552,0.01238,-0.78646,1.27578,0.12972,4.445,14.9605,0.9809
77.82,-0.00429,0.01019,-0.78449,1.27902,0.04262,4.4437,14.9626,0.9816
77.84,-0.00337,0.01557,-0.78444,1.28135,-0.0574,4.4429,14.9644,0.9828
77.86,-0.00291,0.0239,-0.78633,1.28234,-0.14566,4.4428,14.966,0.9844
77.88,-0.00278,0.03038,-0.78968,1.28197,-0.20003,4.4434,14.9672,0.986
77.9,-0.00282,0.03205,-0.79379,1.28049,-0.21888,4.4448,14.9681,0.9875
77.92,-0.00295,0.02761,-0.798,1.27816,-0.21181,4.447,14.9687,0.9886
77.94,-0.00315,0.01671,-0.80198,1.27519,-0.1956,4.45,14.9689,0.9891
77.96,-0.00343,-0.00022,-0.80568,1.27171,-0.18277,4.4538,14.9687,0.9887
77.98,-0.0039,-0.01166,-0.80919,1.26776,-0.17485,4.4584,14.968,0.9872
78.0,-0.00679,-0.00397,-0.81149,1.26398,-0.05478,4.4636,14.9669,0.9844
78.02,-0.00883,-0.0031,-0.81093,1.26248,0.0961,4.4695,14.9654,0.9803
78.04,-0.0099,-0.00246,-0.8073,1.26335,0.24779,4.476,14.9637,0.9752
78.06,-0.01098,-0.00189,-0.80077,1.26654,0.3792,4.4827,14.9618,0.9694
78.08,-0.01235,-0.00157,-0.79227,1.27199,0.43662,4.4892,14.96,0.9637
78.1,-0.01404,-0.00143,-0.78356,1.27897,0.40236,4.4951,14.9584,0.9589
78.12,-0.0158,-0.00133,-0.7763,1.28633,0.29818,4.5004,14.9573,0.9554
78.14,-0.01735,-0.00119,-0.77151,1.29294,0.16212,4.5047,14.9571,0.9535
78.16,-0.0185,-0.00092,-0.76946,1.29805,0.02907,4.5082,14.9578,0.953
78.18,-0.01915,-0.00053,-0.76982,1.30131,-0.07857,4.5106,14.9596,0.9539
78.2,-0.01932,-7e-05,-0.77198,1.30275,-0.15224,4.5121,14.9624,0.9558
78.22,-0.01906,-2e-05,-0.77524,1.30257,-0.19256,4.5128,14.9661,0.9584
78.24,-0.01844,-0.00433,-0.77904,1.30105,-0.20939,4.5126,14.9706,0.9615
78.26,-0.01742,-0.01362,-0.78309,1.29853,-0.22054,4.5117,14.9757,0.9647
78.28,-0.01619,-0.02607,-0.7874,1.29501,-0.23594,4.5101,14.9813,0.9678
78.3,-0.0149,-0.0395,-0.79204,1.29043,-0.25003,4.5081,14.9871,0.9704
78.32,-0.01362,-0.05198,-0.7969,1.28496,-0.26105,4.5056,14.9929,0.9722
78.34,-0.01245,-0.05842,-0.80161,1.27915,-0.22969,4.5028,14.9986,0.973
78.36,-0.01126,-0.05645,-0.80505,1.27373,-0.13417,4.4999,15.004,0.9726
78.38,-0.00976,-0.05072,-0.80627,1.26947,-0.01145,4.4971,15.0087,0.971
78.4,-0.00805,-0.04406,-0.80509,1.26705,0.10221,4.4945,15.0127,0.9683
78.42,-0.00637,-0.03798,-0.80197,1.26672,0.17993,4.4924,15.0159,0.9649
78.44,-0.00495,-0.03339,-0.79784,1.26823,0.20414,4.4911,15.0183,0.9612
78.46,-0.00394,-0.03088,-0.7938,1.27093,0.17266,4.4905,15.0201,0.9575
78.48,-0.00336,-0.03047,-0.79088,1.27401,0.09744,4.4907,15.0213,0.954
78.5,-0.00317,-0.03155,-0.7897,1.27665,0.00218,4.4918,15.0222,0.9507
78.52,-0.00325,-0.03332,-0.79041,1.27818,-0.08609,4.4936,15.0228,0.9476
78.54,-0.00356,-0.03537,-0.79266,1.27821,-0.14663,4.4962,15.0231,0.9444
78.56,-0.00404,-0.03613,-0.79562,1.27683,-0.15317,4.4994,15.0231,0.9408
78.58,-0.0045,-0.03619,-0.79807,1.27463,-0.09575,4.503,15.0225,0.9367
78.6,-0.00496,-0.0365,-0.79887,1.27249,0.00728,4.507,15.0213,0.9317
78.62,-0.00561,-0.03214,-0.79733,1.27145,0.14209,4.5112,15.0192,0.9262
78.64,-0.0069,-0.02317,-0.79315,1.27211,0.26345,4.5156,15.0164,0.9202
78.66,-0.00804,-0.02508,-0.78652,1.27579,0.38556,4.5201,15.0131,0.9145
78.68,-0.00978,-0.02463,-0.77825,1.28223,0.42122,4.5246,15.0096,0.9096
78.7,-0.01229,-0.01946,-0.77042,1.28984,0.34029,4.5292,15.0064,0.9063
78.72,-0.01457,-0.01005,-0.7649,1.29656,0.19513,4.5335,15.0036,0.9046
78.74,-0.01607,-3e-05,-0.76226,1.30125,0.05128,4.5374,15.0014,0.9043
78.76,-0.01713,0.00293,-0.76227,1.30385,-0.07456,4.5406,14.9996,0.9051
78.78,-0.01802,0.00191,-0.76459,1.30462,-0.18121,4.543,14.9984,0.907
78.8,-0.01879,0.00052,-0.7688,1.3038,-0.26525,4.5445,14.9978,0.9096
78.82,-0.0194,-0.00119,-0.77436,1.30161,-0.31618,4.5451,14.9979,0.9127
78.84,-0.01982,-0.0033,-0.78059,1.29819,-0.3303,4.5448,14.9988,0.916
78.86,-0.01999,-0.006,-0.78674,1.29383,-0.30834,4.5437,15.0002,0.9191
78.88,-0.01954,-0.00938,-0.79211,1.28895,-0.23995,4.5418,15.0021,0.9217
78.9,-0.01596,-0.01175,-0.79524,1.28405,-0.09635,4.5389,15.0039,0.9233
78.92,-0.01326,-0.01306,-0.7959,1.28177,-0.0098,4.5352,15.0058,0.9242
78.94,-0.01231,-0.01411,-0.79576,1.28112,-0.00715,4.531,15.008,0.9251
78.96,-0.0115,-0.01465,-0.79593,1.28006,-0.03096,4.5265,15.0105,0.9259
78.98,-0.01027,-0.01457,-0.79635,1.27821,-0.0293,4.5217,15.0129,0.9265
79.0,-0.0087,-0.01523,-0.79629,1.27612,0.01787,4.5168,15.0146,0.9265
79.02,-0.00696,-0.01633,-0.79489,1.27473,0.101,4.5122,15.0155,0.9261
79.04,-0.0053,-0.01587,-0.79179,1.27495,0.18322,4.5082,15.0154,0.9255
79.06,-0.00399,-0.01341,-0.78737,1.27708,0.23202,4.5048,15.0143,0.9249
79.08,-0.00332,-0.0135,-0.78251,1.28075,0.22571,4.5024,15.0125,0.9249
79.1,-0.00332,-0.01351,-0.77837,1.28515,0.16199,4.5009,15.0101,0.9256
79.12,-0.00392,-0.01325,-0.77599,1.2893,0.05385,4.5003,15.0074,0.9274
79.14,-0.00503,-0.01256,-0.77599,1.29238,-0.07009,4.5004,15.0046,0.93
79.16,-0.00655,-0.01132,-0.77838,1.29386,-0.1791,4.5012,15.0019,0.9334
79.18,-0.00837,-0.00948,-0.7826,1.2936,-0.24852,4.5023,14.9995,0.9371
79.2,-0.01043,-0.00709,-0.78779,1.2918,-0.2742,4.5038,14.9973,0.9409
79.22,-0.01248,-0.00451,-0.79292,1.28899,-0.24123,4.5055,14.9955,0.9445
79.24,-0.01394,-0.0016,-0.79699,1.28593,-0.17379,4.5071,14.9941,0.9476
79.26,-0.01483,0.00125,-0.79951,1.28342,-0.09714,4.5088,14.993,0.9501
79.28,-0.01551,0.00381,-0.80061,1.2819,-0.04116,4.5102,14.9925,0.952
79.3,-0.01623,0.00611,-0.80088,1.28111,-0.02034,4.5115,14.9927,0.9536
79.32,-0.01701,0.00821,-0.80103,1.28047,-0.03364,4.5124,14.9936,0.9548
79.34,-0.01787,0.01,-0.80178,1.27935,-0.08047,4.5129,14.9952,0.9556
79.36,-0.01697,0.0123,-0.80331,1.27655,-0.0631,4.5126,14.9975,0.9556
79.38,-0.01529,0.01156,-0.80332,1.27477,0.0423,4.5114,15.0002,0.9546
79.4,-0.01421,0.00493,-0.80184,1.27515,0.07422,4.5096,15.0034,0.9534
79.42,-0.01335,-0.00849,-0.80018,1.2762,0.06664,4.5074,15.0073,0.9521
79.44,-0.0122,-0.02164,-0.79887,1.27666,0.03935,4.5048,15.0116,0.9507
79.46,-0.01088,-0.0268,-0.79776,1.2762,0.05046,4.5019,15.0158,0.9489
79.48,-0.00936,-0.02711,-0.79598,1.27539,0.10295,4.4987,15.0197,0.9466
79.5,-0.00763,-0.02349,-0.79304,1.27517,0.16328,4.4955,15.0228,0.944
79.52,-0.00602,-0.01858,-0.78901,1.2761,0.20824,4.4923,15.0251,0.9413
79.54,-0.00473,-0.01393,-0.78447,1.2782,0.21639,4.4895,15.0265,0.9391
79.56,-0.00379,-0.0105,-0.78023,1.28107,0.18178,4.487,15.0271,0.9374
79.58,-0.00315,-0.00863,-0.77705,1.28411,0.1152,4.4852,15.0269,0.9366
79.6,-0.00276,-0.00776,-0.7754,1.28674,0.03257,4.484,15.026,0.9366
79.62,-0.00262,-0.00681,-0.77542,1.28851,-0.0478,4.4836,15.0245,0.9373
79.64,-0.00273,-0.00497,-0.77693,1.28918,-0.11405,4.484,15.0223,0.9386
79.66,-0.00308,-0.00161,-0.77956,1.28871,-0.15873,4.4852,15.0194,0.9401
79.68,-0.00364,0.00371,-0.78282,1.28723,-0.17927,4.4871,15.0159,0.9417
79.7,-0.00435,0.00287,-0.78632,1.28505,-0.18375,4.4896,15.0117,0.943
79.72,-0.00585,0.00246,-0.78956,1.28232,-0.14686,4.4925,15.0069,0.9438
79.74,-0.00757,0.00226,-0.79182,1.27974,-0.09142,4.4956,15.0016,0.9441
79.76,-0.0089,0.00214,-0.79235,1.27905,0.01646,4.4988,14.996,0.9439
79.78,-0.01034,0.00209,-0.791,1.28005,0.08865,4.502,14.9904,0.9437
79.8,-0.01186,0.00219,-0.78873,1.28198,0.11032,4.505,14.985,0.9436
79.82,-0.0133,0.00238,-0.78643,1.28425,0.09443,4.5077,14.9799,0.9439
79.84,-0.01452,0.00261,-0.78474,1.28641,0.05313,4.5098,14.9753,0.9447
79.86,-0.01545,0.00287,-0.78399,1.28816,0.00256,4.5113,14.9713,0.9459
79.88,-0.01604,0.00309,-0.78426,1.28933,-0.04621,4.5123,14.9678,0.9475
79.9,-0.01635,0.00322,-0.78539,1.28988,-0.08448,4.5127,14.9651,0.9495
79.92,-0.01642,0.00324,-0.78717,1.28982,-0.11042,4.5126,14.963,0.9516
79.94,-0.01629,0.0031,-0.78938,1.28926,-0.12952,4.512,14.9616,0.9538
79.96,-0.01605,0.00283,-0.79185,1.28829,-0.13473,4.511,14.9609,0.956
79.98,-0.01572,0.00252,-0.79427,1.28701,-0.12611,4.5097,14.9608,0.9581
80.0,-0.01531,0.00232,-0.79641,1.28549,-0.1075,4.5081,14.9614,0.9599
80.02,-0.01477,0.00227,-0.7981,1.28384,-0.08227,4.5063,14.9625,0.9615
80.04,-0.01407,0.00237,-0.79927,1.28217,-0.05633,4.5044,14.964,0.9626
80.06,-0.01324,0.00257,-0.79995,1.28064,-0.03362,4.5025,14.9657,0.9634
80.08,-0.01236,0.00281,-0.8002,1.27938,-0.01304,4.5005,14.9677,0.9638
80.1,-0.01149,0.00307,-0.80004,1.2785,0.00712,4.4987,14.9699,0.9638
80.12,-0.01068,0.00332,-0.79953,1.27804,0.02193,4.4971,14.9721,0.9635
80.14,-0.00997,0.00359,-0.79875,1.27803,0.03372,4.4957,14.9744,0.963
80.16,-0.00939,0.00383,-0.79778,1.27837,0.04137,4.4947,14.9767,0.9624
80.18,-0.00894,0.00415,-0.79667,1.27902,0.04877,4.4941,14.979,0.9617
80.2,-0.00862,0.00455,-0.79541,1.27986,0.05577,4.4939,14.9813,0.9611
80.22,-0.0084,0.00498,-0.79417,1.28084,0.04725,4.4941,14.9836,0.9605
80.24,-0.00829,0.00542,-0.79333,1.28169,0.01643,4.4947,14.9858,0.9599
80.26,-0.00831,0.00584,-0.79326,1.28202,-0.02792,4.4958,14.9881,0.9593
80.28,-0.00842,0.00624,-0.79408,1.28155,-0.07071,4.4973,14.9902,0.9586
80.3,-0.00862,0.00662,-0.79557,1.28028,-0.09404,4.499,14.9923,0.9575
80.32,-0.00889,0.00694,-0.79721,1.27846,-0.0874,4.501,14.9942,0.9558
80.34,-0.00917,0.00721,-0.79841,1.27646,-0.05084,4.503,14.996,0.9535
80.36,-0.00942,0.00747,-0.79864,1.27472,0.00664,4.505,14.9974,0.9505
80.38,-0.00961,0.00819,-0.79763,1.27365,0.06794,4.507,14.9986,0.947
80.4,-0.00979,0.01005,-0.79544,1.27355,0.12409,4.5087,14.9994,0.943
80.42,-0.00996,0.01271,-0.79219,1.2745,0.17458,4.5102,14.9998,0.9388
80.44,-0.01016,0.01495,-0.78805,1.27641,0.21319,4.5113,14.9999,0.9347
80.46,-0.01028,0.01626,-0.78332,1.27915,0.23543,4.5121,14.9996,0.9309
80.48,-0.0103,0.01676,-0.77837,1.28252,0.23426,4.5124,14.999,0.9277
80.5,-0.0102,0.01671,-0.77371,1.28627,0.20769,4.5124,14.9981,0.9252
80.52,-0.01005,0.01645,-0.76982,1.29008,0.15894,4.5121,14.9968,0.9236
80.54,-0.00993,0.01603,-0.76706,1.29362,0.09624,4.5114,14.9953,0.9231
80.56,-0.00984,0.01568,-0.76563,1.29658,0.02726,4.5105,14.9936,0.9237
80.58,-0.00979,0.01529,-0.7656,1.29868,-0.04226,4.5094,14.9918,0.9253
80.6,-0.00971,0.01483,-0.76689,1.29973,-0.10354,4.5081,14.9898,0.9277
80.62,-0.00955,0.01428,-0.76934,1.29964,-0.15621,4.5066,14.9877,0.931
80.64,-0.0099,0.0143,-0.77262,1.29825,-0.1893,4.5049,14.9853,0.9347
80.66,-0.00992,0.01428,-0.77608,1.29647,-0.17167,4.5031,14.9827,0.9386
80.68,-0.00981,0.01429,-0.77901,1.29497,-0.14319,4.5013,14.9799,0.9428
80.7,-0.00979,0.01424,-0.78149,1.29371,-0.1274,4.4995,14.9771,0.9472
80.72,-0.00988,0.01417,-0.78382,1.29255,-0.12789,4.4979,14.9741,0.9517
80.74,-0.01009,0.01406,-0.78638,1.29133,-0.14739,4.4964,14.9713,0.9563
80.76,-0.01042,0.01403,-0.78947,1.28981,-0.17942,4.4951,14.9686,0.9609
80.78,-0.01087,0.01424,-0.79324,1.28768,-0.2129,4.494,14.9662,0.9654
80.8,-0.01136,0.01468,-0.79762,1.28469,-0.23704,4.4931,14.9641,0.9693
80.82,-0.01178,0.01511,-0.80228,1.28087,-0.24088,4.4924,14.9623,0.9726
80.84,-0.01204,0.01539,-0.80676,1.27654,-0.21995,4.4917,14.9607,0.9747
80.86,-0.01208,0.01541,-0.81056,1.27218,-0.17537,4.4911,14.9594,0.9756
80.88,-0.01194,0.01519,-0.81324,1.2683,-0.11101,4.4906,14.9583,0.9752
80.9,-0.01161,0.01475,-0.81449,1.26531,-0.03615,4.4902,14.9573,0.9735
80.92,-0.01105,0.01424,-0.81427,1.26346,0.03378,4.4898,14.9565,0.9707
80.94,-0.01027,0.0212,-0.81277,1.26274,0.08761,4.4894,14.9558,0.9669
80.96,-0.00931,0.0338,-0.81041,1.26302,0.11879,4.489,14.9551,0.9624
80.98,-0.00811,0.05551,-0.80766,1.26418,0.13031,4.4888,14.9544,0.9574
81.0,-0.00676,0.07862,-0.80485,1.26602,0.1264,4.4886,14.9537,0.9521
81.02,-0.0057,0.09438,-0.80246,1.26815,0.08961,4.4888,14.9529,0.9467
81.04,-0.00546,0.09067,-0.80108,1.27006,0.03879,4.4895,14.9521,0.9414
81.06,-0.00718,0.05192,-0.80042,1.27067,0.02105,4.4907,14.9511,0.9358
81.08,-0.00834,0.02875,-0.79928,1.27131,0.09508,4.4924,14.9497,0.9297
81.1,-0.00877,0.0095,-0.79596,1.2737,0.2188,4.4948,14.9481,0.9235
81.12,-0.00915,-0.00792,-0.79035,1.27807,0.3134,4.4979,14.9462,0.9174
81.14,-0.0099,-0.01886,-0.78339,1.28397,0.35168,4.5015,14.9443,0.912
81.16,-0.01102,-0.01951,-0.77628,1.29071,0.32833,4.5056,14.9425,0.9076
81.18,-0.01232,-0.01972,-0.77023,1.29754,0.24698,4.5098,14.941,0.9048
81.2,-0.01371,-0.01935,-0.76627,1.3036,0.1248,4.5141,14.9401,0.9038
81.22,-0.01505,-0.0183,-0.76499,1.30813,-0.01541,4.5182,14.9401,0.9045
81.24,-0.01625,-0.01657,-0.76646,1.31058,-0.14697,4.5219,14.941,0.9068
81.26,-0.0172,-0.01423,-0.77024,1.31074,-0.24406,4.5252,14.9431,0.9103
81.28,-0.01782,-0.01145,-0.77551,1.30873,-0.29528,4.5279,14.946,0.9146
81.3,-0.01807,-0.00852,-0.78128,1.305,-0.29434,4.5298,14.9498,0.9192
81.32,-0.01793,-0.00559,-0.78647,1.30022,-0.23996,4.531,14.9542,0.9236
81.34,-0.01739,-0.00305,-0.79036,1.29513,-0.16694,4.5315,14.959,0.9277
81.36,-0.01646,-0.00124,-0.79288,1.28998,-0.10506,4.5313,14.9638,0.9312
81.38,-0.01517,-0.00015,-0.79424,1.28502,-0.05269,4.5305,14.9684,0.9337
81.4,-0.01378,0.00049,-0.7945,1.28097,0.00422,4.5291,14.9726,0.9354
81.42,-0.01259,0.00108,-0.7936,1.27843,0.06097,4.5274,14.9764,0.9364
81.44,-0.01178,0.00161,-0.79168,1.2775,0.10587,4.5254,14.9797,0.937
81.46,-0.01124,0.00216,-0.78902,1.27804,0.13471,4.5231,14.9826,0.9375
81.48,-0.01084,0.00288,-0.78602,1.27967,0.1417,4.5207,14.9852,0.9382
81.5,-0.01049,0.00376,-0.78307,1.28198,0.12898,4.5182,14.9875,0.9393
81.52,-0.01018,0.00468,-0.78059,1.28448,0.09419,4.5156,14.9896,0.9409
81.54,-0.00991,0.00556,-0.77903,1.28666,0.03822,4.513,14.9916,0.9431
81.56,-0.00975,0.00634,-0.77874,1.2881,-0.0312,4.5104,14.9933,0.9457
81.58,-0.00973,0.00696,-0.77989,1.28847,-0.10471,4.5077,14.9949,0.9487
81.6,-0.00977,0.00745,-0.78246,1.28752,-0.15891,4.505,14.9964,0.9518
81.62,-0.00864,0.00822,-0.78502,1.28532,-0.11493,4.502,14.9973,0.9545
81.64,-0.00799,0.0084,-0.787,1.2834,-0.10409,4.499,14.9978,0.957
81.66,-0.00748,0.00829,-0.78883,1.28182,-0.09612,4.4959,14.9978,0.9593
81.68,-0.00693,0.00796,-0.79045,1.28047,-0.08344,4.493,14.9975,0.9614
81.7,-0.00632,0.0071,-0.79184,1.27927,-0.0728,4.4903,14.9967,0.9633
81.72,-0.00572,0.0062,-0.79307,1.2782,-0.06728,4.488,14.9954,0.9648
81.74,-0.00519,0.00606,-0.79425,1.27718,-0.06799,4.486,14.9936,0.9661
81.76,-0.00531,0.00616,-0.79537,1.27599,-0.05228,4.4845,14.9914,0.967
81.78,-0.00558,0.00571,-0.79592,1.27513,-0.01495,4.4835,14.9885,0.9674
81.8,-0.0055,0.00486,-0.79519,1.27601,0.06545,4.483,14.9854,0.9675
81.82,-0.00563,0.0036,-0.79309,1.27838,0.11575,4.4832,14.9821,0.9678
81.84,-0.0061,0.00217,-0.79049,1.28149,0.11677,4.4839,14.9789,0.9684
81.86,-0.00688,0.00063,-0.78829,1.28464,0.07692,4.4851,14.9757,0.9696
81.88,-0.00784,-0.00077,-0.78717,1.28719,0.01224,4.4866,14.9728,0.9713
81.9,-0.00885,-0.00201,-0.78747,1.2887,-0.06061,4.4884,14.9703,0.9734
81.92,-0.00981,-0.00307,-0.78913,1.28899,-0.12254,4.4903,14.9681,0.9759
81.94,-0.01067,-0.00386,-0.79179,1.28814,-0.16058,4.4923,14.9664,0.9784
81.96,-0.01141,-0.00439,-0.79494,1.28641,-0.17029,4.4942,14.9651,0.9807
81.98,-0.01203,-0.00466,-0.798,1.28416,-0.15393,4.4962,14.9642,0.9827
82.0,-0.01252,-0.00472,-0.80052,1.28177,-0.11744,4.4982,14.9637,0.9842
82.02,-0.01287,-0.00455,-0.80221,1.27961,-0.07124,4.5001,14.9636,0.9852
82.04,-0.01311,-0.00417,-0.80289,1.27792,-0.01791,4.502,14.9638,0.9856
82.06,-0.01318,-0.00369,-0.80272,1.27685,0.01105,4.5038,14.9643,0.9855
82.08,-0.01322,-0.00313,-0.80226,1.27627,0.01222,4.5057,14.9652,0.985
82.1,-0.01327,-0.00246,-0.80194,1.2759,-1e-05,4.5076,14.9665,0.984
82.12,-0.01332,-0.0017,-0.8019,1.27551,-0.01555,4.5095,14.9681,0.9825
82.14,-0.01336,-0.00081,-0.80208,1.27499,-0.02133,4.5113,14.97,0.9806
82.16,-0.0134,0.00018,-0.80221,1.27437,-0.01109,4.513,14.9723,0.9782
82.18,-0.01335,0.00121,-0.80198,1.27372,0.0126,4.5146,14.9749,0.9752
82.2,-0.01322,0.00229,-0.80117,1.27318,0.04755,4.516,14.9775,0.9716
82.22,-0.01299,0.00342,-0.79959,1.27291,0.08763,4.5171,14.9802,0.9676
82.24,-0.01266,0.0045,-0.7972,1.27303,0.12728,4.5178,14.9828,0.9631
82.26,-0.01226,0.0058,-0.79413,1.27366,0.15544,4.5182,14.9852,0.9584
82.28,-0.01182,0.00773,-0.79064,1.27487,0.1685,4.5182,14.9872,0.9535
82.3,-0.01147,0.00963,-0.78686,1.27667,0.18579,4.5178,14.9889,0.9486
82.32,-0.01113,0.01087,-0.78274,1.27906,0.2026,4.5171,14.9902,0.9441
82.34,-0.01073,0.01161,-0.7784,1.28202,0.20798,4.5159,14.991,0.94
82.36,-0.01029,0.012,-0.77413,1.28547,0.1957,4.5146,14.9914,0.9366
82.38,-0.00989,0.01226,-0.7703,1.28922,0.1648,4.513,14.9914,0.934
82.4,-0.00958,0.01241,-0.76726,1.29296,0.11741,4.5113,14.9911,0.9326
82.42,-0.00938,0.01251,-0.76531,1.29634,0.05733,4.5095,14.9905,0.9322
82.44,-0.0093,0.01262,-0.76465,1.29904,-0.01042,4.5077,14.9897,0.933
82.46,-0.0093,0.01279,-0.76534,1.30081,-0.07692,4.5057,14.9889,0.9348
82.48,-0.00928,0.01309,-0.76727,1.30146,-0.13274,4.5037,14.9879,0.9375
82.5,-0.00921,0.01339,-0.7702,1.30106,-0.17593,4.5016,14.9869,0.9409
82.52,-0.00906,0.01314,-0.77367,1.29967,-0.18492,4.4994,14.9858,0.9448
82.54,-0.00853,0.01187,-0.77709,1.29769,-0.1722,4.4971,14.9844,0.9491
82.56,-0.00765,0.00995,-0.78028,1.29551,-0.16554,4.4948,14.9828,0.9535
82.58,-0.0075,0.00806,-0.7833,1.29298,-0.15455,4.4926,14.9809,0.958
82.6,-0.00727,0.00639,-0.78621,1.29063,-0.15207,4.4907,14.9786,0.9623
82.62,-0.00691,0.00467,-0.78871,1.28953,-0.12069,4.4891,14.9763,0.9666
82.64,-0.00696,0.003,-0.79088,1.28893,-0.12279,4.488,14.9741,0.9711
82.66,-0.00734,0.00155,-0.79339,1.28792,-0.15111,4.4874,14.9721,0.9756
82.68,-0.00787,0.00036,-0.79654,1.28604,-0.1818,4.4872,14.9703,0.9799
82.7,-0.00841,-0.00051,-0.80018,1.28324,-0.19895,4.4873,14.9688,0.9839
82.72,-0.00891,-0.00122,-0.80396,1.27977,-0.19589,4.4877,14.9674,0.9872
82.74,-0.00941,-0.0017,-0.80741,1.27606,-0.16561,4.4884,14.9661,0.9896
82.76,-0.00992,-0.00195,-0.81002,1.27258,-0.11435,4.4895,14.965,0.9911
82.78,-0.01045,-0.00201,-0.81147,1.26974,-0.05047,4.4909,14.9639,0.9915
82.8,-0.01102,-0.0019,-0.81159,1.26784,0.01701,4.4926,14.963,0.9909
82.82,-0.0116,-0.00165,-0.81041,1.26704,0.08002,4.4946,14.9623,0.9895
82.84,-0.01216,-0.0013,-0.80807,1.26739,0.13167,4.4967,14.9617,0.9874
82.86,-0.01265,-0.00086,-0.80486,1.26882,0.1676,4.499,14.9614,0.9849
82.88,-0.01302,-0.00036,-0.80115,1.27119,0.17986,4.5013,14.9613,0.9822
82.9,-0.01328,0.00022,-0.79739,1.27427,0.17331,4.5035,14.9617,0.9795
82.92,-0.01338,0.00097,-0.79394,1.27775,0.14795,4.5056,14.9625,0.977
82.94,-0.01345,0.00204,-0.79131,1.28121,0.0912,4.5076,14.9639,0.975
82.96,-0.01355,0.00341,-0.79009,1.28399,0.01001,4.5095,14.966,0.9735
82.98,-0.01364,0.00506,-0.79052,1.28548,-0.0703,4.5111,14.9687,0.9723
83.0,-0.01366,0.00683,-0.79232,1.28544,-0.12511,4.5126,14.972,0.9711
83.02,-0.01351,0.00859,-0.79481,1.28404,-0.13938,4.5138,14.9757,0.9697
83.04,-0.01318,0.01028,-0.79715,1.28174,-0.11204,4.5147,14.9798,0.9679
83.06,-0.01267,0.0118,-0.79861,1.2791,-0.05321,4.5154,14.9838,0.9653
83.08,-0.01208,0.01147,-0.79877,1.27666,0.01071,4.5158,14.9877,0.9621
83.1,-0.01151,0.01025,-0.79769,1.27493,0.0706,4.516,14.9913,0.9581
83.12,-0.01113,0.01415,-0.79531,1.27425,0.14219,4.5158,14.9945,0.9537
83.14,-0.01079,0.02106,-0.79146,1.27483,0.21617,4.5153,14.9971,0.9491
83.16,-0.01037,0.02292,-0.78628,1.27679,0.27491,4.5146,14.9992,0.9445
83.18,-0.00987,0.02306,-0.78023,1.28004,0.30328,4.5136,15.0007,0.9404
83.2,-0.00932,0.02274,-0.77408,1.28424,0.28412,4.5124,15.0016,0.937
83.22,-0.00883,0.0222,-0.76874,1.2889,0.22396,4.5112,15.0019,0.9347
83.24,-0.00848,0.02156,-0.76491,1.29346,0.13663,4.51,15.0019,0.9335
83.26,-0.00826,0.02082,-0.76293,1.29742,0.04131,4.5088,15.0016,0.9337
83.28,-0.00812,0.02008,-0.76287,1.30035,-0.05425,4.5076,15.0011,0.935
83.3,-0.00799,0.01929,-0.76462,1.30197,-0.13926,4.5064,15.0006,0.9374
83.32,-0.0078,0.01837,-0.76791,1.30217,-0.2065,4.5052,15.0,0.9408
83.34,-0.00747,0.01632,-0.77236,1.30099,-0.25419,4.504,14.9993,0.9447
83.36,-0.00702,0.012,-0.77756,1.29855,-0.28266,4.5029,14.9986,0.949
83.38,-0.00645,0.00722,-0.7831,1.29508,-0.28906,4.5019,14.9976,0.9533
83.4,-0.00589,0.00388,-0.78863,1.29081,-0.28132,4.5011,14.9963,0.9574
83.42,-0.00548,0.00248,-0.79393,1.28601,-0.26429,4.5004,14.9945,0.9609
83.44,-0.00539,0.00339,-0.79878,1.28106,-0.23459,4.5002,14.9923,0.9638
83.46,-0.00539,0.00596,-0.80282,1.27633,-0.18246,4.5003,14.9895,0.9657
83.48,-0.00578,0.01006,-0.80574,1.27187,-0.10284,4.501,14.9862,0.9665
83.5,-0.00789,0.00992,-0.80703,1.26764,-0.04109,4.502,14.982,0.966
83.52,-0.00871,0.00951,-0.80604,1.26648,0.12399,4.5036,14.9774,0.9644
83.54,-0.00975,0.00914,-0.80212,1.2682,0.23522,4.5056,14.9727,0.9623
83.56,-0.01128,0.00885,-0.79691,1.27151,0.25465,4.5079,14.9679,0.96
83.58,-0.01312,0.00869,-0.79187,1.27555,0.22693,4.5101,14.9633,0.958
83.6,-0.01506,0.00867,-0.78764,1.27973,0.17569,4.5121,14.9592,0.9564
83.62,-0.01686,0.00881,-0.78461,1.28355,0.10963,4.5135,14.9557,0.9554
83.64,-0.0183,0.00898,-0.78295,1.2867,0.04526,4.5143,14.953,0.955
83.66,-0.01872,0.00922,-0.7822,1.28902,0.01209,4.5144,14.9511,0.9552
83.68,-0.01882,0.00954,-0.78219,1.29085,-0.0316,4.5136,14.9501,0.9559
83.7,-0.01855,0.0102,-0.78293,1.29214,-0.06243,4.5121,14.95,0.957
83.72,-0.01789,0.01114,-0.78416,1.29292,-0.0836,4.5099,14.9508,0.9587
83.74,-0.01703,0.0122,-0.78586,1.29309,-0.10992,4.5071,14.9525,0.9607
83.76,-0.01598,0.01334,-0.78808,1.29249,-0.13259,4.5038,14.955,0.963
83.78,-0.01475,0.01448,-0.79062,1.29108,-0.14276,4.5001,14.9582,0.9654
83.8,-0.01336,0.01562,-0.79322,1.28901,-0.13802,4.4961,14.9618,0.9677
83.82,-0.01188,0.01665,-0.7956,1.28652,-0.12019,4.4921,14.9656,0.9698
83.84,-0.01038,0.01756,-0.79752,1.28388,-0.09317,4.4882,14.9694,0.9714
83.86,-0.00895,0.01829,-0.79885,1.28135,-0.06242,4.4846,14.973,0.9725
83.88,-0.00768,0.01888,-0.79959,1.27911,-0.03367,4.4814,14.9763,0.9731
83.9,-0.00663,0.01936,-0.79979,1.27729,-0.00968,4.4788,14.9792,0.9732
83.92,-0.00583,0.01972,-0.79958,1.27592,0.00839,4.4768,14.9815,0.9728
83.94,-0.0053,0.02002,-0.79906,1.27499,0.02253,4.4755,14.9834,0.9719
83.96,-0.00505,0.02032,-0.7983,1.27446,0.03358,4.4748,14.9846,0.9707
83.98,-0.00505,0.02061,-0.79734,1.27429,0.04243,4.4748,14.9853,0.969
84.0,-0.00631,0.02087,-0.79532,1.27368,0.11604,4.4752,14.9857,0.9668
84.02,-0.00735,0.02105,-0.79279,1.2728,0.11213,4.4753,14.986,0.9642
84.04,-0.00738,0.02117,-0.79048,1.27237,0.09922,4.475,14.9863,0.9614
84.06,-0.00681,0.02124,-0.78831,1.27262,0.09851,4.4745,14.9865,0.9586
84.08,-0.00606,0.02129,-0.78607,1.27349,0.105,4.4739,14.9865,0.9558
84.1,-0.00538,0.0214,-0.78368,1.27481,0.11164,4.4734,14.9864,0.9531
84.12,-0.0045,0.02152,-0.78081,1.27399,0.1573,4.473,14.986,0.9507
84.14,-0.00378,0.02171,-0.7768,1.27155,0.21348,4.473,14.9854,0.9483
84.16,-0.00349,0.02198,-0.772,1.26925,0.23623,4.4733,14.9843,0.946
84.18,-0.00363,0.02233,-0.76717,1.26759,0.21991,4.4739,14.9829,0.944
84.2,-0.00405,0.0227,-0.76288,1.26633,0.18571,4.4745,14.9812,0.9424
84.22,-0.00462,0.02308,-0.75935,1.26512,0.14512,4.4751,14.9793,0.9412
84.24,-0.00525,0.02343,-0.75664,1.26373,0.10498,4.4756,14.9773,0.9405
84.26,-0.00588,0.02372,-0.75468,1.26198,0.07062,4.4759,14.9753,0.9403
84.28,-0.0065,0.02392,-0.75332,1.25972,0.04308,4.4759,14.9734,0.9406
84.3,-0.00707,0.02405,-0.75248,1.25693,0.01797,4.4756,14.9716,0.9414
84.32,-0.00759,0.0241,-0.75211,1.25355,-0.00363,4.4751,14.9701,0.9428
84.34,-0.00801,0.02408,-0.75216,1.24956,-0.02501,4.4742,14.9689,0.9446
84.36,-0.00832,0.024,-0.75262,1.24494,-0.04468,4.4731,14.968,0.9468
84.38,-0.0085,0.02387,-0.75343,1.23963,-0.05938,4.4716,14.9674,0.9494
84.4,-0.00849,0.02371,-0.75446,1.23357,-0.06738,4.4699,14.9672,0.9522
84.42,-0.00828,0.02353,-0.7555,1.22669,-0.06271,4.468,14.9674,0.955
84.44,-0.00785,0.02335,-0.75631,1.21892,-0.04609,4.4659,14.9679,0.9579
84.46,-0.00717,0.02319,-0.75662,1.21025,-0.01535,4.4637,14.9687,0.9606
84.48,-0.00626,0.02304,-0.75615,1.2007,0.02905,4.4615,14.9697,0.9629
84.5,-0.00511,0.02292,-0.75466,1.19038,0.08532,4.4593,14.971,0.9649
84.52,-0.00374,0.02284,-0.75194,1.17937,0.14898,4.4572,14.9725,0.9664
84.54,-0.00216,0.02277,-0.7479,1.16781,0.21509,4.4552,14.9742,0.9673
84.56,-0.00038,0.02276,-0.74256,1.15581,0.27896,4.4534,14.9759,0.9676
84.58,0.0016,0.02276,-0.73598,1.1435,0.33727,4.4519,14.9777,0.9673
84.6,0.00377,0.02278,-0.72832,1.13098,0.38666,4.4506,14.9796,0.9665
84.62,0.00613,0.02285,-0.71976,1.11828,0.4272,4.4495,14.9815,0.9651
84.64,0.00867,0.02293,-0.71047,1.10544,0.46007,4.4487,14.9835,0.9634
84.66,0.01142,0.02301,-0.7006,1.09244,0.48474,4.4481,14.9854,0.9612
84.68,0.01437,0.02311,-0.69028,1.07924,0.50414,4.4478,14.9874,0.9587
84.7,0.01752,0.02323,-0.67961,1.0658,0.51837,4.4477,14.9893,0.9559
84.72,0.0209,0.02334,-0.66869,1.05204,0.52962,4.4477,14.9913,0.9528
84.74,0.02447,0.02346,-0.65757,1.03792,0.53863,4.4478,14.9932,0.9496
84.76,0.02824,0.02356,-0.64627,1.02339,0.54749,4.4481,14.9951,0.9462
84.78,0.03219,0.02362,-0.63477,1.00843,0.55833,4.4484,14.9969,0.9426
84.8,0.0363,0.02364,-0.62303,0.99302,0.57123,4.4487,14.9987,0.9389
84.82,0.04055,0.02363,-0.61098,0.97718,0.58782,4.4491,15.0004,0.935
84.84,0.0449,0.02358,-0.59856,0.96096,0.60788,4.4494,15.0019,0.931
84.86,0.04932,0.02348,-0.5857,0.94441,0.63075,4.4497,15.0033,0.9269
84.88,0.05378,0.02336,-0.57237,0.92764,0.65369,4.4499,15.0045,0.9227
84.9,0.05825,0.02322,-0.55863,0.91074,0.67266,4.45,15.0054,0.9184
84.92,0.06268,0.02307,-0.54458,0.89383,0.68545,4.4499,15.0061,0.9141
84.94,0.06704,0.0229,-0.53038,0.87703,0.68778,4.4496,15.0066,0.9099
84.96,0.0713,0.02277,-0.51627,0.86043,0.67897,4.4492,15.0068,0.9059
84.98,0.07544,0.02264,-0.50248,0.84406,0.65835,4.4485,15.0068,0.9021
85.0,0.07945,0.0225,-0.48923,0.82794,0.62684,4.4477,15.0065,0.8985
85.02,0.08332,0.02239,-0.47671,0.81205,0.58759,4.4467,15.006,0.8954
85.04,0.08211,0.02237,-0.46405,0.79724,0.6001,4.446,15.0054,0.8928
85.06,0.08083,0.0224,-0.45211,0.78227,0.55335,4.4456,15.0046,0.8909
85.08,0.07973,0.0224,-0.44124,0.76705,0.49623,4.4454,15.0036,0.8897
85.1,0.07873,0.02237,-0.4316,0.75161,0.43339,4.4455,15.0024,0.8891
85.12,0.07775,0.02231,-0.42325,0.73597,0.36859,4.4457,15.001,0.8892
85.14,0.07674,0.02221,-0.41621,0.72013,0.30563,4.446,14.9995,0.8899
85.16,0.0757,0.02209,-0.41043,0.70408,0.24449,4.4464,14.998,0.891
85.18,0.07452,0.02202,-0.40582,0.68784,0.19315,4.4469,14.9964,0.8925
85.2,0.07283,0.02189,-0.4022,0.67141,0.14694,4.4472,14.9949,0.8942
85.22,0.07105,0.02171,-0.39938,0.65486,0.1148,4.4471,14.9936,0.896
85.24,0.06927,0.02152,-0.397,0.63819,0.10285,4.4469,14.9925,0.8978
85.26,0.06759,0.02133,-0.39455,0.6214,0.11908,4.4465,14.9917,0.8995
85.28,0.066,0.02117,-0.3916,0.60452,0.14863,4.4461,14.991,0.9009
85.3,0.06441,0.02103,-0.38792,0.5876,0.19162,4.4458,14.9905,0.9019
85.32,0.06284,0.02091,-0.38325,0.57086,0.24637,4.4455,14.9902,0.9024
85.34,0.0613,0.02083,-0.37747,0.55447,0.2982,4.4452,14.9899,0.9024
85.36,0.05972,0.02079,-0.37072,0.53855,0.34582,4.445,14.9897,0.9017
85.38,0.05811,0.02079,-0.36306,0.52323,0.38872,4.445,14.9896,0.9005
85.4,0.05646,0.02087,-0.35464,0.50867,0.42106,4.4451,14.9894,0.8987
85.42,0.05475,0.02094,-0.34572,0.49487,0.44026,4.4453,14.9892,0.8963
85.44,0.05317,0.02107,-0.33651,0.48185,0.4547,4.4457,14.9889,0.8935
85.46,0.0515,0.02123,-0.32708,0.46963,0.45865,4.4463,14.9886,0.8904
85.48,0.04983,0.02146,-0.31763,0.45814,0.4572,4.4472,14.9882,0.8869
85.5,0.04849,0.0217,-0.30836,0.44721,0.44783,4.4481,14.9878,0.8832
85.52,0.04693,0.02196,-0.29924,0.43691,0.43788,4.4492,14.9872,0.8794
85.54,0.04539,0.02222,-0.29034,0.42716,0.42582,4.4505,14.9866,0.8755
85.56,0.04435,0.02248,-0.28189,0.41776,0.40622,4.4518,14.986,0.8715
85.58,0.04298,0.02275,-0.27373,0.40883,0.38711,4.4533,14.9853,0.8675
85.6,0.04207,0.02299,-0.26608,0.40018,0.36341,4.4547,14.9845,0.8636
85.62,0.04089,0.02321,-0.25887,0.39187,0.33789,4.4562,14.9838,0.8598
85.64,0.03975,0.02339,-0.25212,0.38387,0.31648,4.4577,14.983,0.856
85.66,0.03915,0.02353,-0.24594,0.37606,0.29124,4.4592,14.9822,0.8523
85.68,0.03822,0.02363,-0.24013,0.36858,0.27182,4.4606,14.9814,0.8488
85.7,0.03734,0.02368,-0.2346,0.36139,0.26175,4.462,14.9806,0.8453
85.72,0.03655,0.0237,-0.22923,0.35457,0.25531,4.4632,14.9797,0.8419
85.74,0.04045,0.02354,-0.22601,0.34702,0.08112,4.4636,14.9787,0.8385
85.76,0.0404,0.02331,-0.22425,0.33933,0.09674,4.4629,14.9775,0.8346
85.78,0.04016,0.02303,-0.2213,0.33287,0.17889,4.4616,14.9762,0.8304
85.8,0.03987,0.02274,-0.21672,0.32789,0.25441,4.4601,14.9751,0.8262
85.82,0.03957,0.02245,-0.21101,0.32439,0.2924,4.4585,14.9742,0.8221
85.84,0.03996,0.02217,-0.20495,0.3221,0.28463,4.4568,14.9733,0.8183
85.86,0.04004,0.02188,-0.19933,0.32069,0.25895,4.4552,14.9724,0.8149
85.88,0.04008,0.02163,-0.19421,0.32009,0.2327,4.4535,14.9716,0.8121
85.9,0.04011,0.02139,-0.18977,0.32012,0.19124,4.4519,14.9708,0.81
85.92,0.04012,0.02119,-0.18624,0.32054,0.14829,4.4503,14.97,0.8086
85.94,0.04011,0.02101,-0.18359,0.32119,0.09749,4.449,14.9692,0.8081
85.96,0.04007,0.02084,-0.18206,0.32175,0.03778,4.4479,14.9686,0.8083
85.98,0.04003,0.02069,-0.18173,0.32197,-0.02062,4.4469,14.968,0.8094
86.0,0.03998,0.0205,-0.18257,0.32169,-0.07906,4.446,14.9674,0.8111
86.02,0.03994,0.02031,-0.18444,0.32084,-0.12119,4.4453,14.967,0.8134
86.04,0.03991,0.02011,-0.18711,0.31944,-0.15823,4.4447,14.9665,0.816
86.06,0.03986,0.01989,-0.19035,0.31754,-0.17828,4.4441,14.9662,0.819
86.08,0.03983,0.01968,-0.19393,0.31522,-0.18987,4.4435,14.9659,0.822
86.1,0.03978,0.01948,-0.1976,0.3126,-0.18797,4.443,14.9656,0.8249
86.12,0.03973,0.01929,-0.20112,0.30984,-0.17477,4.4425,14.9654,0.8275
86.14,0.03967,0.01912,-0.20427,0.30708,-0.15122,4.442,14.9653,0.8299
86.16,0.03961,0.01896,-0.20688,0.3045,-0.11925,4.4415,14.9652,0.8318
86.18,0.03956,0.01885,-0.20882,0.30221,-0.08357,4.4409,14.965,0.8333
86.2,0.03952,0.01874,-0.21007,0.30033,-0.04974,4.4405,14.965,0.8343
86.22,0.03948,0.01864,-0.21065,0.29889,-0.01828,4.44,14.9649,0.8348
86.24,0.03946,0.01858,-0.21063,0.29793,0.00977,4.4396,14.9649,0.8349
86.26,0.03945,0.01857,-0.21014,0.2974,0.02963,4.4393,14.9649,0.8346
86.28,0.03945,0.01857,-0.2093,0.29727,0.04595,4.439,14.9649,0.8341
86.3,0.03945,0.01862,-0.2082,0.29744,0.05573,4.4388,14.965,0.8332
86.32,0.03946,0.0187,-0.20697,0.2979,0.0594,4.4386,14.9652,0.8322
86.34,0.03947,0.01881,-0.2057,0.29854,0.05978,4.4384,14.9654,0.8311
86.36,0.03948,0.01895,-0.20446,0.2993,0.05703,4.4383,14.9657,0.8299
86.38,0.03947,0.01911,-0.20328,0.30013,0.05208,4.4382,14.966,0.8287
86.4,0.03947,0.01929,-0.20223,0.30097,0.04323,4.4382,14.9663,0.8274
86.42,0.03946,0.01946,-0.20135,0.30177,0.03597,4.4383,14.9667,0.8262
86.44,0.03946,0.01961,-0.20066,0.30251,0.0261,4.4385,14.9671,0.8251
86.46,0.03944,0.01977,-0.20019,0.30315,0.01527,4.4387,14.9676,0.824
86.48,0.03944,0.01991,-0.19993,0.30365,0.00481,4.439,14.9681,0.823
86.5,0.03943,0.02003,-0.19988,0.30401,-0.00697,4.4394,14.9686,0.8221
86.52,0.03941,0.02014,-0.20002,0.30421,-0.0133,4.4398,14.9691,0.8212
86.54,0.03941,0.02025,-0.2003,0.30424,-0.02115,4.4403,14.9696,0.8203
86.56,0.03939,0.02035,-0.20069,0.3042,-0.02454,4.4408,14.9701,0.8194
86.58,0.03938,0.02041,-0.20113,0.30414,-0.02546,4.4413,14.9705,0.8184
86.6,0.03936,0.02045,-0.20153,0.30398,-0.01914,4.4418,14.9709,0.8174
86.62,0.03936,0.02048,-0.20178,0.30371,-0.01116,4.4423,14.9712,0.8164
86.64,0.03936,0.02047,-0.20186,0.30346,-0.00024,4.4427,14.9714,0.8152
86.66,0.03936,0.02043,-0.20168,0.30332,0.01245,4.4431,14.9715,0.814
86.68,0.03936,0.02038,-0.20121,0.30333,0.0293,4.4434,14.9714,0.8128
86.7,0.03937,0.02029,-0.20044,0.30354,0.04264,4.4436,14.9713,0.8115
86.72,0.03939,0.02017,-0.19943,0.304,0.05309,4.4438,14.971,0.8104
86.74,0.03941,0.02002,-0.19821,0.30467,0.05881,4.4438,14.9706,0.8093
86.76,0.03944,0.01985,-0.19689,0.30551,0.06257,4.4438,14.9702,0.8085
86.78,0.03947,0.01968,-0.19558,0.30645,0.05679,4.4437,14.9696,0.8079
86.8,0.03949,0.01947,-0.19439,0.30743,0.04669,4.4436,14.969,0.8076
86.82,0.03953,0.01927,-0.19342,0.30837,0.03601,4.4433,14.9683,0.8076
86.84,0.03956,0.01905,-0.19277,0.30919,0.01699,4.443,14.9676,0.808
86.86,0.03958,0.01883,-0.19247,0.30985,-0.00032,4.4427,14.967,0.8087
86.88,0.03959,0.01859,-0.19257,0.31026,-0.02119,4.4423,14.9664,0.8097
86.9,0.03961,0.01835,-0.19307,0.31042,-0.04073,4.4419,14.9658,0.811
86.92,0.0396,0.0181,-0.19397,0.3103,-0.06094,4.4415,14.9653,0.8125
86.94,0.0396,0.01786,-0.19523,0.30988,-0.07717,4.441,14.9649,0.8142
86.96,0.03958,0.0176,-0.19676,0.30915,-0.08786,4.4406,14.9645,0.816
86.98,0.03956,0.01738,-0.19847,0.30816,-0.09612,4.4402,14.9643,0.8177
87.0,0.03953,0.01716,-0.20023,0.30699,-0.09268,4.4397,14.9641,0.8194
87.02,0.03958,0.01698,-0.19802,0.30063,0.23426,4.4394,14.964,0.8207
87.04,0.03978,0.0168,-0.189,0.28732,0.57334,4.4392,14.9641,0.8211
87.06,0.04005,0.01662,-0.17567,0.27216,0.69587,4.4391,14.9642,0.8203
87.08,0.04037,0.0165,-0.16141,0.25909,0.68862,4.4392,14.964,0.8186
87.1,0.04069,0.01643,-0.14791,0.24897,0.62979,4.4393,14.9636,0.816
87.12,0.04102,0.01641,-0.13591,0.24178,0.54961,4.4395,14.963,0.813
87.14,0.04132,0.01644,-0.1255,0.23705,0.47197,4.4397,14.9624,0.8097
87.16,0.04159,0.01649,-0.11646,0.23392,0.41247,4.4399,14.9617,0.8064
87.18,0.04184,0.01656,-0.1087,0.23192,0.34849,4.4401,14.961,0.8032
87.2,0.04208,0.01662,-0.10227,0.23087,0.28347,4.4403,14.9604,0.8003
87.22,0.04229,0.01669,-0.09719,0.2306,0.21539,4.4407,14.9599,0.7977
87.24,0.04248,0.01676,-0.09355,0.2309,0.14269,4.441,14.9595,0.7956
87.26,0.04264,0.01683,-0.09147,0.23169,0.06252,4.4415,14.9594,0.794
87.28,0.04277,0.01688,-0.09109,0.23284,-0.0238,4.442,14.9594,0.7929
87.3,0.04288,0.01695,-0.09247,0.23429,-0.10979,4.4426,14.9596,0.7924
87.32,0.04294,0.01702,-0.0956,0.23599,-0.1952,4.4432,14.96,0.7925
87.34,0.04297,0.01708,-0.10036,0.23791,-0.2715,4.4439,14.9606,0.7929
87.36,0.04297,0.01716,-0.10652,0.24004,-0.33471,4.4445,14.9613,0.7938
87.38,0.04293,0.01722,-0.11382,0.24241,-0.38397,4.445,14.9621,0.795
87.4,0.04286,0.01727,-0.122,0.24503,-0.4206,4.4456,14.963,0.7964
87.42,0.04275,0.0173,-0.13076,0.24796,-0.44328,4.4461,14.9639,0.798
87.44,0.04263,0.0173,-0.13983,0.25122,-0.45134,4.4465,14.9648,0.7996
87.46,0.04248,0.01728,-0.14891,0.25485,-0.44456,4.4468,14.9656,0.8011
87.48,0.04231,0.01724,-0.15769,0.25887,-0.42335,4.447,14.9663,0.8025
87.5,0.04213,0.01715,-0.16587,0.26327,-0.38801,4.447,14.9669,0.8038
87.52,0.04194,0.01706,-0.17315,0.26803,-0.3386,4.447,14.9674,0.8048
87.54,0.04175,0.01693,-0.17923,0.27311,-0.27622,4.4469,14.9677,0.8056
87.56,0.04155,0.01679,-0.18384,0.27847,-0.20071,4.4466,14.9679,0.8061
87.58,0.04133,0.01662,-0.18682,0.28403,-0.11963,4.4463,14.968,0.8064
87.6,0.0411,0.01645,-0.18804,0.2897,-0.03161,4.4459,14.968,0.8064
87.62,0.04086,0.01628,-0.18748,0.2954,0.05368,4.4456,14.968,0.8063
87.64,0.0406,0.0161,-0.18523,0.30096,0.13247,4.4453,14.9679,0.8062
87.66,0.04032,0.01593,-0.18146,0.30624,0.20042,4.4451,14.9679,0.8059
87.68,0.04004,0.01578,-0.1764,0.31111,0.2587,4.4449,14.9678,0.8057
87.7,0.03972,0.01563,-0.17027,0.31546,0.30485,4.4449,14.9678,0.8054
87.72,0.03958,0.01547,-0.16321,0.3193,0.35586,4.445,14.9679,0.8053
87.74,0.0396,0.01533,-0.15524,0.32269,0.38469,4.4454,14.9681,0.8052
87.76,0.03963,0.01521,-0.14696,0.32544,0.38879,4.4459,14.9683,0.8053
87.78,0.03967,0.01509,-0.13876,0.32749,0.37998,4.4465,14.9686,0.8055
87.8,0.03969,0.01499,-0.13079,0.3289,0.36657,4.4472,14.969,0.8057
87.82,0.0397,0.01491,-0.1231,0.32973,0.3533,4.448,14.9694,0.8061
87.84,0.03967,0.01485,-0.11569,0.33006,0.33956,4.4489,14.9698,0.8064
87.86,0.03963,0.01481,-0.10858,0.32998,0.32657,4.4497,14.9702,0.8066
87.88,0.03958,0.01475,-0.10172,0.32957,0.31513,4.4506,14.9707,0.8069
87.9,0.04408,0.01462,-0.09389,0.32956,0.51582,4.4515,14.9714,0.8072
87.92,0.04833,0.01451,-0.0844,0.33064,0.44326,4.4527,14.9727,0.8079
87.94,0.05125,0.0145,-0.07586,0.33148,0.37053,4.4541,14.9742,0.8089
87.96,0.05381,0.0145,-0.06916,0.33189,0.27252,4.4554,14.9759,0.8102
87.98,0.05644,0.0145,-0.0643,0.33193,0.18336,4.4565,14.9776,0.8118
88.0,0.05799,0.01451,-0.06118,0.33169,0.10977,4.4573,14.9794,0.8134
88.02,0.05963,0.01449,-0.05946,0.33135,0.04249,4.4578,14.9812,0.8151
88.04,0.06051,0.01446,-0.05914,0.33105,-0.01972,4.4581,14.983,0.8168
88.06,0.06148,0.01441,-0.06003,0.33099,-0.07881,4.4582,14.9847,0.8185
88.08,0.06216,0.01437,-0.06216,0.33131,-0.13818,4.4581,14.9865,0.8201
88.1,0.0626,0.01432,-0.06548,0.33211,-0.19247,4.4579,14.9881,0.8215
88.12,0.06286,0.01427,-0.06982,0.33347,-0.23461,4.4577,14.9896,0.8227
88.14,0.06304,0.01423,-0.07486,0.33552,-0.26551,4.4575,14.991,0.8237
88.16,0.06316,0.01419,-0.08047,0.33826,-0.28855,4.4573,14.9923,0.8245
88.18,0.06324,0.01417,-0.08649,0.34167,-0.30535,4.4573,14.9934,0.8251
88.2,0.06332,0.01413,-0.0928,0.34572,-0.31832,4.4574,14.9943,0.8255
88.22,0.0637,0.01409,-0.09919,0.35039,-0.32267,4.4575,14.9951,0.8258
88.24,0.06379,0.01404,-0.10566,0.35551,-0.32048,4.4578,14.9957,0.8259
88.26,0.06386,0.01396,-0.11198,0.36099,-0.30901,4.458,14.9961,0.8258
88.28,0.06394,0.01386,-0.11789,0.36673,-0.28525,4.4583,14.9963,0.8257
88.3,0.06405,0.01373,-0.12313,0.37262,-0.24661,4.4586,14.9963,0.8254
88.32,0.06423,0.01357,-0.1274,0.37856,-0.19395,4.4588,14.9962,0.8251
88.34,0.06452,0.01341,-0.13048,0.38443,-0.13262,4.4591,14.996,0.8248
88.36,0.06491,0.01323,-0.13228,0.39006,-0.07194,4.4592,14.9957,0.8245
88.38,0.06541,0.01304,-0.13273,0.39532,-0.00267,4.4593,14.9954,0.8243
88.4,0.06607,0.01284,-0.13175,0.4001,0.0649,4.4594,14.9951,0.8242
88.42,0.06687,0.01262,-0.12942,0.40427,0.12819,4.4593,14.9948,0.8242
88.44,0.06781,0.01241,-0.12583,0.40767,0.18577,4.4592,14.9945,0.8244
88.46,0.06902,0.0122,-0.12109,0.41026,0.24,4.459,14.9944,0.8248
88.48,0.07024,0.01199,-0.11534,0.41196,0.28354,4.4587,14.9943,0.8253
88.5,0.07154,0.0118,-0.10882,0.41271,0.31644,4.4584,14.9944,0.826
88.52,0.07288,0.01161,-0.10175,0.41253,0.33932,4.458,14.9945,0.8268
88.54,0.07425,0.01145,-0.09434,0.41149,0.35012,4.4576,14.9949,0.8277
88.56,0.0756,0.01131,-0.0869,0.40967,0.34625,4.4572,14.9953,0.8286
88.58,0.0769,0.0112,-0.07966,0.40717,0.33259,4.4567,14.9958,0.8296
88.6,0.0782,0.0111,-0.07277,0.40411,0.31477,4.4563,14.9964,0.8305
88.62,0.07939,0.01103,-0.06627,0.40064,0.29541,4.4558,14.997,0.8313
88.64,0.08047,0.01098,-0.06017,0.39687,0.27722,4.4555,14.9976,0.832
88.66,0.08139,0.01095,-0.05444,0.39291,0.25721,4.4551,14.9982,0.8325
88.68,0.08213,0.01094,-0.04911,0.38882,0.24352,4.4549,14.9987,0.8327
88.7,0.08281,0.01094,-0.04403,0.38479,0.23234,4.455,14.9991,0.8328
88.72,0.08326,0.01092,-0.0393,0.38094,0.2123,4.4552,14.9994,0.8327
88.74,0.08353,0.01091,-0.0352,0.37751,0.17748,4.4555,14.9996,0.8324
88.76,0.0836,0.01087,-0.03188,0.37456,0.13665,4.4558,14.9998,0.8319
88.78,0.08362,0.01082,-0.02914,0.37205,0.11919,4.4562,15.0,0.8314
88.8,0.08361,0.01076,-0.02704,0.37002,0.08013,4.4566,15.0002,0.8309
88.82,0.0836,0.0107,-0.02589,0.36857,0.03037,4.4571,15.0005,0.8304
88.84,0.08356,0.01065,-0.02587,0.36773,-0.02804,4.4576,15.0008,0.8301
88.86,0.08352,0.01063,-0.0271,0.36749,-0.09076,4.4583,15.0013,0.8299
88.88,0.08348,0.01062,-0.02964,0.36783,-0.15436,4.459,15.0018,0.8299
88.9,0.08344,0.01062,-0.03347,0.3687,-0.21763,4.4597,15.0024,0.8301
88.92,0.0834,0.01063,-0.03859,0.37007,-0.27871,4.4604,15.003,0.8306
88.94,0.08338,0.01064,-0.04496,0.37191,-0.34225,4.4612,15.0037,0.8314
88.96,0.08336,0.01064,-0.05251,0.37417,-0.39734,4.462,15.0044,0.8323
88.98,0.08334,0.01063,-0.06111,0.37679,-0.44428,4.4628,15.0051,0.8335
89.0,0.08333,0.01059,-0.07058,0.37973,-0.48147,4.4636,15.0057,0.8348
89.02,0.08332,0.01053,-0.0806,0.38293,-0.50089,4.4643,15.0061,0.8362
89.04,0.08332,0.01046,-0.09079,0.38633,-0.49932,4.4649,15.0065,0.8377
89.06,0.08333,0.01037,-0.10073,0.38985,-0.47611,4.4655,15.0068,0.8392
89.08,0.08333,0.01026,-0.10994,0.39344,-0.43088,4.466,15.0069,0.8406
89.1,0.08333,0.01012,-0.11802,0.397,-0.37017,4.4663,15.0068,0.8418
89.12,0.08334,0.00995,-0.12468,0.40044,-0.29494,4.4665,15.0066,0.843
89.14,0.08334,0.00979,-0.12969,0.40368,-0.21283,4.4666,15.0063,0.844
89.16,0.08334,0.00959,-0.13294,0.40661,-0.1251,4.4664,15.0059,0.8448
89.18,0.08334,0.00941,-0.13439,0.40911,-0.03865,4.4662,15.0054,0.8455
89.2,0.08333,0.00922,-0.13409,0.41108,0.04435,4.4657,15.0049,0.846
89.22,0.08334,0.00902,-0.13211,0.41243,0.1227,4.4651,15.0043,0.8463
89.24,0.08334,0.00882,-0.12858,0.41308,0.19565,4.4644,15.0038,0.8465
89.26,0.08334,0.00865,-0.12366,0.41299,0.25956,4.4636,15.0032,0.8465
89.28,0.08335,0.00847,-0.11753,0.41217,0.31309,4.4627,15.0027,0.8463
89.3,0.08336,0.0083,-0.11048,0.41064,0.3527,4.4618,15.0022,0.846
89.32,0.08338,0.00817,-0.10278,0.40848,0.37688,4.4609,15.0018,0.8455
89.34,0.0834,0.00805,-0.09478,0.40578,0.38434,4.4601,15.0014,0.8448
89.36,0.08344,0.00797,-0.08671,0.40265,0.38426,4.4592,15.0012,0.8439
89.38,0.08348,0.00793,-0.07874,0.3992,0.37929,4.4585,15.0009,0.8428
89.4,0.08352,0.00791,-0.07093,0.39556,0.37156,4.4578,15.0007,0.8415
89.42,0.08343,0.0079,-0.05628,0.37995,0.92664,4.4576,15.0009,0.8402
89.44,0.08317,0.00789,-0.03013,0.34594,1.4892,4.4581,15.0015,0.8387
89.46,0.08287,0.00786,0.00331,0.30081,1.70076,4.4592,15.0022,0.8368
89.48,0.08256,0.00788,0.03642,0.25612,1.53734,4.4605,15.0026,0.8347
89.5,0.0822,0.00793,0.06452,0.21829,1.24257,4.4617,15.0028,0.8324
89.52,0.08182,0.00802,0.08651,0.18804,0.944,4.463,15.0027,0.8302
89.54,0.08143,0.00813,0.10283,0.16422,0.68287,4.4642,15.0025,0.8284
89.56,0.08104,0.00821,0.11437,0.1454,0.46932,4.4655,15.0022,0.8271
89.58,0.08071,0.00825,0.12206,0.13031,0.29983,4.4669,15.0019,0.8264
89.6,0.08037,0.00824,0.12672,0.11798,0.16614,4.4684,15.0016,0.8262
89.62,0.08008,0.00817,0.12892,0.10773,0.05482,4.4699,15.0015,0.8267
89.64,0.07981,0.00807,0.12902,0.09905,-0.04283,4.4714,15.0016,0.8277
89.66,0.07958,0.00793,0.1272,0.09164,-0.13468,4.473,15.0018,0.8292
89.68,0.07938,0.0078,0.12355,0.08526,-0.22191,4.4744,15.0022,0.8311
89.7,0.07919,0.00764,0.11817,0.07975,-0.3018,4.4758,15.0027,0.8333
89.72,0.07899,0.00747,0.11123,0.07497,-0.37213,4.477,15.0034,0.8358
89.74,0.07874,0.00732,0.10301,0.07079,-0.42803,4.478,15.0041,0.8383
89.76,0.0784,0.00718,0.09389,0.06714,-0.46097,4.4788,15.0048,0.8408
89.78,0.07804,0.00703,0.08429,0.06395,-0.47237,4.4793,15.0054,0.843
89.8,0.07756,0.00688,0.0749,0.06123,-0.44814,4.4796,15.006,0.845
89.82,0.07705,0.00671,0.06627,0.059,-0.4007,4.4796,15.0065,0.8465
89.84,0.07654,0.00651,0.05886,0.05723,-0.33333,4.4796,15.0068,0.8476
89.86,0.07605,0.00631,0.05299,0.05586,-0.25309,4.4794,15.007,0.8483
89.88,0.07556,0.00608,0.04889,0.05479,-0.16355,4.4792,15.007,0.8485
89.9,0.07511,0.00587,0.04674,0.05394,-0.06632,4.479,15.0068,0.8483
89.92,0.07473,0.00567,0.04666,0.05319,0.03623,4.4787,15.0065,0.8478
89.94,0.07439,0.00549,0.04873,0.05243,0.13607,4.4784,15.0061,0.8471
89.96,0.07423,0.00534,0.05272,0.05146,0.22587,4.4782,15.0057,0.8461
89.98,0.07414,0.00518,0.05842,0.0501,0.30416,4.4779,15.0051,0.845
90.0,0.07406,0.00502,0.06553,0.04812,0.37034,4.4776,15.0044,0.8439
90.02,0.07398,0.00489,0.07395,0.04541,0.43103,4.4771,15.0037,0.8426
90.04,0.07392,0.00472,0.08355,0.04188,0.48592,4.4766,15.003,0.8413
90.06,0.07388,0.00457,0.09415,0.03752,0.52984,4.476,15.0024,0.8399
90.08,0.07385,0.00442,0.10553,0.03237,0.56223,4.4753,15.0018,0.8384
90.1,0.07385,0.00427,0.11742,0.02648,0.58328,4.4745,15.0013,0.8369
90.12,0.07386,0.00414,0.12956,0.01996,0.58901,4.4738,15.0008,0.8353
90.14,0.07386,0.00403,0.14171,0.01294,0.58512,4.473,15.0005,0.8336
90.16,0.07388,0.00395,0.15371,0.00557,0.57674,4.4722,15.0002,0.8318
90.18,0.07391,0.00391,0.16548,-0.00199,0.56607,4.4715,15.0,0.8299
90.2,0.07394,0.00388,0.17701,-0.00964,0.5567,4.4708,14.9997,0.8278
90.22,0.07398,0.00387,0.1883,-0.01726,0.54502,4.4702,14.9996,0.8257
90.24,0.07404,0.00387,0.19938,-0.02476,0.53147,4.4697,14.9994,0.8235
90.26,0.07411,0.00387,0.2102,-0.03204,0.51011,4.4692,14.9993,0.8212
90.28,0.07417,0.00387,0.22053,-0.03902,0.48498,4.469,14.9992,0.8191
90.3,0.0742,0.00384,0.23018,-0.04563,0.44504,4.4689,14.9991,0.817
90.32,0.07419,0.00382,0.23883,-0.05178,0.39188,4.4689,14.9991,0.8151
90.34,0.07416,0.00377,0.24626,-0.05741,0.33237,4.4691,14.9991,0.8134
90.36,0.07412,0.00374,0.25224,-0.06246,0.25662,4.4695,14.9991,0.812
90.38,0.07406,0.00371,0.25657,-0.06691,0.17326,4.47,14.9993,0.8109
90.4,0.07399,0.00369,0.25911,-0.07073,0.08325,4.4707,14.9995,0.8102
90.42,0.07392,0.00365,0.25983,-0.07393,-0.005,4.4715,14.9998,0.8099
90.44,0.07384,0.00361,0.25877,-0.07652,-0.08954,4.4725,15.0001,0.81
90.46,0.07376,0.00358,0.25602,-0.0785,-0.16973,4.4735,15.0006,0.8104
90.48,0.07368,0.00353,0.25167,-0.07989,-0.2453,4.4745,15.0012,0.8112
90.5,0.0736,0.00346,0.24581,-0.08071,-0.3175,4.4756,15.0018,0.8123
90.52,0.07353,0.00337,0.23858,-0.08096,-0.3804,4.4767,15.0024,0.8137
90.54,0.07346,0.00326,0.23017,-0.08067,-0.4337,4.4777,15.003,0.8153
90.56,0.0734,0.00314,0.22085,-0.07988,-0.47121,4.4787,15.0036,0.8171
90.58,0.07334,0.003,0.21096,-0.07862,-0.49046,4.4797,15.0042,0.819
90.6,0.07328,0.00284,0.20088,-0.07694,-0.49253,4.4805,15.0046,0.821
90.62,0.07323,0.00266,0.19104,-0.07493,-0.47206,4.4812,15.0049,0.8229
90.64,0.07317,0.00247,0.18185,-0.07269,-0.43267,4.4818,15.0051,0.8248
90.66,0.07307,0.00225,0.17368,-0.07035,-0.37705,4.4822,15.0051,0.8265
90.68,0.07294,0.00203,0.16684,-0.06805,-0.30735,4.4824,15.005,0.8281
90.7,0.07281,0.00182,0.16162,-0.06587,-0.21967,4.4824,15.0048,0.8295
90.72,0.07276,0.00161,0.15836,-0.06385,-0.12468,4.4822,15.0045,0.8306
90.74,0.07276,0.00141,0.15692,-0.06209,-0.03733,4.4819,15.0042,0.8315
90.76,0.07276,0.00121,0.15713,-0.06072,0.04166,4.4814,15.0038,0.8323
90.78,0.07277,0.001,0.15894,-0.05985,0.11819,4.4808,15.0033,0.8327
90.8,0.07279,0.00081,0.16228,-0.05957,0.19008,4.48,15.0029,0.833
90.82,0.07283,0.00062,0.16704,-0.05993,0.25414,4.4791,15.0025,0.833
90.84,0.07287,0.00044,0.17301,-0.06086,0.30825,4.4781,15.0021,0.8327
90.86,0.07293,0.00027,0.17993,-0.06234,0.34855,4.477,15.0018,0.8322
90.88,0.07298,0.00013,0.1875,-0.06429,0.37335,4.476,15.0015,0.8314
90.9,0.07305,3e-05,0.19539,-0.06661,0.38299,4.475,15.0012,0.8304
90.92,0.07312,-5e-05,0.20336,-0.0692,0.38416,4.474,15.001,0.8292
90.94,0.0732,-0.0001,0.21126,-0.07196,0.37977,4.4731,15.0008,0.8278
90.96,0.07328,-0.00011,0.21902,-0.0748,0.37356,4.4722,15.0007,0.8261
90.98,0.07336,-0.00011,0.22664,-0.07766,0.36739,4.4715,15.0005,0.8243
91.0,0.07343,-0.0001,0.23409,-0.08049,0.36161,4.4709,15.0003,0.8224
91.02,0.07348,-9e-05,0.24135,-0.08324,0.35072,4.4704,15.0001,0.8205
91.04,0.07353,-9e-05,0.24831,-0.08586,0.33265,4.4701,14.9999,0.8185
91.06,0.07356,-0.00012,0.25477,-0.08827,0.30223,4.4701,14.9997,0.8167
91.08,0.07357,-0.00015,0.26046,-0.09041,0.25701,4.4702,14.9996,0.815
91.1,0.07356,-0.00021,0.26513,-0.09219,0.20246,4.4705,14.9995,0.8135
91.12,0.07354,-0.00028,0.26851,-0.09358,0.13456,4.4709,14.9995,0.8123
91.14,0.07349,-0.00036,0.27039,-0.09454,0.05633,4.4716,14.9995,0.8114
91.16,0.07345,-0.00043,0.2706,-0.0951,-0.02664,4.4724,14.9997,0.811
91.18,0.07339,-0.0005,0.26912,-0.09524,-0.10956,4.4733,14.9999,0.8109
91.2,0.07333,-0.00059,0.26594,-0.09499,-0.19072,4.4743,15.0003,0.8112
91.22,0.07328,-0.00069,0.26116,-0.09437,-0.26644,4.4754,15.0008,0.8119
91.24,0.07321,-0.00079,0.25487,-0.09341,-0.33822,4.4765,15.0013,0.8129
91.26,0.07315,-0.00091,0.24721,-0.0921,-0.40318,4.4777,15.002,0.8143
91.28,0.07309,-0.00104,0.23832,-0.09047,-0.45905,4.4788,15.0027,0.816
91.3,0.07304,-0.00118,0.2284,-0.08853,-0.50489,4.4799,15.0034,0.8179
91.32,0.07299,-0.00132,0.21768,-0.0863,-0.53604,4.481,15.004,0.8199
91.34,0.07293,-0.00148,0.2065,-0.08383,-0.553,4.482,15.0047,0.822
91.36,0.07283,-0.00167,0.19512,-0.08118,-0.55725,4.4829,15.0051,0.8241
91.38,0.07263,-0.00186,0.18392,-0.07847,-0.53814,4.4835,15.0055,0.8261
91.4,0.07235,-0.00206,0.17346,-0.07576,-0.49001,4.484,15.0056,0.828
91.42,0.07228,-0.0023,0.17052,-0.07909,0.0678,4.4843,15.0058,0.8292
91.44,0.0728,-0.00257,0.18044,-0.09086,0.74803,4.4845,15.0061,0.8293
91.46,0.07369,-0.00284,0.19896,-0.10535,0.99703,4.4847,15.0063,0.828
91.48,0.07439,-0.00307,0.21967,-0.11808,1.00993,4.4849,15.0062,0.8255
91.5,0.07477,-0.00324,0.23981,-0.12814,0.95408,4.4848,15.0058,0.8221
91.52,0.07489,-0.00335,0.25882,-0.13601,0.89763,4.4845,15.005,0.8182
91.54,0.07454,-0.0034,0.27696,-0.14245,0.86129,4.484,15.004,0.814
91.56,0.07451,-0.00343,0.29465,-0.14815,0.848,4.4833,15.0029,0.8098
91.58,0.07458,-0.00345,0.31225,-0.15359,0.84569,4.4826,15.0017,0.8058
91.6,0.07481,-0.00345,0.32989,-0.1591,0.84904,4.4819,15.0007,0.802
91.62,0.07522,-0.00347,0.34755,-0.16493,0.84448,4.4812,14.9998,0.7986
91.64,0.07581,-0.0035,0.36499,-0.1712,0.82684,4.4807,14.999,0.7957
91.66,0.07656,-0.00356,0.3819,-0.178,0.79426,4.4803,14.9986,0.7933
91.68,0.07715,-0.0036,0.39798,-0.18537,0.74944,4.4801,14.9983,0.7914
91.7,0.078,-0.00365,0.41311,-0.19329,0.69998,4.4799,14.9982,0.79
91.72,0.0789,-0.00369,0.42721,-0.20174,0.64961,4.4798,14.9984,0.7891
91.74,0.07979,-0.00372,0.44028,-0.21063,0.60088,4.4798,14.9987,0.7885
91.76,0.0814,-0.00378,0.45245,-0.21987,0.56295,4.4798,14.9992,0.7882
91.78,0.08391,-0.00386,0.46371,-0.22932,0.50948,4.4798,14.9998,0.7883
91.8,0.08507,-0.00394,0.47389,-0.23893,0.46436,4.4798,15.0005,0.7885
91.82,0.08606,-0.00402,0.48307,-0.24856,0.41494,4.4798,15.0013,0.7888
91.84,0.08679,-0.00412,0.49116,-0.25809,0.36307,4.4799,15.002,0.7891
91.86,0.08736,-0.00423,0.49812,-0.26739,0.30812,4.4799,15.0028,0.7895
91.88,0.08772,-0.00433,0.5039,-0.27632,0.25108,4.48,15.0035,0.7898
91.9,0.08784,-0.00443,0.50848,-0.2848,0.1992,4.4801,15.0042,0.7899
91.92,0.08788,-0.00454,0.51224,-0.29267,0.16964,4.4803,15.0048,0.79
91.94,0.08786,-0.00464,0.51515,-0.29982,0.11798,4.4807,15.0054,0.7899
91.96,0.08767,-0.00474,0.51691,-0.30628,0.06154,4.4811,15.0059,0.7898
91.98,0.08731,-0.00483,0.51753,-0.3121,0.0089,4.4816,15.0063,0.7895
92.0,0.08679,-0.00495,0.51716,-0.31729,-0.03556,4.4822,15.0066,0.7892
92.02,0.08614,-0.00507,0.51596,-0.32191,-0.07182,4.4828,15.0068,0.7887
92.04,0.08538,-0.00521,0.51411,-0.32597,-0.09913,4.4834,15.0068,0.7881
92.06,0.08456,-0.00534,0.51182,-0.32953,-0.11648,4.4841,15.0067,0.7874
92.08,0.0837,-0.00551,0.50933,-0.33266,-0.12067,4.4847,15.0065,0.7866
92.1,0.08286,-0.00569,0.50692,-0.33543,-0.1096,4.4853,15.0061,0.7857
92.12,0.08204,-0.00587,0.50496,-0.33793,-0.08237,4.4859,15.0057,0.7848
92.14,0.08129,-0.00605,0.50377,-0.34027,-0.03839,4.4863,15.0051,0.7839
92.16,0.08065,-0.00624,0.50366,-0.34258,0.01845,4.4867,15.0045,0.7829
92.18,0.08014,-0.00641,0.50487,-0.34495,0.08478,4.487,15.0038,0.7819
92.2,0.0798,-0.00658,0.50756,-0.34749,0.15799,4.4872,15.0031,0.781
92.22,0.07963,-0.00675,0.51178,-0.35031,0.23054,4.4872,15.0024,0.7801
92.24,0.07954,-0.0069,0.51734,-0.35358,0.29468,4.4871,15.0017,0.7793
92.26,0.07949,-0.00706,0.52421,-0.35746,0.35844,4.4867,15.001,0.7785
92.28,0.07949,-0.00721,0.53243,-0.3621,0.42672,4.486,15.0003,0.7777
92.3,0.0796,-0.00735,0.54225,-0.36754,0.49869,4.4851,14.9997,0.7768
92.32,0.07994,-0.0075,0.5539,-0.37371,0.59556,4.4841,14.9991,0.7759
92.34,0.08064,-0.00762,0.56747,-0.38048,0.68219,4.483,14.9987,0.775
92.36,0.08166,-0.00772,0.5826,-0.38778,0.74882,4.4819,14.9985,0.7741
92.38,0.08296,-0.00778,0.59886,-0.39555,0.79393,4.4809,14.9985,0.7731
92.4,0.08447,-0.00784,0.61582,-0.40376,0.81828,4.4798,14.9986,0.7722
92.42,0.08609,-0.00784,0.63305,-0.41236,0.82396,4.4789,14.9989,0.7714
92.44,0.08785,-0.00783,0.65024,-0.42133,0.815,4.478,14.9993,0.7706
92.46,0.08949,-0.0078,0.66711,-0.43062,0.79739,4.4771,14.9998,0.7699
92.48,0.09078,-0.00773,0.68358,-0.4402,0.77699,4.4764,15.0003,0.7691
92.5,0.0916,-0.00766,0.69962,-0.45005,0.75734,4.4757,15.0008,0.7684
92.52,0.09205,-0.00757,0.71523,-0.46011,0.73701,4.4752,15.0013,0.7676
92.54,0.09224,-0.0075,0.73037,-0.47028,0.71455,4.4748,15.0017,0.7669
92.56,0.09229,-0.00746,0.74497,-0.4805,0.6869,4.4746,15.002,0.7661
92.58,0.09223,-0.00745,0.75889,-0.49066,0.65091,4.4746,15.0023,0.7653
92.6,0.09211,-0.00747,0.7719,-0.50068,0.60434,4.4748,15.0025,0.7644
92.62,0.09195,-0.00753,0.7838,-0.51044,0.54687,4.4751,15.0026,0.7636
92.64,0.09175,-0.00761,0.79354,-0.5191,0.41586,4.4756,15.0026,0.7627
92.66,0.09161,-0.00772,0.8004,-0.52669,0.24578,4.4762,15.0026,0.7621
92.68,0.09162,-0.00786,0.80445,-0.5337,0.16464,4.4767,15.003,0.7621
92.7,0.09152,-0.00801,0.80708,-0.53912,0.10355,4.4775,15.0033,0.762
92.72,0.09133,-0.00818,0.80868,-0.54344,0.06044,4.4784,15.0038,0.762
92.74,0.0911,-0.00838,0.80953,-0.54704,0.03447,4.4794,15.0043,0.7619
92.76,0.09083,-0.00862,0.80988,-0.55004,0.00474,4.4804,15.0049,0.7619
92.78,0.09061,-0.00885,0.80978,-0.55272,-0.00931,4.4814,15.0055,0.7618
92.8,0.09044,-0.00911,0.80936,-0.55514,-0.02696,4.4823,15.0062,0.7618
92.82,0.09029,-0.00937,0.80872,-0.55727,-0.03555,4.4832,15.0069,0.7617
92.84,0.09019,-0.00964,0.80792,-0.55923,-0.04152,4.4839,15.0075,0.7617
92.86,0.09015,-0.00991,0.80707,-0.56103,-0.03935,4.4846,15.0081,0.7617
92.88,0.09014,-0.01017,0.8063,-0.56264,-0.03465,4.4851,15.0086,0.7616
92.9,0.09018,-0.01042,0.80571,-0.56403,-0.02469,4.4855,15.009,0.7616
92.92,0.09024,-0.01065,0.80539,-0.56511,-0.00379,4.4857,15.0092,0.7616
92.94,0.0903,-0.01085,0.80538,-0.56588,0.01248,4.4858,15.0093,0.7616
92.96,0.09039,-0.01102,0.80572,-0.56629,0.02859,4.4857,15.0093,0.7615
92.98,0.09042,-0.01114,0.80641,-0.5662,0.0437,4.4856,15.0091,0.7615
93.0,0.09041,-0.01124,0.80732,-0.5658,0.05138,4.4853,15.0088,0.7616
93.02,0.0904,-0.01131,0.80846,-0.5651,0.06562,4.485,15.0084,0.7616
93.04,0.09021,-0.01139,0.81203,-0.56905,0.25197,4.4842,15.0076,0.7616
93.06,0.0901,-0.01144,0.82012,-0.57824,0.47852,4.4833,15.0067,0.7615
93.08,0.09011,-0.01148,0.83133,-0.58872,0.58108,4.4825,15.0057,0.7615
93.1,0.09007,-0.01149,0.84347,-0.59846,0.59871,4.4818,15.0047,0.7614
93.12,0.08989,-0.01149,0.85527,-0.60663,0.55808,4.4812,15.0039,0.7614
93.14,0.08956,-0.01147,0.86612,-0.61317,0.50466,4.4807,15.0032,0.7614
93.16,0.08911,-0.01144,0.87583,-0.61824,0.4452,4.4804,15.0026,0.7614
93.18,0.0886,-0.0114,0.88431,-0.62213,0.38745,4.4802,15.0022,0.7614
93.2,0.08803,-0.01137,0.89155,-0.62503,0.32692,4.48,15.0019,0.7614
93.22,0.08746,-0.01132,0.89761,-0.62717,0.27133,4.4799,15.0018,0.7614
93.24,0.08694,-0.01128,0.90256,-0.62871,0.22008,4.4799,15.0017,0.7614
93.26,0.08647,-0.01123,0.90652,-0.62982,0.1784,4.4799,15.0018,0.7614
93.28,0.08611,-0.0112,0.90965,-0.63062,0.13694,4.48,15.0019,0.7614
93.3,0.08584,-0.01121,0.91198,-0.63121,0.09785,4.4801,15.002,0.7615
93.32,0.08567,-0.01126,0.91359,-0.63153,0.06267,4.4803,15.0022,0.7615
93.34,0.08561,-0.01134,0.91439,-0.63171,0.02596,4.4806,15.0024,0.7615
93.36,0.08563,-0.01148,0.9143,-0.63173,-0.02036,4.481,15.0027,0.7615
93.38,0.08574,-0.01166,0.91321,-0.63161,-0.0687,4.4814,15.003,0.7615
93.4,0.08594,-0.01185,0.91102,-0.63141,-0.12221,4.4818,15.0033,0.7615
93.42,0.08624,-0.01209,0.90763,-0.63109,-0.17926,4.4823,15.0036,0.7615
93.44,0.08663,-0.01234,0.90301,-0.6306,-0.24339,4.4828,15.004,0.7614
93.46,0.08713,-0.0126,0.89709,-0.62995,-0.30563,4.4832,15.0043,0.7614
93.48,0.08773,-0.01285,0.88983,-0.62901,-0.37122,4.4836,15.0047,0.7614
93.5,0.08842,-0.01312,0.88123,-0.62768,-0.43501,4.484,15.0051,0.7614
93.52,0.0892,-0.01339,0.87132,-0.62592,-0.49507,4.4844,15.0055,0.7613
93.54,0.08935,-0.01365,0.86354,-0.62825,-0.29371,4.4845,15.0056,0.7612
93.56,0.0892,-0.0139,0.85963,-0.63513,-0.1152,4.4845,15.0057,0.7611
93.58,0.08925,-0.01415,0.85744,-0.64282,-0.0886,4.4845,15.0057,0.761
93.6,0.0895,-0.01438,0.85484,-0.64918,-0.13481,4.4845,15.0056,0.7609
93.62,0.08991,-0.01458,0.85101,-0.65356,-0.1945,4.4845,15.0055,0.7608
93.64,0.09043,-0.01477,0.84608,-0.65603,-0.24341,4.4844,15.0054,0.7608
93.66,0.09094,-0.01492,0.84065,-0.65693,-0.2548,4.4843,15.0051,0.7608
93.68,0.0914,-0.01502,0.83546,-0.65675,-0.23047,4.4841,15.0048,0.7607
93.7,0.09176,-0.01509,0.83112,-0.65587,-0.18003,4.4839,15.0044,0.7607
93.72,0.092,-0.01514,0.82813,-0.65468,-0.10839,4.4837,15.0039,0.7607
93.74,0.09208,-0.01517,0.82683,-0.65345,-0.02313,4.4834,15.0034,0.7607
93.76,0.09203,-0.0152,0.82743,-0.65246,0.06785,4.4831,15.0029,0.7608
93.78,0.09183,-0.01522,0.83003,-0.65192,0.16497,4.4828,15.0024,0.7608
93.8,0.09151,-0.01526,0.83461,-0.65198,0.26742,4.4825,15.0019,0.7608
93.82,0.09109,-0.01529,0.84111,-0.65279,0.34669,4.4822,15.0015,0.7609
93.84,0.0906,-0.01532,0.84928,-0.65438,0.42335,4.4819,15.0011,0.7609
93.86,0.09005,-0.01535,0.85886,-0.6568,0.48293,4.4816,15.0008,0.7609
93.88,0.08946,-0.01535,0.86951,-0.66,0.53005,4.4814,15.0006,0.7609
93.9,0.08883,-0.01534,0.88087,-0.66391,0.55739,4.4812,15.0005,0.761
93.92,0.08816,-0.01533,0.89254,-0.6684,0.56307,4.4812,15.0005,0.761
93.94,0.0875,-0.01531,0.90413,-0.6734,0.55232,4.4811,15.0005,0.761
93.96,0.08687,-0.01527,0.91532,-0.67893,0.53049,4.4811,15.0005,0.761
93.98,0.08632,-0.01523,0.92594,-0.68493,0.50326,4.4812,15.0005,0.761
94.0,0.08586,-0.01521,0.93593,-0.69127,0.47448,4.4812,15.0006,0.761
94.02,0.08552,-0.01522,0.94527,-0.69775,0.43953,4.4812,15.0007,0.7609
94.04,0.08529,-0.01525,0.95391,-0.70424,0.40545,4.4813,15.0008,0.7609
94.06,0.08518,-0.01532,0.96181,-0.71062,0.3707,4.4814,15.001,0.7609
94.08,0.08514,-0.01543,0.96886,-0.71674,0.32515,4.4816,15.0012,0.7608
94.1,0.0852,-0.01558,0.97491,-0.72254,0.27518,4.4817,15.0015,0.7608
94.12,0.08535,-0.01576,0.97982,-0.72792,0.21584,4.482,15.0018,0.7608
94.14,0.08559,-0.01598,0.98339,-0.73284,0.15045,4.4822,15.0021,0.7607
94.16,0.08593,-0.01621,0.98551,-0.73725,0.06702,4.4825,15.0024,0.7607
94.18,0.08635,-0.01649,0.98575,-0.74112,-0.01652,4.4828,15.0029,0.7608
94.2,0.08678,-0.01679,0.98451,-0.74405,-0.08791,4.4831,15.0033,0.7609
94.22,0.08726,-0.01708,0.98176,-0.74635,-0.16062,4.4834,15.0037,0.7611
94.24,0.0878,-0.01738,0.97754,-0.74809,-0.22892,4.4838,15.0041,0.7612
94.26,0.08841,-0.0177,0.97197,-0.74928,-0.29193,4.484,15.0044,0.7613
94.28,0.08908,-0.01802,0.9652,-0.7499,-0.34511,4.4843,15.0048,0.7614
94.3,0.08979,-0.01834,0.95749,-0.74992,-0.385,4.4845,15.005,0.7616
94.32,0.09053,-0.01866,0.94914,-0.74933,-0.40827,4.4847,15.0051,0.7617
94.34,0.0913,-0.01897,0.94053,-0.74818,-0.41327,4.4848,15.0052,0.7618
94.36,0.09178,-0.01926,0.92917,-0.74508,-0.61507,4.4847,15.0051,0.7618
94.38,0.09202,-0.0195,0.91723,-0.74077,-0.5419,4.4847,15.005,0.7618
94.4,0.0922,-0.0197,0.90743,-0.7365,-0.42288,4.4846,15.0049,0.7618
94.42,0.09231,-0.01986,0.89994,-0.73244,-0.31625,4.4844,15.0047,0.7617
94.44,0.09232,-0.01999,0.8944,-0.72854,-0.23196,4.4843,15.0045,0.7616
94.46,0.0923,-0.0201,0.89037,-0.7248,-0.16671,4.4842,15.0042,0.7615
94.48,0.09227,-0.02019,0.8875,-0.72121,-0.11695,4.4839,15.0038,0.7614
94.5,0.09225,-0.02024,0.88551,-0.71779,-0.07929,4.4836,15.0034,0.7612
94.52,0.09222,-0.02028,0.8842,-0.71457,-0.05061,4.4832,15.0029,0.7611
94.54,0.09221,-0.0203,0.88341,-0.71156,-0.02912,4.4827,15.0023,0.7609
94.56,0.09223,-0.02033,0.88299,-0.70878,-0.01354,4.4822,15.0017,0.7607
94.58,0.09238,-0.02031,0.88269,-0.70653,-0.00882,4.4817,15.0011,0.7607
94.6,0.0924,-0.02031,0.88269,-0.7047,0.01637,4.4812,15.0005,0.7607
94.62,0.0921,-0.02028,0.88296,-0.703,0.0164,4.4807,15.0,0.7608
94.64,0.09183,-0.02024,0.88316,-0.70148,0.01162,4.4803,14.9996,0.7608
94.66,0.0916,-0.02021,0.88329,-0.70007,0.00834,4.4799,14.9992,0.7608
94.68,0.09141,-0.02018,0.88336,-0.69883,0.00391,4.4797,14.9988,0.7608
94.7,0.09125,-0.02016,0.8833,-0.69773,-0.00023,4.4795,14.9986,0.7608
94.72,0.09114,-0.02013,0.88314,-0.69687,-0.00844,4.4793,14.9985,0.7608
94.74,0.09106,-0.02014,0.88287,-0.6962,-0.01157,4.4793,14.9984,0.7608
94.76,0.09101,-0.02015,0.88252,-0.69578,-0.01378,4.4793,14.9985,0.7608
94.78,0.09095,-0.0202,0.8822,-0.69565,-0.00907,4.4794,14.9985,0.7608
94.8,0.09094,-0.02028,0.88182,-0.69565,-0.02063,4.4794,14.9986,0.7608
94.82,0.09093,-0.02039,0.88141,-0.6957,-0.02149,4.4795,14.9988,0.7607
94.84,0.0909,-0.02054,0.88107,-0.69577,-0.02806,4.4798,14.9994,0.7606
94.86,0.09089,-0.02072,0.88052,-0.69631,-0.03468,4.4802,14.9999,0.7606
94.88,0.0909,-0.02092,0.87983,-0.697,-0.03541,4.4806,15.0003,0.7606
94.9,0.09091,-0.02114,0.87903,-0.69775,-0.0487,4.4811,15.0009,0.7606
94.92,0.09095,-0.02136,0.87784,-0.69862,-0.06505,4.4816,15.0015,0.7607
94.94,0.091,-0.02161,0.87649,-0.69937,-0.07007,4.4821,15.0021,0.7607
94.96,0.09108,-0.02186,0.8751,-0.70019,-0.06857,4.4826,15.0028,0.7608
94.98,0.09122,-0.0221,0.87376,-0.7011,-0.06642,4.4831,15.0034,0.7608
95.0,0.09138,-0.02234,0.87247,-0.70206,-0.06242,4.4835,15.004,0.7609
95.02,0.09157,-0.02256,0.87128,-0.70302,-0.05628,4.4839,15.0046,0.7609
95.04,0.09175,-0.02277,0.87025,-0.70391,-0.04724,4.4843,15.005,0.761
95.06,0.09191,-0.02297,0.86943,-0.7047,-0.03406,4.4845,15.0054,0.761
95.08,0.09198,-0.02313,0.86885,-0.70538,-0.01782,4.4836,15.0061,0.7617
95.1,0.09205,-0.02327,0.86864,-0.70582,-0.00022,4.4822,15.0068,0.7623
95.12,0.09204,-0.02338,0.86883,-0.70582,0.01618,4.4804,15.0071,0.7628
95.14,0.09187,-0.02343,0.86942,-0.7052,0.03737,4.4794,15.0067,0.7629
95.16,0.09164,-0.02346,0.87023,-0.70409,0.04397,4.4783,15.006,0.7633
95.18,0.09145,-0.02347,0.87116,-0.70286,0.04776,4.4776,15.0051,0.7634
95.2,0.09132,-0.02346,0.87218,-0.70152,0.05275,4.4766,15.004,0.7637
95.22,0.09127,-0.02345,0.87328,-0.70021,0.05571,4.4754,15.0028,0.764
95.24,0.0913,-0.02345,0.87441,-0.69897,0.05554,4.4741,15.0015,0.7643
95.26,0.09141,-0.02344,0.87553,-0.69784,0.05429,4.4729,15.0001,0.7647
95.28,0.09157,-0.02343,0.87661,-0.69683,0.05124,4.4715,14.9987,0.7651
95.3,0.09143,-0.02342,0.87784,-0.6959,0.06217,4.47,14.9974,0.7656
95.32,0.09126,-0.02342,0.87893,-0.69503,0.05301,4.4679,14.996,0.7661
95.34,0.09111,-0.02342,0.87985,-0.69429,0.04233,4.4667,14.9947,0.7667
95.36,0.09098,-0.02342,0.88058,-0.69364,0.03474,4.4652,14.9935,0.7671
95.38,0.09088,-0.02342,0.88114,-0.6931,0.02268,4.4638,14.9923,0.7676
95.4,0.09081,-0.02343,0.88147,-0.69273,0.01847,4.4631,14.9912,0.768
95.42,0.09076,-0.02346,0.88158,-0.69241,0.00533,4.4623,14.9902,0.7684
95.44,0.09072,-0.0235,0.8815,-0.69226,-0.00472,4.4614,14.9898,0.769
95.46,0.09068,-0.02356,0.88133,-0.69237,-0.00974,4.4601,14.989,0.7695
95.48,0.09066,-0.02365,0.8811,-0.69267,-0.01264,4.459,14.988,0.7697
95.5,0.09065,-0.02378,0.88075,-0.69314,-0.02101,4.4578,14.987,0.7705
95.52,0.09065,-0.02391,0.88033,-0.6937,-0.02543,4.4566,14.9862,0.7712
95.54,0.09065,-0.02408,0.87978,-0.69435,-0.0319,4.4557,14.9857,0.7716
95.56,0.09067,-0.02426,0.87908,-0.69508,-0.03837,4.4553,14.9855,0.7716
95.58,0.09071,-0.02445,0.87827,-0.69588,-0.03934,4.4551,14.9855,0.7714
95.6,0.09078,-0.02465,0.87736,-0.69677,-0.04655,4.4553,14.9852,0.7698
95.62,0.0909,-0.02482,0.87639,-0.69776,-0.04973,4.4554,14.9853,0.77
95.64,0.09105,-0.025,0.87537,-0.69875,-0.05093,4.4554,14.9853,0.7701
95.66,0.09122,-0.02517,0.87433,-0.69973,-0.05123,4.4555,14.9854,0.7702
95.68,0.0914,-0.02534,0.87333,-0.70068,-0.04876,4.4555,14.9855,0.7703
95.7,0.09158,-0.02551,0.8724,-0.70158,-0.04257,4.4555,14.9855,0.7704
95.72,0.09173,-0.02565,0.87164,-0.70235,-0.03331,4.4554,14.9855,0.7703
95.74,0.09186,-0.02578,0.87106,-0.70305,-0.02441,4.4554,14.9856,0.7703
95.76,0.09192,-0.02586,0.87069,-0.70357,-0.01283,4.4554,14.9856,0.7703
95.78,0.09195,-0.02595,0.87056,-0.70393,-0.00024,4.4554,14.9856,0.7703
95.8,0.09193,-0.02598,0.87069,-0.70402,0.01303,4.4554,14.9856,0.7702
95.82,0.09184,-0.02599,0.87109,-0.70379,0.02323,4.4553,14.9856,0.7701
95.84,0.09175,-0.02597,0.87168,-0.70329,0.03095,4.4553,14.9855,0.77
95.86,0.09169,-0.02593,0.87241,-0.70264,0.03739,4.4552,14.9856,0.7699
95.88,0.09141,-0.02584,0.87071,-0.70125,-0.13569,4.4552,14.9855,0.7698
95.9,0.09037,-0.0257,0.86667,-0.69898,-0.2245,4.4552,14.9855,0.7696
95.92,0.08916,-0.02555,0.86183,-0.69652,-0.23253,4.4552,14.9854,0.7695
95.94,0.08794,-0.02539,0.85755,-0.69444,-0.18841,4.4552,14.9853,0.7693
95.96,0.08686,-0.02527,0.85468,-0.69304,-0.10321,4.4552,14.9852,0.7692
95.98,0.08582,-0.02518,0.8538,-0.69229,-0.0,4.4552,14.9851,0.769
96.0,0.08477,-0.02511,0.85492,-0.69215,0.08778,4.4552,14.985,0.7689
96.02,0.08373,-0.02507,0.8576,-0.69254,0.15725,4.4553,14.9849,0.7689
96.04,0.08282,-0.02507,0.8569,-0.69242,-0.14143,4.4553,14.9848,0.7688
96.06,0.08203,-0.02505,0.85233,-0.69187,-0.26029,4.4552,14.9848,0.7686
96.08,0.08099,-0.02506,0.84679,-0.69139,-0.26392,4.4552,14.9847,0.7683
96.1,0.07956,-0.02504,0.84185,-0.6913,-0.21913,4.4552,14.9846,0.7682
96.12,0.07796,-0.02501,0.83805,-0.6915,-0.15841,4.4551,14.9845,0.768
96.14,0.07654,-0.025,0.83544,-0.69196,-0.10434,4.4551,14.9845,0.7678
96.16,0.07544,-0.02504,0.83374,-0.69255,-0.06751,4.4551,14.9845,0.7678
96.18,0.07468,-0.02512,0.83257,-0.6932,-0.0493,4.4551,14.9844,0.7678
96.2,0.0742,-0.02524,0.82909,-0.69353,-0.23237,4.4551,14.9844,0.7679
96.22,0.07381,-0.02536,0.82298,-0.69357,-0.32495,4.4551,14.9844,0.7678
96.24,0.07314,-0.02549,0.81561,-0.69346,-0.36622,4.4551,14.9844,0.7677
96.26,0.07211,-0.02559,0.80769,-0.69333,-0.38484,4.4551,14.9843,0.7676
96.28,0.07097,-0.02567,0.79955,-0.6931,-0.39077,4.4552,14.9842,0.7675
96.3,0.07013,-0.02577,0.79255,-0.69273,-0.31036,4.4553,14.9841,0.7674
96.32,0.07001,-0.02588,0.78581,-0.69231,-0.3291,4.4555,14.9841,0.7674
96.34,0.06993,-0.02603,0.77858,-0.69191,-0.35324,4.4557,14.9839,0.7673
96.36,0.06939,-0.02613,0.77091,-0.69136,-0.3724,4.4559,14.9838,0.7672
96.38,0.06859,-0.02622,0.76306,-0.69046,-0.37508,4.4561,14.9836,0.767
96.4,0.06787,-0.02628,0.75536,-0.68913,-0.36136,4.4564,14.9835,0.7669
96.42,0.06784,-0.02635,0.74939,-0.68773,-0.22352,4.4568,14.9833,0.7667
96.44,0.06754,-0.02639,0.74518,-0.68644,-0.18521,4.4571,14.9832,0.7665
96.46,0.06715,-0.02639,0.74122,-0.68515,-0.18737,4.4575,14.983,0.7663
96.48,0.06633,-0.02634,0.73733,-0.68373,-0.18032,4.458,14.9828,0.766
96.5,0.06517,-0.02624,0.73385,-0.68216,-0.15334,4.4585,14.9825,0.7657
96.52,0.06399,-0.02612,0.73116,-0.68048,-0.10968,4.4589,14.9821,0.7655
96.54,0.06295,-0.02599,0.7295,-0.6788,-0.05712,4.4593,14.9818,0.7653
96.56,0.06272,-0.0259,0.72848,-0.67696,-0.04086,4.4597,14.9814,0.7651
96.58,0.06279,-0.02582,0.72792,-0.67524,-0.01415,4.46,14.9811,0.7649
96.6,0.06224,-0.02573,0.72809,-0.67396,0.02542,4.4602,14.9808,0.7647
96.62,0.06093,-0.02562,0.72917,-0.67321,0.07118,4.4603,14.9807,0.7645
96.64,0.05923,-0.0255,0.73133,-0.67296,0.1251,4.4603,14.9806,0.7644
96.66,0.0576,-0.0254,0.7346,-0.67311,0.1771,4.4603,14.9806,0.7643
96.68,0.05623,-0.02532,0.73884,-0.67364,0.21901,4.4603,14.9806,0.7642
96.7,0.05513,-0.02527,0.74379,-0.67453,0.2474,4.4603,14.9806,0.7641
96.72,0.05459,-0.02523,0.74604,-0.67482,0.02692,4.4603,14.9805,0.764
96.74,0.0543,-0.02524,0.74534,-0.67464,-0.06792,4.4604,14.9805,0.7639
96.76,0.05364,-0.02523,0.74373,-0.67464,-0.08107,4.4604,14.9805,0.7638
96.78,0.05245,-0.02523,0.7423,-0.6751,-0.06037,4.4605,14.9803,0.7637
96.8,0.05103,-0.02523,0.7414,-0.67601,-0.03345,4.4606,14.9802,0.7635
96.82,0.04979,-0.02525,0.74099,-0.67718,-0.01218,4.4607,14.9801,0.7633
96.84,0.04941,-0.02535,0.73963,-0.67813,-0.09669,4.4608,14.98,0.7631
96.86,0.04949,-0.02546,0.73696,-0.67885,-0.14528,4.4608,14.98,0.7631
96.88,0.04921,-0.02558,0.73355,-0.67957,-0.17237,4.4608,14.9799,0.7628
96.9,0.04841,-0.0257,0.72969,-0.68044,-0.19057,4.461,14.9799,0.7626
96.92,0.04738,-0.02581,0.72552,-0.68124,-0.20499,4.4615,14.9796,0.7623
96.94,0.04653,-0.02593,0.72102,-0.68186,-0.22177,4.4621,14.9794,0.762
96.96,0.04672,-0.0261,0.71702,-0.6824,-0.17637,4.4629,14.9792,0.7617
96.98,0.04791,-0.02633,0.71322,-0.6828,-0.18684,4.4638,14.9794,0.7614
97.0,0.04956,-0.0266,0.70881,-0.68288,-0.22741,4.4644,14.9797,0.7612
97.02,0.05137,-0.02689,0.70349,-0.68249,-0.27082,4.4645,14.9799,0.7612
97.04,0.05307,-0.02715,0.69746,-0.68163,-0.29975,4.4645,14.9799,0.7611
97.06,0.05443,-0.0274,0.69192,-0.68083,-0.24454,4.4645,14.9799,0.7611
97.08,0.05541,-0.02762,0.68765,-0.68035,-0.17861,4.4645,14.9799,0.7611
97.1,0.05612,-0.0278,0.68464,-0.68008,-0.12207,4.4645,14.9799,0.7612
97.12,0.05661,-0.02793,0.68263,-0.67984,-0.07808,4.4645,14.9799,0.7612
97.14,0.05691,-0.02802,0.68141,-0.67947,-0.04334,4.4645,14.9799,0.7612
97.16,0.05706,-0.02805,0.68081,-0.67891,-0.01531,4.4645,14.9799,0.7612
97.18,0.05705,-0.02804,0.6807,-0.67809,0.00425,4.4645,14.9799,0.7611
97.2,0.05696,-0.02801,0.68094,-0.67706,0.01936,4.4645,14.9799,0.7611
97.22,0.05682,-0.02796,0.68144,-0.67587,0.02993,4.4645,14.9799,0.7611
97.24,0.0567,-0.02791,0.68212,-0.67459,0.03307,4.4645,14.9799,0.7611
97.26,0.05624,-0.02784,0.68194,-0.67273,-0.03215,4.4644,14.9799,0.761
97.28,0.05552,-0.02773,0.68009,-0.66942,-0.11771,4.4644,14.9799,0.761
97.3,0.05489,-0.02764,0.6762,-0.66416,-0.22612,4.4643,14.9798,0.761
97.32,0.05445,-0.02758,0.67039,-0.6573,-0.31142,4.4643,14.9798,0.7609
97.34,0.05418,-0.02752,0.66398,-0.65,-0.30732,4.4643,14.9798,0.7608
97.36,0.05396,-0.0275,0.6588,-0.64359,-0.21567,4.4643,14.9798,0.7607
97.38,0.05372,-0.02752,0.6559,-0.6387,-0.09652,4.4643,14.9798,0.7606
97.4,0.05341,-0.02755,0.65533,-0.63536,0.01196,4.4643,14.9798,0.7605
97.42,0.0529,-0.02759,0.65547,-0.63423,0.0073,4.4643,14.9798,0.7603
97.44,0.05239,-0.02764,0.65505,-0.63421,-0.0367,4.4643,14.9798,0.7603
97.46,0.0521,-0.02769,0.65261,-0.63306,-0.16527,4.4643,14.9798,0.7602
97.48,0.05204,-0.02776,0.64738,-0.63007,-0.30351,4.4643,14.9798,0.7601
97.5,0.05216,-0.02783,0.64025,-0.626,-0.36691,4.4643,14.9798,0.76
97.52,0.05239,-0.02792,0.63329,-0.62219,-0.31569,4.4643,14.9798,0.76
97.54,0.05267,-0.02805,0.62759,-0.61924,-0.2484,4.4643,14.9798,0.76
97.56,0.05295,-0.0282,0.62279,-0.61689,-0.21824,4.4643,14.9798,0.76
97.58,0.05296,-0.02838,0.62071,-0.61685,-0.02385,4.4643,14.9798,0.76
97.6,0.05275,-0.02856,0.62018,-0.61796,-0.02266,4.4643,14.9798,0.76
97.62,0.05271,-0.02876,0.61718,-0.61776,-0.22652,4.4643,14.9798,0.76
97.64,0.05289,-0.02892,0.60973,-0.6154,-0.43427,4.4643,14.9798,0.7601
97.66,0.0532,-0.02907,0.59915,-0.61109,-0.55108,4.4643,14.9798,0.76
97.68,0.05363,-0.02924,0.58749,-0.6062,-0.5632,4.4643,14.9798,0.76
97.7,0.05411,-0.02938,0.57629,-0.60165,-0.51949,4.4643,14.9798,0.76
97.72,0.05457,-0.02952,0.56623,-0.59767,-0.45729,4.4643,14.9798,0.76
97.74,0.05466,-0.02965,0.56309,-0.59758,0.03964,4.4643,14.9798,0.76
97.76,0.05438,-0.02973,0.5654,-0.59994,0.11374,4.4643,14.9798,0.76
97.78,0.05415,-0.02976,0.56597,-0.6015,-0.0189,4.4643,14.9798,0.76
97.8,0.05383,-0.02973,0.56295,-0.59943,-0.21843,4.4643,14.9798,0.76
97.82,0.05362,-0.02964,0.55691,-0.595,-0.3323,4.4643,14.9798,0.76
97.84,0.05352,-0.02949,0.55,-0.58993,-0.33093,4.4643,14.9798,0.76
97.86,0.05347,-0.02932,0.54391,-0.58527,-0.26904,4.4643,14.9798,0.76
97.88,0.05338,-0.02912,0.5394,-0.58139,-0.18446,4.4643,14.9798,0.76
97.9,0.05302,-0.02893,0.54096,-0.58176,0.23593,4.4643,14.9798,0.76
97.92,0.05239,-0.02875,0.54751,-0.58492,0.36532,4.4643,14.9798,0.76
97.94,0.05172,-0.02856,0.55367,-0.58683,0.25471,4.4643,14.9798,0.76
97.96,0.05117,-0.02835,0.55679,-0.58624,0.08448,4.4643,14.9798,0.76
97.98,0.05076,-0.02815,0.55738,-0.58396,-0.00958,4.4643,14.9798,0.76
98.0,0.05044,-0.02798,0.55734,-0.58151,-8e-05,4.4643,14.9798,0.76
98.02,0.05016,-0.02783,0.55805,-0.57981,0.04996,4.4643,14.9798,0.76
98.04,0.04985,-0.02771,0.55992,-0.57905,0.10913,4.4643,14.9798,0.76
98.06,0.04966,-0.02763,0.56359,-0.5809,0.21574,4.4643,14.9798,0.76
98.08,0.04962,-0.02759,0.56795,-0.58415,0.20464,4.4643,14.9798,0.76
98.1,0.04964,-0.02755,0.57042,-0.58604,0.06463,4.4643,14.9798,0.76
98.12,0.04972,-0.02757,0.5697,-0.58572,-0.09825,4.4643,14.9798,0.76
98.14,0.04989,-0.02758,0.56659,-0.58395,-0.1839,4.4643,14.9798,0.76
98.16,0.0501,-0.02761,0.56285,-0.58199,-0.18061,4.4643,14.9798,0.76
98.18,0.05027,-0.02767,0.55963,-0.58053,-0.14063,4.4643,14.9798,0.76
98.2,0.05045,-0.02776,0.55906,-0.5813,0.04262,4.4643,14.9798,0.76
98.22,0.05064,-0.02787,0.55987,-0.58307,0.03894,4.4643,14.9798,0.76
98.24,0.05088,-0.02801,0.55855,-0.5832,-0.12392,4.4643,14.9798,0.76
98.26,0.05122,-0.02817,0.55343,-0.58089,-0.31941,4.4643,14.9798,0.76
98.28,0.05168,-0.02836,0.54528,-0.57702,-0.43476,4.4643,14.9798,0.76
98.3,0.0522,-0.02854,0.53595,-0.57294,-0.45592,4.4643,14.9798,0.76
98.32,0.05273,-0.02873,0.52671,-0.5694,-0.43508,4.4643,14.9798,0.76
98.34,0.05321,-0.02896,0.518,-0.56649,-0.40596,4.4643,14.9798,0.76
98.36,0.05336,-0.02918,0.51562,-0.56736,0.06604,4.4643,14.9798,0.76
98.38,0.05315,-0.02938,0.51794,-0.57032,0.14385,4.4643,14.9798,0.76
98.4,0.05291,-0.02956,0.51838,-0.5713,-0.04889,4.4643,14.9798,0.76
98.42,0.05284,-0.02967,0.51417,-0.5691,-0.29356,4.4643,14.9798,0.76
98.44,0.05298,-0.02971,0.50619,-0.56471,-0.43662,4.4643,14.9798,0.76
98.46,0.05324,-0.02968,0.49684,-0.55971,-0.45596,4.4643,14.9798,0.76
98.48,0.05348,-0.02959,0.48793,-0.55505,-0.41063,4.4643,14.9798,0.76
98.5,0.05365,-0.02946,0.48064,-0.55118,-0.31303,4.4643,14.9798,0.76
98.52,0.05339,-0.02927,0.48222,-0.55285,0.31628,4.4643,14.9798,0.76
98.54,0.05265,-0.02904,0.49106,-0.55805,0.4958,4.4643,14.9798,0.76
98.56,0.05179,-0.02873,0.49949,-0.56149,0.35186,4.4643,14.9798,0.76
98.58,0.05101,-0.02837,0.50398,-0.56158,0.1325,4.4643,14.9798,0.76
98.6,0.05039,-0.028,0.50513,-0.55935,0.00482,4.4643,14.9798,0.76
98.62,0.04989,-0.02762,0.50516,-0.55657,-0.00472,4.4643,14.9798,0.76
98.64,0.04943,-0.02729,0.50579,-0.55435,0.04614,4.4643,14.9798,0.76
98.66,0.04896,-0.027,0.50773,-0.55304,0.11675,4.4643,14.9798,0.76
98.68,0.04856,-0.0268,0.5136,-0.55581,0.38192,4.4643,14.9798,0.76
98.7,0.04822,-0.02666,0.52249,-0.56133,0.45339,4.4643,14.9798,0.76
98.72,0.04793,-0.02654,0.53043,-0.5657,0.33412,4.4643,14.9798,0.76
98.74,0.04772,-0.02644,0.53529,-0.56766,0.16694,4.4643,14.9798,0.76
98.76,0.04759,-0.02637,0.5376,-0.56796,0.06956,4.4643,14.9798,0.76
98.78,0.04751,-0.02636,0.53902,-0.56794,0.05937,4.4643,14.9798,0.76
98.8,0.04743,-0.02638,0.54071,-0.56832,0.08693,4.4643,14.9798,0.76
98.82,0.04732,-0.02644,0.54298,-0.56926,0.11795,4.4643,14.9798,0.76
98.84,0.0474,-0.02657,0.5455,-0.57136,0.12138,4.4643,14.9798,0.76
98.86,0.04768,-0.02675,0.54701,-0.57349,0.04254,4.4643,14.9798,0.76
98.88,0.04805,-0.02694,0.54578,-0.57377,-0.12133,4.4643,14.9798,0.76
98.9,0.04852,-0.02709,0.54115,-0.57178,-0.28513,4.4643,14.9798,0.76
98.92,0.04907,-0.02723,0.5342,-0.56844,-0.36451,4.4643,14.9798,0.76
98.94,0.04967,-0.02742,0.52669,-0.56505,-0.35792,4.4643,14.9798,0.76
98.96,0.05026,-0.02766,0.5197,-0.56229,-0.3221,4.4643,14.9798,0.76
98.98,0.05081,-0.02797,0.51336,-0.5602,-0.29228,4.4643,14.9798,0.76
99.0,0.05112,-0.02831,0.51186,-0.56113,0.06475,4.4643,14.9798,0.76
99.02,0.05116,-0.02867,0.51335,-0.56351,0.07886,4.4643,14.9798,0.76
99.04,0.05121,-0.02902,0.51204,-0.56392,-0.14616,4.4643,14.9798,0.76
99.06,0.05145,-0.02931,0.50552,-0.56138,-0.41341,4.4643,14.9798,0.76
99.08,0.05191,-0.02955,0.49477,-0.5569,-0.57755,4.4643,14.9798,0.76
99.1,0.0525,-0.02977,0.48224,-0.55198,-0.61587,4.4643,14.9798,0.76
99.12,0.05312,-0.02993,0.4698,-0.54746,-0.58462,4.4643,14.9798,0.76
99.14,0.05367,-0.03003,0.45837,-0.54351,-0.524,4.4643,14.9798,0.76
99.16,0.0536,-0.03007,0.45696,-0.54502,0.21463,4.4643,14.9798,0.76
99.18,0.0529,-0.03002,0.46385,-0.5499,0.41015,4.4643,14.9798,0.76
99.2,0.05205,-0.02987,0.47014,-0.55265,0.24215,4.4643,14.9798,0.76
99.22,0.05133,-0.02961,0.47194,-0.55166,-0.00625,4.4643,14.9798,0.76
99.24,0.05078,-0.02921,0.46987,-0.54805,-0.15712,4.4643,14.9798,0.76
99.26,0.05034,-0.02877,0.46633,-0.54369,-0.1807,4.4643,14.9798,0.76
99.28,0.0499,-0.02826,0.46324,-0.53975,-0.13257,4.4643,14.9798,0.76
99.3,0.04938,-0.02775,0.46154,-0.53664,-0.05361,4.4643,14.9798,0.76
99.32,0.04873,-0.02725,0.4673,-0.53938,0.47981,4.4643,14.9798,0.76
99.34,0.04793,-0.02683,0.47964,-0.5463,0.66345,4.4643,14.9798,0.76
99.36,0.04708,-0.02646,0.49215,-0.55206,0.56228,4.4643,14.9798,0.76
99.38,0.04632,-0.02613,0.50165,-0.55497,0.38756,4.4643,14.9798,0.76
99.4,0.04569,-0.02585,0.50847,-0.5559,0.28449,4.4643,14.9798,0.76
99.42,0.04517,-0.02562,0.51441,-0.55643,0.27689,4.4643,14.9798,0.76
99.44,0.04472,-0.02544,0.5207,-0.55749,0.30684,4.4643,14.9798,0.76
99.46,0.04428,-0.02533,0.52762,-0.55929,0.33813,4.4643,14.9798,0.76
99.48,0.04418,-0.02527,0.53369,-0.56258,0.25753,4.4643,14.9798,0.76
99.5,0.04447,-0.02534,0.53785,-0.56629,0.15824,4.4643,14.9798,0.76
99.52,0.0449,-0.02554,0.53924,-0.56837,0.00486,4.4643,14.9798,0.76
99.54,0.04534,-0.02577,0.53757,-0.56826,-0.13896,4.4643,14.9798,0.76
99.56,0.04574,-0.02596,0.53399,-0.56675,-0.19723,4.4643,14.9798,0.76
99.58,0.04606,-0.02609,0.5303,-0.56499,-0.16878,4.4643,14.9798,0.76
99.6,0.04645,-0.02617,0.52874,-0.56497,-0.01727,4.4643,14.9798,0.76
99.62,0.04693,-0.02632,0.52841,-0.56568,-0.01267,4.4643,14.9798,0.76
99.64,0.04749,-0.02656,0.52643,-0.56481,-0.14365,4.4643,14.9798,0.76
99.66,0.04814,-0.02687,0.52137,-0.56174,-0.30256,4.4643,14.9798,0.76
99.68,0.04889,-0.02726,0.51389,-0.55738,-0.39407,4.4643,14.9798,0.76
99.7,0.04968,-0.02769,0.50551,-0.55306,-0.40795,4.4643,14.9798,0.76
99.72,0.05046,-0.02815,0.49715,-0.54947,-0.39714,4.4643,14.9798,0.76
99.74,0.05121,-0.02861,0.48894,-0.54665,-0.3917,4.4643,14.9798,0.76
99.76,0.05138,-0.02907,0.48652,-0.5476,0.05364,4.4643,14.9798,0.76
99.78,0.05102,-0.02949,0.48795,-0.55051,0.08174,4.4643,14.9798,0.76
99.8,0.05071,-0.02986,0.48644,-0.55139,-0.16298,4.4643,14.9798,0.76
99.82,0.05071,-0.03015,0.47928,-0.54909,-0.45229,4.4643,14.9798,0.76
99.84,0.05104,-0.0304,0.46755,-0.54461,-0.62991,4.4643,14.9798,0.76
99.86,0.05157,-0.03057,0.45387,-0.53956,-0.67135,4.4643,14.9798,0.76
99.88,0.05213,-0.03069,0.44032,-0.53482,-0.63484,4.4643,14.9798,0.76
99.9,0.05265,-0.03073,0.42797,-0.53057,-0.56292,4.4643,14.9798,0.76
99.92,0.05246,-0.0307,0.42744,-0.53269,0.30949,4.4643,14.9798,0.76
99.94,0.05155,-0.03059,0.43692,-0.53886,0.55566,4.4643,14.9798,0.76
99.96,0.05047,-0.03037,0.44631,-0.54286,0.39467,4.4643,14.9798,0.76
99.98,0.04951,-0.03002,0.45118,-0.54289,0.13977,4.4643,14.9798,0.76
100.0,0.04872,-0.02957,0.45208,-0.54013,-0.01679,4.4643,14.9798,0.76
100.02,0.04806,-0.02901,0.45146,-0.53658,-0.04181,4.4643,14.9798,0.76
100.04,0.04739,-0.02838,0.45128,-0.53346,0.00696,4.4643,14.9798,0.76
100.06,0.04664,-0.02773,0.45258,-0.53125,0.08995,4.4643,14.9798,0.76
100.08,0.04589,-0.02711,0.46081,-0.53502,0.58282,4.4643,14.9798,0.76
100.1,0.04508,-0.02657,0.47531,-0.54315,0.7671,4.4643,14.9798,0.76
100.12,0.04425,-0.02607,0.49023,-0.55027,0.68417,4.4643,14.9798,0.76
100.14,0.04346,-0.02561,0.50252,-0.55465,0.52735,4.4643,14.9798,0.76
100.16,0.04278,-0.02522,0.51242,-0.55709,0.43448,4.4643,14.9798,0.76
100.18,0.04218,-0.02489,0.52148,-0.55911,0.42298,4.4643,14.9798,0.76
100.2,0.0416,-0.02461,0.53068,-0.56158,0.43944,4.4643,14.9798,0.76
100.22,0.04102,-0.02436,0.54014,-0.56463,0.44908,4.4643,14.9798,0.76
100.24,0.04095,-0.02421,0.54642,-0.5681,0.2029,4.4643,14.9798,0.76
100.26,0.04147,-0.02426,0.54856,-0.571,0.03178,4.4643,14.9798,0.76
100.28,0.04214,-0.02448,0.54727,-0.57196,-0.12765,4.4643,14.9798,0.76
100.3,0.04274,-0.0247,0.54313,-0.57062,-0.24928,4.4643,14.9798,0.76
100.32,0.04319,-0.02481,0.53759,-0.56771,-0.28088,4.4643,14.9798,0.76
100.34,0.04351,-0.02479,0.53247,-0.56433,-0.2271,4.4643,14.9798,0.76
100.36,0.0438,-0.02484,0.52883,-0.56111,-0.14389,4.4643,14.9798,0.76
100.38,0.04413,-0.0251,0.52682,-0.55822,-0.06729,4.4643,14.9798,0.76
100.4,0.04446,-0.02552,0.527,-0.55712,0.05984,4.4643,14.9798,0.76
100.42,0.04484,-0.02608,0.52783,-0.55679,0.03042,4.4643,14.9798,0.76
100.44,0.04539,-0.02672,0.52628,-0.55483,-0.13736,4.4643,14.9798,0.76
100.46,0.04614,-0.02735,0.52095,-0.55076,-0.3293,4.4643,14.9798,0.76
100.48,0.04702,-0.02795,0.51266,-0.54559,-0.44187,4.4643,14.9798,0.76
100.5,0.04797,-0.02848,0.5032,-0.5407,-0.4632,4.4643,14.9798,0.76
100.52,0.04894,-0.02898,0.49376,-0.53682,-0.44751,4.4643,14.9798,0.76
100.54,0.04991,-0.02943,0.48465,-0.53399,-0.42874,4.4643,14.9798,0.76
100.56,0.04984,-0.02985,0.48261,-0.53603,0.10787,4.4643,14.9798,0.76
100.58,0.0489,-0.0302,0.48563,-0.54087,0.17435,4.4643,14.9798,0.76
100.6,0.04806,-0.0305,0.48585,-0.5437,-0.08381,4.4643,14.9798,0.76
100.62,0.04764,-0.03071,0.47979,-0.54299,-0.41401,4.4643,14.9798,0.76
100.64,0.04766,-0.03089,0.46823,-0.5397,-0.63942,4.4643,14.9798,0.76
100.66,0.04797,-0.03098,0.45382,-0.53547,-0.72129,4.4643,14.9798,0.76
100.68,0.04839,-0.03101,0.43889,-0.53129,-0.71045,4.4643,14.9798,0.76
100.7,0.04878,-0.03094,0.42485,-0.52743,-0.64651,4.4643,14.9798,0.76
100.72,0.04862,-0.03083,0.42413,-0.53058,0.34726,4.4643,14.9798,0.76
100.74,0.04782,-0.03064,0.435,-0.53828,0.64216,4.4643,14.9798,0.76
100.76,0.04679,-0.03034,0.44621,-0.54368,0.48465,4.4643,14.9798,0.76
100.78,0.04581,-0.02992,0.45279,-0.54476,0.21792,4.4643,14.9798,0.76
100.8,0.04495,-0.02938,0.45515,-0.54276,0.04962,4.4643,14.9798,0.76
100.82,0.04416,-0.02873,0.45579,-0.53978,0.01648,4.4643,14.9798,0.76
100.84,0.04334,-0.02796,0.4568,-0.53715,0.0621,4.4643,14.9798,0.76
100.86,0.04238,-0.02714,0.45931,-0.5354,0.14838,4.4643,14.9798,0.76
100.88,0.04158,-0.02636,0.46912,-0.54001,0.66931,4.4643,14.9798,0.76
100.9,0.04085,-0.02565,0.48581,-0.5494,0.88293,4.4643,14.9798,0.76
100.92,0.04003,-0.02499,0.50342,-0.55791,0.82092,4.4643,14.9798,0.76
100.94,0.03919,-0.02439,0.51874,-0.56368,0.67815,4.4643,14.9798,0.76
100.96,0.03837,-0.02385,0.5319,-0.56749,0.59251,4.4643,14.9798,0.76
100.98,0.03757,-0.02334,0.54428,-0.57085,0.58072,4.4643,14.9798,0.76
101.0,0.03675,-0.0229,0.55669,-0.57462,0.58739,4.4643,14.9798,0.76
101.02,0.03589,-0.02244,0.5691,-0.57889,0.58076,4.4643,14.9798,0.76
101.04,0.0357,-0.02201,0.57629,-0.58292,0.18866,4.4643,14.9798,0.76
101.06,0.0363,-0.02175,0.57731,-0.58576,-0.05173,4.4643,14.9798,0.76
101.08,0.03709,-0.01997,0.5741,-0.58632,-0.23049,4.4643,14.9798,0.76
101.1,0.03774,-0.01864,0.56782,-0.58427,-0.3571,4.4643,14.9798,0.76
101.12,0.03804,-0.0205,0.56,-0.58017,-0.39539,4.4643,14.9798,0.76
101.14,0.0379,-0.02197,0.55237,-0.57488,-0.35122,4.4643,14.9798,0.76
101.16,0.03757,-0.02176,0.54614,-0.5689,-0.26755,4.4643,14.9798,0.76
101.18,0.03735,-0.02186,0.54177,-0.56258,-0.17403,4.4643,14.9798,0.76
101.2,0.03721,-0.02224,0.54005,-0.55868,-0.02123,4.4643,14.9798,0.76
101.22,0.03717,-0.02283,0.54002,-0.55656,0.01458,4.4643,14.9798,0.76
101.24,0.03722,-0.02348,0.53905,-0.55352,-0.0799,4.4643,14.9798,0.76
101.26,0.03734,-0.024,0.53587,-0.54896,-0.19324,4.4643,14.9798,0.76
101.28,0.03736,-0.02434,0.53133,-0.54396,-0.23081,4.4643,14.9798,0.76
101.3,0.03717,-0.02444,0.52709,-0.54002,-0.18314,4.4643,14.9798,0.76
101.32,0.0367,-0.02426,0.5242,-0.53793,-0.106,4.4643,14.9798,0.76
101.34,0.03595,-0.02378,0.52273,-0.53766,-0.04135,4.4643,14.9798,0.76
101.36,0.0345,-0.02296,0.52808,-0.54337,0.45024,4.4643,14.9798,0.76
101.38,0.03278,-0.02196,0.538,-0.55259,0.49565,4.4643,14.9798,0.76
101.4,0.03127,-0.02106,0.54398,-0.55945,0.16271,4.4643,14.9798,0.76
101.42,0.03042,-0.02018,0.54172,-0.56164,-0.25303,4.4643,14.9798,0.76
101.44,0.03063,-0.01916,0.53179,-0.55932,-0.61761,4.4643,14.9798,0.76
101.46,0.03036,-0.01814,0.51546,-0.55402,-0.89167,4.4643,14.9798,0.76
101.48,0.0297,-0.0172,0.49487,-0.54738,-1.05416,4.4643,14.9798,0.76
101.5,0.02895,-0.01634,0.47233,-0.5407,-1.10332,4.4643,14.9798,0.76
101.52,0.02896,-0.01568,0.46093,-0.54095,-0.20914,4.4643,14.9798,0.76
101.54,0.0293,-0.01514,0.45986,-0.54622,0.05362,4.4643,14.9798,0.76
101.56,0.02947,-0.01469,0.45879,-0.54998,-0.1052,4.4643,14.9798,0.76
101.58,0.02956,-0.01426,0.453,-0.54986,-0.37637,4.4643,14.9798,0.76
101.6,0.02967,-0.01351,0.44268,-0.54652,-0.5636,4.4643,14.9798,0.76
101.62,0.02977,-0.01221,0.43006,-0.5416,-0.62905,4.4643,14.9798,0.76
101.64,0.02977,-0.01053,0.41697,-0.53609,-0.62487,4.4643,14.9798,0.76
101.66,0.02955,-0.00886,0.40444,-0.53032,-0.58477,4.4643,14.9798,0.76
101.68,0.02996,-0.00763,0.40389,-0.5306,0.31912,4.4643,14.9798,0.76
101.7,0.03048,-0.00697,0.41357,-0.53477,0.56363,4.4643,14.9798,0.76
101.72,0.03061,-0.00633,0.42319,-0.53665,0.4056,4.4643,14.9798,0.76
101.74,0.03047,-0.00571,0.42862,-0.53467,0.17388,4.4643,14.9798,0.76
101.76,0.03018,-0.00514,0.43071,-0.53025,0.05326,4.4643,14.9798,0.76
101.78,0.02979,-0.00462,0.43201,-0.52549,0.06297,4.4643,14.9798,0.76
101.8,0.02928,-0.00419,0.4344,-0.5217,0.13916,4.4643,14.9798,0.76
101.82,0.02865,-0.00382,0.43866,-0.51936,0.23648,4.4643,14.9798,0.76
101.84,0.02803,-0.00355,0.44706,-0.52196,0.50358,4.4643,14.9798,0.76
101.86,0.02745,-0.00336,0.4587,-0.52808,0.58944,4.4643,14.9798,0.76
101.88,0.0269,-0.00323,0.46976,-0.53353,0.48912,4.4643,14.9798,0.76
101.9,0.02642,-0.00309,0.47814,-0.53695,0.34088,4.4643,14.9798,0.76
101.92,0.02602,-0.00296,0.48431,-0.53905,0.25882,4.4643,14.9798,0.76
101.94,0.02563,-0.00285,0.48986,-0.54111,0.26162,4.4643,14.9798,0.76
101.96,0.02521,-0.00273,0.49598,-0.54381,0.30485,4.4643,14.9798,0.76
101.98,0.02476,-0.00263,0.50309,-0.54723,0.3585,4.4643,14.9798,0.76
102.0,0.02435,-0.00256,0.50952,-0.55134,0.27924,4.4643,14.9798,0.76
102.02,0.02413,-0.00254,0.51421,-0.5551,0.19366,4.4643,14.9798,0.76
102.04,0.02414,-0.00256,0.51659,-0.55717,0.06639,4.4643,14.9798,0.76
102.06,0.02435,-0.00261,0.51637,-0.5573,-0.05767,4.4643,14.9798,0.76
102.08,0.02466,-0.00271,0.51441,-0.55639,-0.11676,4.4643,14.9798,0.76
102.1,0.02499,-0.00283,0.512,-0.55554,-0.11622,4.4643,14.9798,0.76
102.12,0.02529,-0.00296,0.50968,-0.55527,-0.10859,4.4643,14.9798,0.76
102.14,0.02554,-0.00311,0.50727,-0.55548,-0.12087,4.4643,14.9798,0.76
102.16,0.0256,-0.00328,0.50944,-0.55926,0.24283,4.4643,14.9798,0.76
102.18,0.02547,-0.00345,0.5144,-0.5649,0.2388,4.4643,14.9798,0.76
102.2,0.02537,-0.00357,0.51584,-0.56831,-0.03143,4.4643,14.9798,0.76
102.22,0.02554,-0.00364,0.51093,-0.56821,-0.35844,4.4643,14.9798,0.76
102.24,0.02599,-0.00368,0.50047,-0.56552,-0.589,4.4643,14.9798,0.76
102.26,0.02666,-0.0037,0.4868,-0.56177,-0.69626,4.4643,14.9798,0.76
102.28,0.02742,-0.00371,0.4718,-0.55788,-0.733,4.4643,14.9798,0.76
102.3,0.02822,-0.00375,0.45649,-0.55405,-0.7339,4.4643,14.9798,0.76
102.32,0.02862,-0.00383,0.45235,-0.55623,0.13195,4.4643,14.9798,0.76
102.34,0.02842,-0.00396,0.45761,-0.5621,0.33708,4.4643,14.9798,0.76
102.36,0.02804,-0.00407,0.46174,-0.56536,0.12348,4.4643,14.9798,0.76
102.38,0.02785,-0.00415,0.46035,-0.56409,-0.17654,4.4643,14.9798,0.76
102.4,0.02791,-0.00418,0.45424,-0.55951,-0.36122,4.4643,14.9798,0.76
102.42,0.02816,-0.00415,0.44617,-0.55366,-0.41607,4.4643,14.9798,0.76
102.44,0.02841,-0.00407,0.43811,-0.548,-0.36933,4.4643,14.9798,0.76
102.46,0.02856,-0.00395,0.43159,-0.54284,-0.2798,4.4643,14.9798,0.76
102.48,0.02836,-0.00386,0.43616,-0.54501,0.52957,4.4643,14.9798,0.76
102.5,0.02768,-0.0038,0.45074,-0.55251,0.81089,4.4643,14.9798,0.76
102.52,0.0268,-0.00377,0.4663,-0.5587,0.71246,4.4643,14.9798,0.76
102.54,0.02601,-0.00373,0.47867,-0.56156,0.52014,4.4643,14.9798,0.76
102.56,0.02539,-0.00371,0.48817,-0.56216,0.4129,4.4643,14.9798,0.76
102.58,0.02491,-0.00371,0.49691,-0.56241,0.41576,4.4643,14.9798,0.76
102.6,0.02445,-0.00373,0.5064,-0.56344,0.47028,4.4643,14.9798,0.76
102.62,0.02393,-0.00379,0.51715,-0.56562,0.53261,4.4643,14.9798,0.76
102.64,0.02348,-0.00387,0.52758,-0.57027,0.47626,4.4643,14.9798,0.76
102.66,0.02322,-0.00396,0.53679,-0.57631,0.41383,4.4643,14.9798,0.76
102.68,0.02309,-0.00404,0.54387,-0.58125,0.28612,4.4643,14.9798,0.76
102.7,0.02304,-0.00408,0.54834,-0.58435,0.16087,4.4643,14.9798,0.76
102.72,0.02298,-0.00407,0.55132,-0.58633,0.12125,4.4643,14.9798,0.76
102.74,0.02286,-0.00405,0.55463,-0.58835,0.17414,4.4643,14.9798,0.76
102.76,0.0226,-0.00402,0.55947,-0.59099,0.26172,4.4643,14.9798,0.76
102.78,0.02223,-0.00401,0.56606,-0.59424,0.34672,4.4643,14.9798,0.76
102.8,0.02206,-0.00406,0.57213,-0.59788,0.25993,4.4643,14.9798,0.76
102.82,0.0222,-0.00417,0.57617,-0.60088,0.15539,4.4643,14.9798,0.76
102.84,0.02255,-0.00431,0.57739,-0.60191,-0.0004,4.4643,14.9798,0.76
102.86,0.02302,-0.00447,0.57538,-0.60076,-0.15527,4.4643,14.9798,0.76
102.88,0.02355,-0.00465,0.57106,-0.5983,-0.24062,4.4643,14.9798,0.76
102.9,0.02406,-0.00485,0.56595,-0.59574,-0.2497,4.4643,14.9798,0.76
102.92,0.02453,-0.00504,0.56098,-0.5937,-0.23312,4.4643,14.9798,0.76
102.94,0.02496,-0.00525,0.5563,-0.59225,-0.21981,4.4643,14.9798,0.76
102.96,0.025,-0.00548,0.55663,-0.59473,0.16213,4.4643,14.9798,0.76
102.98,0.02472,-0.0057,0.56056,-0.59956,0.20842,4.4643,14.9798,0.76
103.0,0.02452,-0.00589,0.56196,-0.60255,-0.01479,4.4643,14.9798,0.76
103.02,0.02464,-0.00604,0.55779,-0.60228,-0.31092,4.4643,14.9798,0.76
103.04,0.0251,-0.00612,0.54853,-0.59957,-0.52566,4.4643,14.9798,0.76
103.06,0.02579,-0.00619,0.53625,-0.59591,-0.62727,4.4643,14.9798,0.76
103.08,0.02659,-0.00626,0.52268,-0.5922,-0.6653,4.4643,14.9798,0.76
103.1,0.0274,-0.00632,0.50869,-0.58864,-0.67319,4.4643,14.9798,0.76
103.12,0.02768,-0.0064,0.50437,-0.59055,0.08024,4.4643,14.9798,0.76
103.14,0.02732,-0.00653,0.50817,-0.59585,0.25287,4.4643,14.9798,0.76
103.16,0.02685,-0.00667,0.5105,-0.59875,0.03443,4.4643,14.9798,0.76
103.18,0.02664,-0.00678,0.50723,-0.5974,-0.26832,4.4643,14.9798,0.76
103.2,0.02682,-0.00686,0.49914,-0.59288,-0.45726,4.4643,14.9798,0.76
103.22,0.02721,-0.00691,0.48907,-0.58708,-0.49738,4.4643,14.9798,0.76
103.24,0.02765,-0.00691,0.47931,-0.58125,-0.45049,4.4643,14.9798,0.76
103.26,0.028,-0.00686,0.47107,-0.57586,-0.36186,4.4643,14.9798,0.76
103.28,0.02792,-0.00683,0.47425,-0.5777,0.47148,4.4643,14.9798,0.76
103.3,0.0273,-0.0068,0.48778,-0.58479,0.7656,4.4643,14.9798,0.76
103.32,0.02647,-0.00677,0.50232,-0.59043,0.66156,4.4643,14.9798,0.76
103.34,0.02573,-0.00671,0.5134,-0.59252,0.45313,4.4643,14.9798,0.76
103.36,0.02517,-0.00665,0.5213,-0.59209,0.3291,4.4643,14.9798,0.76
103.38,0.02473,-0.00659,0.5282,-0.59108,0.32529,4.4643,14.9798,0.76
103.4,0.0243,-0.00654,0.53584,-0.59073,0.38377,4.4643,14.9798,0.76
103.42,0.02381,-0.00653,0.54491,-0.59154,0.4565,4.4643,14.9798,0.76
103.44,0.02329,-0.00657,0.55493,-0.59572,0.49131,4.4643,14.9798,0.76
103.46,0.02286,-0.00661,0.56518,-0.60218,0.48544,4.4643,14.9798,0.76
103.48,0.02255,-0.00668,0.57392,-0.60774,0.36999,4.4643,14.9798,0.76
103.5,0.02232,-0.00671,0.58002,-0.61133,0.23467,4.4643,14.9798,0.76
103.52,0.02213,-0.00671,0.58433,-0.61361,0.17804,4.4643,14.9798,0.76
103.54,0.02187,-0.00665,0.58866,-0.61573,0.2141,4.4643,14.9798,0.76
103.56,0.0215,-0.00661,0.59425,-0.61835,0.29276,4.4643,14.9798,0.76
103.58,0.02101,-0.00655,0.60153,-0.62152,0.3766,4.4643,14.9798,0.76
103.6,0.02065,-0.00653,0.60719,-0.62477,0.20904,4.4643,14.9798,0.76
103.62,0.0206,-0.00655,0.60998,-0.62712,0.08849,4.4643,14.9798,0.76
103.64,0.02071,-0.0066,0.61012,-0.62747,-0.04331,4.4643,14.9798,0.76
103.66,0.0209,-0.00666,0.60768,-0.62569,-0.16272,4.4643,14.9798,0.76
103.68,0.02106,-0.00675,0.60371,-0.62267,-0.20931,4.4643,14.9798,0.76
103.7,0.0211,-0.00684,0.5997,-0.61964,-0.18266,4.4643,14.9798,0.76
103.72,0.02096,-0.00692,0.59653,-0.61727,-0.13397,4.4643,14.9798,0.76
103.74,0.02066,-0.00699,0.59426,-0.61566,-0.09242,4.4643,14.9798,0.76
103.76,0.02011,-0.00699,0.5963,-0.61804,0.22058,4.4643,14.9798,0.76
103.78,0.01937,-0.00689,0.6015,-0.62301,0.27448,4.4643,14.9798,0.76
103.8,0.01864,-0.00666,0.60465,-0.62646,0.08182,4.4643,14.9798,0.76
103.82,0.0181,-0.00625,0.6028,-0.6269,-0.18864,4.4643,14.9798,0.76
103.84,0.01795,-0.00567,0.5963,-0.62495,-0.38544,4.4643,14.9798,0.76
103.86,0.01804,-0.00489,0.58686,-0.62184,-0.49544,4.4643,14.9798,0.76
103.88,0.01811,-0.00396,0.57567,-0.61831,-0.56484,4.4643,14.9798,0.76
103.9,0.01804,-0.00288,0.56321,-0.61454,-0.62158,4.4643,14.9798,0.76
103.92,0.01803,-0.00181,0.55771,-0.61546,-0.04861,4.4643,14.9798,0.76
103.94,0.01784,-0.00077,0.55808,-0.61954,0.06066,4.4643,14.9798,0.76
103.96,0.01744,0.00015,0.55628,-0.62159,-0.17149,4.4643,14.9798,0.76
103.98,0.01707,0.00096,0.54863,-0.61988,-0.4832,4.4643,14.9798,0.76
104.0,0.01693,0.00163,0.53578,-0.61534,-0.69626,4.4643,14.9798,0.76
104.02,0.017,0.00216,0.52019,-0.60966,-0.77831,4.4643,14.9798,0.76
104.04,0.01724,0.00254,0.50384,-0.60387,-0.78776,4.4643,14.9798,0.76
104.06,0.01755,0.00281,0.48768,-0.59824,-0.76636,4.4643,14.9798,0.76
104.08,0.01833,0.00293,0.48229,-0.59818,0.05143,4.4643,14.9798,0.76
104.1,0.01914,0.00294,0.48589,-0.60159,0.25477,4.4643,14.9798,0.76
104.12,0.01963,0.00295,0.48855,-0.60258,0.05636,4.4643,14.9798,0.76
104.14,0.02003,0.00299,0.48602,-0.59935,-0.22557,4.4643,14.9798,0.76
104.16,0.02046,0.00307,0.47825,-0.59374,-0.44236,4.4643,14.9798,0.76
104.18,0.02094,0.00316,0.46889,-0.5869,-0.45403,4.4643,14.9798,0.76
104.2,0.02139,0.00324,0.46036,-0.5801,-0.38363,4.4643,14.9798,0.76
104.22,0.02175,0.00329,0.45376,-0.57393,-0.27764,4.4643,14.9798,0.76
104.24,0.02172,0.00327,0.45574,-0.57335,0.32537,4.4643,14.9798,0.76
104.26,0.02128,0.00319,0.46514,-0.57669,0.53206,4.4643,14.9798,0.76
104.28,0.02076,0.00306,0.47502,-0.57883,0.44017,4.4643,14.9798,0.76
104.3,0.02038,0.0029,0.48209,-0.57825,0.2749,4.4643,14.9798,0.76
104.32,0.02017,0.00273,0.48675,-0.57601,0.18567,4.4643,14.9798,0.76
104.34,0.02006,0.00255,0.49081,-0.57378,0.1917,4.4643,14.9798,0.76
104.36,0.01994,0.00234,0.49554,-0.57253,0.23866,4.4643,14.9798,0.76
104.38,0.01975,0.00212,0.50132,-0.57246,0.29208,4.4643,14.9798,0.76
104.4,0.01922,0.00191,0.50758,-0.57479,0.30257,4.4643,14.9798,0.76
104.42,0.01857,0.0017,0.51349,-0.57842,0.26903,4.4643,14.9798,0.76
104.44,0.01809,0.00152,0.51776,-0.58102,0.16258,4.4643,14.9798,0.76
104.46,0.01784,0.00136,0.51988,-0.58199,0.06132,4.4643,14.9798,0.76
104.48,0.01773,0.00123,0.52096,-0.58217,0.04227,4.4643,14.9798,0.76
104.5,0.01764,0.00111,0.52208,-0.58238,0.05936,4.4643,14.9798,0.76
104.52,0.0175,0.00099,0.52474,-0.58359,0.17013,4.4643,14.9798,0.76
104.54,0.01728,0.00089,0.52932,-0.58593,0.25132,4.4643,14.9798,0.76
104.56,0.01695,0.00081,0.53656,-0.59071,0.4113,4.4643,14.9798,0.76
104.58,0.0166,0.0008,0.54449,-0.59638,0.36562,4.4643,14.9798,0.76
104.6,0.01637,0.00086,0.54922,-0.60005,0.14399,4.4643,14.9798,0.76
104.62,0.01633,0.00105,0.54885,-0.60086,-0.11771,4.4643,14.9798,0.76
104.64,0.01646,0.00131,0.54409,-0.59968,-0.29846,4.4643,14.9798,0.76
104.66,0.0167,0.00164,0.53692,-0.59789,-0.37547,4.4643,14.9798,0.76
104.68,0.01694,0.002,0.52883,-0.59628,-0.39769,4.4643,14.9798,0.76
104.7,0.01714,0.00233,0.52053,-0.59501,-0.39945,4.4643,14.9798,0.76
104.72,0.01729,0.00262,0.5192,-0.59815,0.14246,4.4643,14.9798,0.76
104.74,0.01725,0.00286,0.52331,-0.60394,0.23628,4.4643,14.9798,0.76
104.76,0.01713,0.00304,0.52516,-0.60761,0.00324,4.4643,14.9798,0.76
104.78,0.0172,0.0032,0.5211,-0.60756,-0.31299,4.4643,14.9798,0.76
104.8,0.01752,0.00331,0.51167,-0.60468,-0.53763,4.4643,14.9798,0.76
104.82,0.01805,0.00341,0.49921,-0.60061,-0.63528,4.4643,14.9798,0.76
104.84,0.0187,0.00346,0.48571,-0.59633,-0.6556,4.4643,14.9798,0.76
104.86,0.01936,0.00347,0.47231,-0.59214,-0.63407,4.4643,14.9798,0.76
104.88,0.01991,0.00342,0.46955,-0.59359,0.17688,4.4643,14.9798,0.76
104.9,0.02008,0.00331,0.47591,-0.5986,0.39272,4.4643,14.9798,0.76
104.92,0.02002,0.00321,0.48167,-0.60126,0.21392,4.4643,14.9798,0.76
104.94,0.02008,0.00311,0.48222,-0.60012,-0.11958,4.4643,14.9798,0.76
104.96,0.02034,0.00302,0.47781,-0.59652,-0.26749,4.4643,14.9798,0.76
104.98,0.0207,0.00296,0.47214,-0.59159,-0.27568,4.4643,14.9798,0.76
105.0,0.02105,0.0029,0.46726,-0.58675,-0.21189,4.4643,14.9798,0.76
105.02,0.02131,0.00282,0.46409,-0.58257,-0.11717,4.4643,14.9798,0.76
105.04,0.02119,0.0027,0.46827,-0.58339,0.39703,4.4643,14.9798,0.76
105.06,0.0207,0.00252,0.47869,-0.58769,0.56637,4.4643,14.9798,0.76
105.08,0.02019,0.00232,0.48923,-0.5908,0.46862,4.4643,14.9798,0.76
105.1,0.01982,0.0021,0.49691,-0.59133,0.30518,4.4643,14.9798,0.76
105.12,0.01963,0.00188,0.50219,-0.59026,0.21506,4.4643,14.9798,0.76
105.14,0.01951,0.00165,0.50683,-0.58916,0.2184,4.4643,14.9798,0.76
105.16,0.01935,0.00142,0.51207,-0.58893,0.26203,4.4643,14.9798,0.76
105.18,0.01909,0.00119,0.51832,-0.58978,0.31445,4.4643,14.9798,0.76
105.2,0.01864,0.00096,0.5247,-0.59259,0.29837,4.4643,14.9798,0.76
105.22,0.01817,0.00078,0.53033,-0.59625,0.24999,4.4643,14.9798,0.76
105.24,0.01787,0.00062,0.53415,-0.59874,0.14027,4.4643,14.9798,0.76
105.26,0.01774,0.00048,0.5358,-0.59954,0.03899,4.4643,14.9798,0.76
105.28,0.01775,0.00036,0.53639,-0.59948,0.0201,4.4643,14.9798,0.76
105.3,0.0177,0.00026,0.53707,-0.59945,0.03834,4.4643,14.9798,0.76
105.32,0.0176,0.00017,0.53921,-0.60029,0.14165,4.4643,14.9798,0.76
105.34,0.01736,0.00011,0.54311,-0.60218,0.21609,4.4643,14.9798,0.76
105.36,0.01705,5e-05,0.54961,-0.60648,0.37447,4.4643,14.9798,0.76
105.38,0.01675,6e-05,0.5568,-0.61168,0.33106,4.4643,14.9798,0.76
105.4,0.01655,0.00014,0.56086,-0.6149,0.1131,4.4643,14.9798,0.76
105.42,0.01655,0.00031,0.55995,-0.61528,-0.14071,4.4643,14.9798,0.76
105.44,0.01671,0.00055,0.55484,-0.61368,-0.311,4.4643,14.9798,0.76
105.46,0.01697,0.00086,0.54756,-0.61149,-0.37575,4.4643,14.9798,0.76
105.48,0.01722,0.00118,0.53963,-0.60951,-0.38569,4.4643,14.9798,0.76
105.5,0.01743,0.00148,0.53174,-0.6079,-0.37534,4.4643,14.9798,0.76
105.52,0.01756,0.00171,0.53048,-0.61053,0.13354,4.4643,14.9798,0.76
105.54,0.01751,0.00188,0.53439,-0.61572,0.22564,4.4643,14.9798,0.76
105.56,0.0174,0.002,0.53622,-0.61887,0.00816,4.4643,14.9798,0.76
105.58,0.01746,0.00208,0.53251,-0.61844,-0.2902,4.4643,14.9798,0.76
105.6,0.0178,0.00212,0.52375,-0.61533,-0.49966,4.4643,14.9798,0.76
105.62,0.01834,0.00215,0.51225,-0.61115,-0.58458,4.4643,14.9798,0.76
105.64,0.01899,0.00211,0.49992,-0.60688,-0.5966,4.4643,14.9798,0.76
105.66,0.01967,0.00206,0.48782,-0.6028,-0.57038,4.4643,14.9798,0.76
105.68,0.02016,0.00193,0.48542,-0.60407,0.16486,4.4643,14.9798,0.76
105.7,0.02026,0.00173,0.49126,-0.60872,0.35814,4.4643,14.9798,0.76
105.72,0.02021,0.00155,0.49637,-0.61119,0.18306,4.4643,14.9798,0.76
105.74,0.02027,0.00137,0.49678,-0.60974,-0.07672,4.4643,14.9798,0.76
105.76,0.02056,0.00121,0.49312,-0.60546,-0.23546,4.4643,14.9798,0.76
105.78,0.02099,0.00109,0.48788,-0.60024,-0.26317,4.4643,14.9798,0.76
105.8,0.02142,0.00096,0.48303,-0.59527,-0.21726,4.4643,14.9798,0.76
105.82,0.02177,0.00082,0.47955,-0.591,-0.1388,4.4643,14.9798,0.76
105.84,0.02159,0.00065,0.48386,-0.59252,0.42005,4.4643,14.9798,0.76
105.86,0.02092,0.00045,0.495,-0.59817,0.60824,4.4643,14.9798,0.76
105.88,0.02025,0.00023,0.50619,-0.60258,0.49458,4.4643,14.9798,0.76
105.9,0.01982,1e-05,0.51402,-0.60405,0.29999,4.4643,14.9798,0.76
105.92,0.01963,-0.0002,0.51878,-0.60348,0.1786,4.4643,14.9798,0.76
105.94,0.01957,-0.00044,0.52236,-0.60252,0.1585,4.4643,14.9798,0.76
105.96,0.01954,-0.00066,0.52615,-0.60215,0.18857,4.4643,14.9798,0.76
105.98,0.01943,-0.00087,0.53075,-0.60273,0.23163,4.4643,14.9798,0.76
106.0,0.019,-0.00109,0.53666,-0.60592,0.31334,4.4643,14.9798,0.76
106.02,0.01845,-0.00126,0.54313,-0.61062,0.30606,4.4643,14.9798,0.76
106.04,0.01804,-0.00145,0.54801,-0.61409,0.18804,4.4643,14.9798,0.76
106.06,0.01783,-0.00158,0.55028,-0.61553,0.05862,4.4643,14.9798,0.76
106.08,0.01777,-0.00168,0.55095,-0.61576,0.01337,4.4643,14.9798,0.76
106.1,0.01776,-0.00175,0.55132,-0.61578,0.01798,4.4643,14.9798,0.76
106.12,0.0177,-0.0018,0.55215,-0.6161,0.05219,4.4643,14.9798,0.76
106.14,0.01758,-0.00184,0.55459,-0.6174,0.15612,4.4643,14.9798,0.76
106.16,0.01734,-0.00186,0.56014,-0.6213,0.33731,4.4643,14.9798,0.76
106.18,0.01706,-0.00184,0.56684,-0.6262,0.31484,4.4643,14.9798,0.76
106.2,0.01686,-0.00174,0.57083,-0.62922,0.11792,4.4643,14.9798,0.76
106.22,0.01683,-0.0016,0.57025,-0.62948,-0.11756,4.4643,14.9798,0.76
106.24,0.01694,-0.00137,0.56584,-0.62785,-0.27107,4.4643,14.9798,0.76
106.26,0.01714,-0.0011,0.55957,-0.62571,-0.32208,4.4643,14.9798,0.76
106.28,0.01733,-0.00081,0.55289,-0.62384,-0.32235,4.4643,14.9798,0.76
106.3,0.01746,-0.00055,0.5464,-0.62241,-0.30575,4.4643,14.9798,0.76
106.32,0.01751,-0.00031,0.54588,-0.62493,0.14766,4.4643,14.9798,0.76
106.34,0.01737,-0.00014,0.54995,-0.62981,0.22875,4.4643,14.9798,0.76
106.36,0.01721,1e-05,0.55203,-0.63276,0.02443,4.4643,14.9798,0.76
106.38,0.01722,0.00012,0.54893,-0.63235,-0.25267,4.4643,14.9798,0.76
106.4,0.01749,0.00018,0.54124,-0.62946,-0.44047,4.4643,14.9798,0.76
106.42,0.01795,0.00022,0.53119,-0.62565,-0.50923,4.4643,14.9798,0.76
106.44,0.0185,0.00021,0.52057,-0.62187,-0.51003,4.4643,14.9798,0.76
106.46,0.01905,0.00016,0.51033,-0.6184,-0.48064,4.4643,14.9798,0.76
106.48,0.01944,6e-05,0.50858,-0.61978,0.15966,4.4643,14.9798,0.76
106.5,0.01951,-0.0001,0.51391,-0.6242,0.31998,4.4643,14.9798,0.76
106.52,0.01947,-0.00028,0.51821,-0.62658,0.14166,4.4643,14.9798,0.76
106.54,0.01957,-0.00044,0.51781,-0.62528,-0.11561,4.4643,14.9798,0.76
106.56,0.01985,-0.00058,0.51437,-0.6219,-0.19641,4.4643,14.9798,0.76
106.58,0.02025,-0.0007,0.50924,-0.61754,-0.27855,4.4643,14.9798,0.76
106.6,0.0207,-0.00081,0.50353,-0.61293,-0.27396,4.4643,14.9798,0.76
106.62,0.02111,-0.00091,0.49861,-0.60876,-0.21644,4.4643,14.9798,0.76
106.64,0.02104,-0.00104,0.50127,-0.61004,0.33985,4.4643,14.9798,0.76
106.66,0.02049,-0.00119,0.51062,-0.61516,0.51899,4.4643,14.9798,0.76
106.68,0.0199,-0.00133,0.5198,-0.61891,0.3943,4.4643,14.9798,0.76
106.7,0.01951,-0.00148,0.52538,-0.61964,0.18882,4.4643,14.9798,0.76
106.72,0.01937,-0.00162,0.52771,-0.61822,0.05979,4.4643,14.9798,0.76
106.74,0.01937,-0.00176,0.52876,-0.61628,0.03783,4.4643,14.9798,0.76
106.76,0.01937,-0.00189,0.53004,-0.61486,0.06824,4.4643,14.9798,0.76
106.78,0.01936,-0.00204,0.53218,-0.61428,0.11663,4.4643,14.9798,0.76
106.8,0.01905,-0.00218,0.53706,-0.61694,0.30495,4.4643,14.9798,0.76
106.82,0.01852,-0.00233,0.54381,-0.62158,0.33399,4.4643,14.9798,0.76
106.84,0.0181,-0.00245,0.54911,-0.62495,0.20444,4.4643,14.9798,0.76
106.86,0.01788,-0.00257,0.55135,-0.62603,0.04512,4.4643,14.9798,0.76
106.88,0.01783,-0.00264,0.55156,-0.62576,-0.01589,4.4643,14.9798,0.76
106.9,0.01784,-0.00268,0.55119,-0.62525,-0.02173,4.4643,14.9798,0.76
106.92,0.01784,-0.00271,0.55107,-0.62502,-0.00064,4.4643,14.9798,0.76
106.94,0.01782,-0.00274,0.55156,-0.62525,0.03683,4.4643,14.9798,0.76
106.96,0.01769,-0.00276,0.55536,-0.6282,0.27289,4.4643,14.9798,0.76
106.98,0.01743,-0.00276,0.5613,-0.6326,0.29461,4.4643,14.9798,0.76
107.0,0.0172,-0.00273,0.56522,-0.63536,0.12499,4.4643,14.9798,0.76
107.02,0.01713,-0.00262,0.56504,-0.63551,-0.09075,4.4643,14.9798,0.76
107.04,0.01722,-0.00248,0.5614,-0.63386,-0.22807,4.4643,14.9798,0.76
107.06,0.01738,-0.0023,0.55621,-0.63176,-0.26429,4.4643,14.9798,0.76
107.08,0.01754,-0.0021,0.55088,-0.63001,-0.25273,4.4643,14.9798,0.76
107.1,0.01765,-0.00192,0.54597,-0.62878,-0.22692,4.4643,14.9798,0.76
107.12,0.01763,-0.00176,0.54655,-0.63125,0.18465,4.4643,14.9798,0.76
107.14,0.01742,-0.00163,0.55125,-0.63587,0.25392,4.4643,14.9798,0.76
107.16,0.01719,-0.00151,0.55396,-0.63863,0.05834,4.4643,14.9798,0.76
107.18,0.01715,-0.00141,0.55181,-0.6382,-0.2015,4.4643,14.9798,0.76
107.2,0.01735,-0.00132,0.54541,-0.63547,-0.37274,4.4643,14.9798,0.76
107.22,0.01772,-0.00125,0.53697,-0.63199,-0.42606,4.4643,14.9798,0.76
107.24,0.01815,-0.00122,0.52824,-0.62869,-0.41663,4.4643,14.9798,0.76
107.26,0.01856,-0.00122,0.52001,-0.62582,-0.3818,4.4643,14.9798,0.76
107.28,0.0188,-0.00128,0.51932,-0.62747,0.18047,4.4643,14.9798,0.76
107.3,0.01876,-0.00142,0.52477,-0.63194,0.31631,4.4643,14.9798,0.76
107.32,0.01864,-0.00155,0.52902,-0.6345,0.13959,4.4643,14.9798,0.76
107.34,0.01869,-0.00166,0.52867,-0.63362,-0.11168,4.4643,14.9798,0.76
107.36,0.01895,-0.00177,0.5243,-0.63025,-0.27101,4.4643,14.9798,0.76
107.38,0.01934,-0.00185,0.51869,-0.62637,-0.27083,4.4643,14.9798,0.76
107.4,0.01974,-0.00194,0.5136,-0.62295,-0.2307,4.4643,14.9798,0.76
107.42,0.02008,-0.00204,0.50944,-0.62006,-0.18344,4.4643,14.9798,0.76
107.44,0.02006,-0.00215,0.51187,-0.62175,0.30151,4.4643,14.9798,0.76
107.46,0.01966,-0.00228,0.51981,-0.62648,0.43297,4.4643,14.9798,0.76
107.48,0.01925,-0.00242,0.52691,-0.6296,0.28643,4.4643,14.9798,0.76
107.5,0.01904,-0.00254,0.53008,-0.62964,0.06863,4.4643,14.9798,0.76
107.52,0.01903,-0.00263,0.52986,-0.62751,-0.06351,4.4643,14.9798,0.76
107.54,0.01916,-0.00272,0.52833,-0.62486,-0.08462,4.4643,14.9798,0.76
107.56,0.01931,-0.0028,0.52708,-0.62268,-0.05059,4.4643,14.9798,0.76
107.58,0.01939,-0.0029,0.52678,-0.62125,0.0029,4.4643,14.9798,0.76
107.6,0.01914,-0.00301,0.53054,-0.62348,0.28803,4.4643,14.9798,0.76
107.62,0.01868,-0.00313,0.5373,-0.62799,0.34754,4.4643,14.9798,0.76
107.64,0.0183,-0.00323,0.54272,-0.63111,0.20566,4.4643,14.9798,0.76
107.66,0.01812,-0.00332,0.54462,-0.63167,0.01857,4.4643,14.9798,0.76
107.68,0.01812,-0.00337,0.54413,-0.63073,-0.05398,4.4643,14.9798,0.76
107.7,0.01821,-0.00342,0.54285,-0.62954,-0.06926,4.4643,14.9798,0.76
107.72,0.01831,-0.00344,0.54165,-0.6286,-0.05359,4.4643,14.9798,0.76
107.74,0.01834,-0.00345,0.54094,-0.62809,-0.02486,4.4643,14.9798,0.76
107.76,0.01816,-0.00345,0.54398,-0.63055,0.25152,4.4643,14.9798,0.76
107.78,0.01782,-0.00345,0.5497,-0.63471,0.29077,4.4643,14.9798,0.76
107.8,0.01753,-0.00343,0.55363,-0.63727,0.12807,4.4643,14.9798,0.76
107.82,0.01742,-0.00338,0.55359,-0.63719,-0.08133,4.4643,14.9798,0.76
107.84,0.0175,-0.00329,0.55026,-0.6353,-0.21023,4.4643,14.9798,0.76
107.86,0.01766,-0.00319,0.54586,-0.6332,-0.21463,4.4643,14.9798,0.76
107.88,0.0178,-0.00305,0.54152,-0.63149,-0.2067,4.4643,14.9798,0.76
107.9,0.01791,-0.00296,0.53753,-0.63023,-0.18302,4.4643,14.9798,0.76
107.92,0.01783,-0.00285,0.53885,-0.63261,0.21432,4.4643,14.9798,0.76
107.94,0.01755,-0.00278,0.54416,-0.63714,0.28323,4.4643,14.9798,0.76
107.96,0.01728,-0.00272,0.5476,-0.63986,0.09494,4.4643,14.9798,0.76
107.98,0.0172,-0.00264,0.54637,-0.6395,-0.1529,4.4643,14.9798,0.76
108.0,0.01735,-0.00255,0.54116,-0.63697,-0.31148,4.4643,14.9798,0.76
108.02,0.01765,-0.00248,0.53412,-0.6338,-0.35529,4.4643,14.9798,0.76
108.04,0.01798,-0.00241,0.52695,-0.63089,-0.33953,4.4643,14.9798,0.76
108.06,0.01828,-0.0024,0.52038,-0.62849,-0.30131,4.4643,14.9798,0.76
108.08,0.0184,-0.00242,0.52064,-0.63038,0.20454,4.4643,14.9798,0.76
108.1,0.01827,-0.0025,0.52634,-0.63491,0.31972,4.4643,14.9798,0.76
108.12,0.01809,-0.00257,0.53067,-0.63759,0.14337,4.4643,14.9798,0.76
108.14,0.01807,-0.00264,0.53047,-0.63698,-0.1029,4.4643,14.9798,0.76
108.16,0.01828,-0.00269,0.52635,-0.63403,-0.25764,4.4643,14.9798,0.76
108.18,0.0186,-0.00275,0.52098,-0.63061,-0.26003,4.4643,14.9798,0.76
108.2,0.01892,-0.0028,0.51608,-0.62765,-0.22353,4.4643,14.9798,0.76
108.22,0.01919,-0.00286,0.512,-0.62522,-0.18102,4.4643,14.9798,0.76
108.24,0.01917,-0.00293,0.5141,-0.62705,0.27447,4.4643,14.9798,0.76
108.26,0.01884,-0.00304,0.52121,-0.63158,0.38501,4.4643,14.9798,0.76
108.28,0.01851,-0.00314,0.52715,-0.63442,0.22616,4.4643,14.9798,0.76
108.3,0.01836,-0.00322,0.52899,-0.63417,0.00322,4.4643,14.9798,0.76
108.32,0.01842,-0.00329,0.52735,-0.63177,-0.13265,4.4643,14.9798,0.76
108.34,0.0186,-0.00336,0.52434,-0.62883,-0.15646,4.4643,14.9798,0.76
108.36,0.01881,-0.00342,0.52153,-0.62631,-0.12605,4.4643,14.9798,0.76
108.38,0.01897,-0.00348,0.51951,-0.62444,-0.0836,4.4643,14.9798,0.76
108.4,0.01885,-0.00355,0.52229,-0.62639,0.26622,4.4643,14.9798,0.76
108.42,0.01848,-0.00365,0.52883,-0.63078,0.34404,4.4643,14.9798,0.76
108.44,0.01812,-0.00372,0.53408,-0.63368,0.19605,4.4643,14.9798,0.76
108.46,0.01797,-0.0038,0.53558,-0.63384,-0.00562,4.4643,14.9798,0.76
108.48,0.01799,-0.00383,0.53452,-0.63243,-0.08242,4.4643,14.9798,0.76
108.5,0.01811,-0.00386,0.5326,-0.63074,-0.1022,4.4643,14.9798,0.76
108.52,0.01823,-0.00389,0.53065,-0.62929,-0.09164,4.4643,14.9798,0.76
108.54,0.0183,-0.0039,0.5291,-0.62826,-0.06604,4.4643,14.9798,0.76
108.56,0.01818,-0.00391,0.53178,-0.63044,0.24813,4.4643,14.9798,0.76
108.58,0.01785,-0.00393,0.5376,-0.63454,0.30058,4.4643,14.9798,0.76
108.6,0.01755,-0.00394,0.54173,-0.63702,0.1366,4.4643,14.9798,0.76
108.62,0.01743,-0.0039,0.54183,-0.63677,-0.07604,4.4643,14.9798,0.76
108.64,0.01751,-0.00384,0.53861,-0.63468,-0.20519,4.4643,14.9798,0.76
108.66,0.01768,-0.00376,0.53432,-0.63236,-0.20932,4.4643,14.9798,0.76
108.68,0.01783,-0.00369,0.53038,-0.63057,-0.17979,4.4643,14.9798,0.76
108.7,0.01792,-0.00361,0.5271,-0.62937,-0.14525,4.4643,14.9798,0.76
108.72,0.01783,-0.00356,0.52901,-0.63174,0.23683,4.4643,14.9798,0.76
108.74,0.01753,-0.00352,0.53472,-0.63616,0.29976,4.4643,14.9798,0.76
108.76,0.01725,-0.00347,0.53857,-0.63878,0.11627,4.4643,14.9798,0.76
108.78,0.01714,-0.00342,0.53789,-0.63838,-0.12365,4.4643,14.9798,0.76
108.8,0.01726,-0.00333,0.53339,-0.63588,-0.27425,4.4643,14.9798,0.76
108.82,0.01751,-0.00326,0.52725,-0.63283,-0.31013,4.4643,14.9798,0.76
108.84,0.01778,-0.0032,0.5211,-0.63011,-0.28848,4.4643,14.9798,0.76
108.86,0.01801,-0.00316,0.51564,-0.62795,-0.24724,4.4643,14.9798,0.76
108.88,0.01805,-0.00316,0.51657,-0.62994,0.22388,4.4643,14.9798,0.76
108.9,0.01784,-0.0032,0.52251,-0.63446,0.32582,4.4643,14.9798,0.76
108.92,0.0176,-0.00325,0.52699,-0.63716,0.15005,4.4643,14.9798,0.76
108.94,0.01754,-0.00329,0.52699,-0.63668,-0.09113,4.4643,14.9798,0.76
108.96,0.01769,-0.00331,0.52316,-0.63394,-0.2428,4.4643,14.9798,0.76
108.98,0.01797,-0.00334,0.51808,-0.63078,-0.24749,4.4643,14.9798,0.76
109.0,0.01825,-0.00336,0.5134,-0.6281,-0.21415,4.4643,14.9798,0.76
109.02,0.01848,-0.00339,0.50948,-0.62596,-0.17406,4.4643,14.9798,0.76
109.04,0.01845,-0.00346,0.51148,-0.62787,0.26189,4.4643,14.9798,0.76
109.06,0.01816,-0.00353,0.51815,-0.63228,0.35813,4.4643,14.9798,0.76
109.08,0.01787,-0.00362,0.52344,-0.63495,0.19262,4.4643,14.9798,0.76
109.1,0.01776,-0.00368,0.52456,-0.63455,-0.03211,4.4643,14.9798,0.76
109.12,0.01784,-0.00373,0.52284,-0.63243,-0.11657,4.4643,14.9798,0.76
109.14,0.01802,-0.00377,0.52015,-0.62997,-0.14052,4.4643,14.9798,0.76
109.16,0.01821,-0.0038,0.51735,-0.62773,-0.13413,4.4643,14.9798,0.76
109.18,0.01837,-0.00384,0.51488,-0.62586,-0.11226,4.4643,14.9798,0.76
109.2,0.01828,-0.00389,0.51738,-0.62777,0.26177,4.4643,14.9798,0.76
109.22,0.01794,-0.00396,0.52385,-0.6321,0.34247,4.4643,14.9798,0.76
109.24,0.01761,-0.00404,0.52894,-0.63484,0.18468,4.4643,14.9798,0.76
109.26,0.01746,-0.00407,0.53007,-0.63474,-0.02733,4.4643,14.9798,0.76
109.28,0.0175,-0.00409,0.52852,-0.63304,-0.10661,4.4643,14.9798,0.76
109.3,0.01764,-0.0041,0.52608,-0.63107,-0.12756,4.4643,14.9798,0.76
109.32,0.01777,-0.0041,0.52358,-0.62935,-0.11893,4.4643,14.9798,0.76
109.34,0.01787,-0.00409,0.52143,-0.62802,-0.09599,4.4643,14.9798,0.76
109.36,0.01773,-0.0041,0.52394,-0.63017,0.25327,4.4643,14.9798,0.76
109.38,0.01739,-0.00411,0.53002,-0.63444,0.31755,4.4643,14.9798,0.76
109.4,0.01706,-0.00411,0.53448,-0.63707,0.15191,4.4643,14.9798,0.76
109.42,0.01692,-0.00408,0.53483,-0.63686,-0.06617,4.4643,14.9798,0.76
109.44,0.01694,-0.00404,0.53248,-0.63513,-0.14429,4.4643,14.9798,0.76
109.46,0.01706,-0.00398,0.52924,-0.63317,-0.16496,4.4643,14.9798,0.76
109.48,0.01718,-0.00392,0.52592,-0.63147,-0.15865,4.4643,14.9798,0.76
109.5,0.01728,-0.00385,0.52289,-0.63013,-0.13961,4.4643,14.9798,0.76
109.52,0.0172,-0.00382,0.52494,-0.63238,0.24477,4.4643,14.9798,0.76
109.54,0.01691,-0.0038,0.5309,-0.63677,0.31332,4.4643,14.9798,0.76
109.56,0.01662,-0.00377,0.53511,-0.63941,0.13662,4.4643,14.9798,0.76
109.58,0.01651,-0.00373,0.53494,-0.63907,-0.09743,4.4643,14.9798,0.76
109.6,0.01661,-0.00368,0.53107,-0.63666,-0.24183,4.4643,14.9798,0.76
109.62,0.01683,-0.00362,0.52602,-0.63392,-0.2462,4.4643,14.9798,0.76
109.64,0.01704,-0.00357,0.52134,-0.6317,-0.21392,4.4643,14.9798,0.76
109.66,0.0172,-0.00355,0.51739,-0.63003,-0.17646,4.4643,14.9798,0.76
109.68,0.01718,-0.00357,0.51916,-0.6322,0.24522,4.4643,14.9798,0.76
109.7,0.01695,-0.00361,0.52529,-0.63666,0.32721,4.4643,14.9798,0.76
109.72,0.01671,-0.00366,0.52979,-0.6393,0.15022,4.4643,14.9798,0.76
109.74,0.01665,-0.00368,0.52986,-0.63886,-0.08634,4.4643,14.9798,0.76
109.76,0.01681,-0.00369,0.52621,-0.63626,-0.23242,4.4643,14.9798,0.76
109.78,0.01707,-0.00369,0.52135,-0.63327,-0.23716,4.4643,14.9798,0.76
109.8,0.01733,-0.00371,0.51687,-0.63079,-0.20419,4.4643,14.9798,0.76
109.82,0.01752,-0.00373,0.51317,-0.62884,-0.16436,4.4643,14.9798,0.76
109.84,0.01749,-0.00377,0.51512,-0.63081,0.25218,4.4643,14.9798,0.76
109.86,0.0172,-0.00384,0.52146,-0.63515,0.33927,4.4643,14.9798,0.76
109.88,0.01692,-0.00391,0.52633,-0.63774,0.17114,4.4643,14.9798,0.76
109.9,0.01682,-0.00394,0.52698,-0.63731,-0.05515,4.4643,14.9798,0.76
109.92,0.0169,-0.00398,0.52481,-0.63519,-0.13693,4.4643,14.9798,0.76
109.94,0.01707,-0.00398,0.52172,-0.63278,-0.15935,4.4643,14.9798,0.76
109.96,0.01725,-0.004,0.51854,-0.6306,-0.15181,4.4643,14.9798,0.76
109.98,0.0174,-0.00401,0.51569,-0.62877,-0.12981,4.4643,14.9798,0.76
110.0,0.01731,-0.00403,0.51796,-0.6307,0.25497,4.4643,14.9798,0.76
110.02,0.01698,-0.00409,0.52429,-0.63497,0.33568,4.4643,14.9798,0.76
110.04,0.01666,-0.00412,0.52917,-0.63761,0.17301,4.4643,14.9798,0.76
110.06,0.01654,-0.00412,0.52995,-0.63734,-0.0462,4.4643,14.9798,0.76
110.08,0.01658,-0.00411,0.528,-0.63546,-0.12567,4.4643,14.9798,0.76
110.1,0.0167,-0.00409,0.52515,-0.63332,-0.14777,4.4643,14.9798,0.76
110.12,0.01683,-0.00407,0.52221,-0.63142,-0.14002,4.4643,14.9798,0.76
110.14,0.01691,-0.00405,0.51962,-0.62989,-0.11766,4.4643,14.9798,0.76
110.16,0.0168,-0.00403,0.52196,-0.63199,0.25339,4.4643,14.9798,0.76
110.18,0.01647,-0.00403,0.52813,-0.63632,0.32471,4.4643,14.9798,0.76
110.2,0.01616,-0.00402,0.53272,-0.63897,0.15792,4.4643,14.9798,0.76
110.22,0.01603,-0.00398,0.53316,-0.63874,-0.06374,4.4643,14.9798,0.76
110.24,0.01606,-0.00394,0.53085,-0.63692,-0.14278,4.4643,14.9798,0.76
110.26,0.01617,-0.00387,0.52764,-0.63486,-0.16402,4.4643,14.9798,0.76
110.28,0.01628,-0.00383,0.52435,-0.63303,-0.15676,4.4643,14.9798,0.76
110.3,0.01636,-0.00378,0.52137,-0.63156,-0.13674,4.4643,14.9798,0.76
110.32,0.01627,-0.00375,0.52394,-0.63402,0.28283,4.4643,14.9798,0.76
110.34,0.01596,-0.00375,0.53108,-0.63919,0.38285,4.4643,14.9798,0.76
110.36,0.01558,-0.00375,0.53869,-0.64405,0.35765,4.4643,14.9798,0.76
110.38,0.01527,-0.00372,0.54512,-0.64771,0.28028,4.4643,14.9798,0.76
110.4,0.01507,-0.0037,0.54965,-0.64999,0.17971,4.4643,14.9798,0.76
110.42,0.01502,-0.00365,0.5512,-0.65048,0.00987,4.4643,14.9798,0.76
110.44,0.01513,-0.00359,0.54931,-0.64908,-0.15477,4.4643,14.9798,0.76
110.46,0.0154,-0.00353,0.54427,-0.64604,-0.29785,4.4643,14.9798,0.76
110.48,0.01577,-0.00348,0.53654,-0.6416,-0.41912,4.4643,14.9798,0.76
110.5,0.0162,-0.00344,0.52654,-0.63591,-0.52242,4.4643,14.9798,0.76
110.52,0.01664,-0.00343,0.51457,-0.6291,-0.61262,4.4643,14.9798,0.76
110.54,0.01708,-0.00343,0.50086,-0.62126,-0.69316,4.4643,14.9798,0.76
110.56,0.0175,-0.00346,0.48557,-0.61246,-0.76686,4.4643,14.9798,0.76
110.58,0.01791,-0.00351,0.46884,-0.60276,-0.83417,4.4643,14.9798,0.76
110.6,0.0183,-0.00355,0.4508,-0.59221,-0.89594,4.4643,14.9798,0.76
110.62,0.01869,-0.0036,0.43156,-0.58086,-0.95153,4.4643,14.9798,0.76
110.64,0.01908,-0.00365,0.41128,-0.56876,-0.99902,4.4643,14.9798,0.76
110.66,0.01948,-0.00368,0.39011,-0.55595,-1.03955,4.4643,14.9798,0.76
110.68,0.01989,-0.00371,0.36821,-0.54246,-1.07122,4.4643,14.9798,0.76
110.7,0.0203,-0.00374,0.34577,-0.52834,-1.09417,4.4643,14.9798,0.76
110.72,0.02073,-0.00377,0.32294,-0.51363,-1.1098,4.4643,14.9798,0.76
110.74,0.02116,-0.0038,0.29988,-0.49836,-1.11846,4.4643,14.9798,0.76
110.76,0.02159,-0.00383,0.27671,-0.48257,-1.1225,4.4643,14.9798,0.76
110.78,0.022,-0.00386,0.25351,-0.46631,-1.12184,4.4643,14.9798,0.76
110.8,0.02239,-0.0039,0.23037,-0.4496,-1.11795,4.4643,14.9798,0.76
110.82,0.02275,-0.00392,0.20736,-0.43251,-1.1111,4.4643,14.9798,0.76
110.84,0.02308,-0.00397,0.18451,-0.41506,-1.10257,4.4643,14.9798,0.76
110.86,0.02336,-0.00401,0.16186,-0.3973,-1.09251,4.4643,14.9798,0.76
110.88,0.02361,-0.00406,0.13945,-0.37928,-1.08128,4.4643,14.9798,0.76
110.9,0.02382,-0.0041,0.11729,-0.36106,-1.06782,4.4643,14.9798,0.76
110.92,0.02398,-0.00415,0.09543,-0.34268,-1.05392,4.4643,14.9798,0.76
110.94,0.02411,-0.0042,0.07386,-0.32419,-1.03975,4.4643,14.9798,0.76
110.96,0.02419,-0.00426,0.05261,-0.30565,-1.02419,4.4643,14.9798,0.76
110.98,0.02424,-0.00429,0.0317,-0.28709,-1.00787,4.4643,14.9798,0.76
111.0,0.02425,-0.00435,0.01115,-0.26857,-0.99087,4.4643,14.9798,0.76
111.02,0.02425,-0.0044,-0.00903,-0.25012,-0.97243,4.4643,14.9798,0.76
111.04,0.02424,-0.00446,-0.02882,-0.2318,-0.95315,4.4643,14.9798,0.76
111.06,0.02423,-0.00451,-0.04819,-0.21364,-0.93259,4.4643,14.9798,0.76
111.08,0.02421,-0.00458,-0.06713,-0.19569,-0.91136,4.4643,14.9798,0.76
111.1,0.02416,-0.00463,-0.0856,-0.17798,-0.88804,4.4643,14.9798,0.76
111.12,0.02407,-0.00469,-0.10357,-0.16057,-0.86315,4.4643,14.9798,0.76
111.14,0.02398,-0.00476,-0.121,-0.14349,-0.83636,4.4643,14.9798,0.76
111.16,0.02389,-0.00482,-0.13787,-0.12677,-0.80835,4.4643,14.9798,0.76
111.18,0.0238,-0.00487,-0.15414,-0.11045,-0.77899,4.4643,14.9798,0.76
111.2,0.02371,-0.00493,-0.16978,-0.09457,-0.74846,4.4643,14.9798,0.76
111.22,0.02362,-0.00498,-0.18477,-0.07918,-0.71585,4.4643,14.9798,0.76
111.24,0.02353,-0.00504,-0.19907,-0.06429,-0.68102,4.4643,14.9798,0.76
111.26,0.02344,-0.00509,-0.21263,-0.04995,-0.64472,4.4643,14.9798,0.76
111.28,0.02335,-0.00514,-0.22543,-0.03621,-0.60709,4.4643,14.9798,0.76
111.3,0.02325,-0.0052,-0.23743,-0.02308,-0.56749,4.4643,14.9798,0.76
111.32,0.02316,-0.00524,-0.24859,-0.01062,-0.52622,4.4643,14.9798,0.76
111.34,0.02305,-0.00529,-0.25889,0.00116,-0.48374,4.4643,14.9798,0.76
111.36,0.02295,-0.00534,-0.26832,0.01221,-0.44092,4.4643,14.9798,0.76
111.38,0.02284,-0.00539,-0.27684,0.02249,-0.39615,4.4643,14.9798,0.76
111.4,0.02272,-0.00544,-0.28443,0.03198,-0.35021,4.4643,14.9798,0.76
111.42,0.02261,-0.00549,-0.29107,0.04064,-0.30393,4.4643,14.9798,0.76
111.44,0.02253,-0.00554,-0.29655,0.04829,-0.2409,4.4643,14.9798,0.76
111.46,0.0225,-0.0056,-0.30087,0.05491,-0.18892,4.4643,14.9798,0.76
111.48,0.0225,-0.00566,-0.30424,0.06068,-0.14546,4.4643,14.9798,0.76
111.5,0.02251,-0.00571,-0.30676,0.06567,-0.10647,4.4643,14.9798,0.76
111.52,0.02252,-0.00577,-0.30852,0.0699,-0.07044,4.4643,14.9798,0.76
111.54,0.02253,-0.00582,-0.30958,0.07347,-0.03823,4.4643,14.9798,0.76
111.56,0.02254,-0.00586,-0.31005,0.07647,-0.01174,4.4643,14.9798,0.76
111.58,0.02255,-0.00591,-0.31006,0.07903,0.00765,4.4643,14.9798,0.76
111.6,0.02256,-0.00595,-0.30974,0.08123,0.0211,4.4643,14.9798,0.76
111.62,0.02257,-0.00599,-0.3092,0.08315,0.02976,4.4643,14.9798,0.76
111.64,0.02258,-0.00603,-0.30852,0.08482,0.03454,4.4643,14.9798,0.76
111.66,0.02259,-0.00606,-0.30778,0.08627,0.0359,4.4643,14.9798,0.76
111.68,0.0226,-0.00609,-0.30704,0.08751,0.03488,4.4643,14.9798,0.76
111.7,0.02261,-0.00612,-0.30634,0.08857,0.03211,4.4643,14.9798,0.76
111.72,0.02262,-0.00615,-0.30573,0.08945,0.02619,4.4643,14.9798,0.76
111.74,0.02262,-0.00618,-0.30523,0.09015,0.02081,4.4643,14.9798,0.76
111.76,0.02263,-0.0062,-0.30484,0.09069,0.01533,4.4643,14.9798,0.76
111.78,0.02263,-0.00621,-0.30455,0.09109,0.01094,4.4643,14.9798,0.76
111.8,0.02263,-0.00623,-0.30435,0.09136,0.00672,4.4643,14.9798,0.76
111.82,0.02263,-0.00624,-0.30425,0.09151,0.00171,4.4643,14.9798,0.76
111.84,0.02262,-0.00625,-0.30425,0.09152,-0.00129,4.4643,14.9798,0.76
111.86,0.02262,-0.00625,-0.30432,0.09151,-0.0071,4.4643,14.9798,0.76
111.88,0.02261,-0.00626,-0.30447,0.09148,-0.01093,4.4643,14.9798,0.76
111.9,0.02261,-0.00626,-0.30469,0.09135,-0.01221,4.4643,14.9798,0.76
111.92,0.0226,-0.00626,-0.30493,0.09109,-0.01295,4.4643,14.9798,0.76
111.94,0.02258,-0.00624,-0.30518,0.09077,-0.01305,4.4643,14.9798,0.76
111.96,0.02256,-0.00621,-0.30544,0.09046,-0.01304,4.4643,14.9798,0.76
111.98,0.0225,-0.00619,-0.3057,0.09015,-0.01303,4.4643,14.9798,0.76
112.0,0.0224,-0.00617,-0.30595,0.08987,-0.01287,4.4643,14.9798,0.76
112.02,0.02229,-0.00615,-0.3062,0.08961,-0.01216,4.4643,14.9798,0.76
112.04,0.0222,-0.00613,-0.30644,0.08938,-0.01163,4.4643,14.9798,0.76
112.06,0.02212,-0.00611,-0.30668,0.08918,-0.01226,4.4643,14.9798,0.76
112.08,0.02205,-0.00611,-0.30692,0.08901,-0.01201,4.4643,14.9798,0.76
112.1,0.02198,-0.00611,-0.30715,0.08887,-0.01108,4.4643,14.9798,0.76
112.12,0.02191,-0.00609,-0.30736,0.08875,-0.01045,4.4643,14.9798,0.76
112.14,0.02185,-0.00609,-0.30757,0.08869,-0.01126,4.4643,14.9798,0.76
112.16,0.02179,-0.00608,-0.30777,0.08868,-0.01011,4.4643,14.9798,0.76
112.18,0.02172,-0.00607,-0.30796,0.08868,-0.0092,4.4643,14.9798,0.76
112.2,0.02165,-0.00606,-0.30813,0.08867,-0.00835,4.4643,14.9798,0.76
112.22,0.02157,-0.00605,-0.30829,0.08867,-0.00852,4.4643,14.9798,0.76
112.24,0.02151,-0.00605,-0.30845,0.08867,-0.00836,4.4643,14.9798,0.76
112.26,0.02144,-0.00603,-0.30861,0.08867,-0.00764,4.4643,14.9798,0.76
112.28,0.02138,-0.00603,-0.30875,0.08867,-0.00754,4.4643,14.9798,0.76
112.3,0.02133,-0.00603,-0.30889,0.08868,-0.00717,4.4643,14.9798,0.76
112.32,0.02128,-0.00604,-0.30899,0.08868,-0.00538,4.4643,14.9798,0.76
112.34,0.02124,-0.00606,-0.30907,0.08868,-0.00423,4.4643,14.9798,0.76
112.36,0.02123,-0.00607,-0.30913,0.08868,-0.00322,4.4643,14.9798,0.76
112.38,0.02122,-0.00609,-0.30915,0.08869,-0.00076,4.4643,14.9798,0.76
112.4,0.02122,-0.00613,-0.30915,0.08869,-0.00075,4.4643,14.9798,0.76
112.42,0.02121,-0.00615,-0.30916,0.0887,-0.00078,4.4643,14.9798,0.76
112.44,0.02119,-0.00617,-0.30916,0.0887,-0.00071,4.4643,14.9798,0.76
112.46,0.02118,-0.00619,-0.30917,0.0887,-0.00098,4.4643,14.9798,0.76
112.48,0.02116,-0.0062,-0.30918,0.0887,-0.00114,4.4643,14.9798,0.76
112.5,0.02114,-0.00621,-0.30919,0.0887,-0.00112,4.4643,14.9798,0.76
112.52,0.02112,-0.00621,-0.30921,0.0887,-0.00116,4.4643,14.9798,0.76
112.54,0.02107,-0.00623,-0.30922,0.08869,-0.00106,4.4643,14.9798,0.76
112.56,0.02098,-0.00621,-0.30923,0.08869,-0.00109,4.4643,14.9798,0.76
112.58,0.02091,-0.00621,-0.30925,0.08869,-0.00089,4.4643,14.9798,0.76
112.6,0.02085,-0.0062,-0.30926,0.08869,-0.00097,4.4643,14.9798,0.76
112.62,0.0208,-0.00619,-0.30926,0.08869,-0.00081,4.4643,14.9798,0.76
112.64,0.02077,-0.00619,-0.30927,0.0887,-0.00074,4.4643,14.9798,0.76
112.66,0.02076,-0.00619,-0.30928,0.0887,-0.00075,4.4643,14.9798,0.76
112.68,0.02076,-0.00618,-0.30929,0.0887,-0.00076,4.4643,14.9798,0.76
112.7,0.02075,-0.00618,-0.3093,0.0887,-0.0009,4.4643,14.9798,0.76
112.72,0.02074,-0.00617,-0.30931,0.0887,-0.00099,4.4643,14.9798,0.76
112.74,0.02073,-0.00614,-0.30932,0.0887,-0.00059,4.4643,14.9798,0.76
112.76,0.02072,-0.00613,-0.30933,0.08871,-0.00076,4.4643,14.9798,0.76
112.78,0.02071,-0.00612,-0.30934,0.08871,-0.00063,4.4643,14.9798,0.76
112.8,0.0207,-0.00611,-0.30935,0.08871,-0.00066,4.4643,14.9798,0.76
112.82,0.02069,-0.00611,-0.30935,0.08872,-0.00065,4.4643,14.9798,0.76
112.84,0.02068,-0.00609,-0.30935,0.08872,-0.00066,4.4643,14.9798,0.76
112.86,0.02067,-0.00608,-0.30935,0.08872,-0.00062,4.4643,14.9798,0.76
112.88,0.02066,-0.00606,-0.30935,0.08873,-0.00039,4.4643,14.9798,0.76
112.9,0.02065,-0.00604,-0.30935,0.08873,-0.00054,4.4643,14.9798,0.76
112.92,0.02064,-0.00605,-0.30934,0.08874,-0.00034,4.4643,14.9798,0.76
112.94,0.02063,-0.00605,-0.30934,0.08875,-0.0004,4.4643,14.9798,0.76
112.96,0.02062,-0.00605,-0.30933,0.08875,-0.00037,4.4643,14.9798,0.76
112.98,0.0206,-0.00605,-0.30932,0.08876,-0.0003,4.4643,14.9798,0.76
113.0,0.02059,-0.00604,-0.30932,0.08876,-0.00054,4.4643,14.9798,0.76
113.02,0.02058,-0.00605,-0.30931,0.08877,-0.00049,4.4643,14.9798,0.76
113.04,0.02057,-0.00604,-0.30931,0.08877,-0.0007,4.4643,14.9798,0.76
113.06,0.02055,-0.00604,-0.30931,0.08877,-0.00058,4.4643,14.9798,0.76
113.08,0.02054,-0.00605,-0.3093,0.08878,-0.0005,4.4643,14.9798,0.76
113.1,0.02054,-0.00605,-0.3093,0.08878,-0.00088,4.4643,14.9798,0.76
113.12,0.02053,-0.00605,-0.3093,0.08878,-0.00072,4.4643,14.9798,0.76
113.14,0.02052,-0.00606,-0.30929,0.08878,-0.001,4.4643,14.9798,0.76
113.16,0.02051,-0.00607,-0.30929,0.08878,-0.00077,4.4643,14.9798,0.76
113.18,0.02051,-0.00609,-0.30928,0.08878,-0.00071,4.4643,14.9798,0.76
113.2,0.0205,-0.0061,-0.30928,0.08878,-0.00074,4.4643,14.9798,0.76
113.22,0.02049,-0.0061,-0.30929,0.08878,-0.00084,4.4643,14.9798,0.76
113.24,0.02049,-0.00611,-0.30929,0.08878,-0.00091,4.4643,14.9798,0.76
113.26,0.02048,-0.00612,-0.30929,0.08877,-0.00092,4.4643,14.9798,0.76
113.28,0.02047,-0.00611,-0.3093,0.08877,-0.001,4.4643,14.9798,0.76
113.3,0.02046,-0.00609,-0.30932,0.08876,-0.00114,4.4643,14.9798,0.76
